# Traducción al español de las oraciones de ejemplo (Tatoeba, CC BY 2.0 FR).
# Traducidas del chino con ayuda de IA; para corregir una, edita la línea y vuelve a correr construir_db.py.
id_oracion	espanol
12	Esto nunca se va a terminar.
14	Era un conejo malintencionado.
44	Eso significa que hay un problema…
49	Cuando sea grande quiero ser rey.
78	Esta habitación tiene muy buena orientación.
94	Vivo con mis padres.
103	Me gasté todo el dinero del viaje.
106	A él le gusta viajar. A mí también.
108	Recibí una invitación.
115	Ese descubrimiento fue pura casualidad.
117	Mi hermano menor a menudo se queda despierto toda la noche.
120	¿Participas en las actividades de algún club?
141	¿Puedo pagar con cheque?
150	¡Ah, conozco a este hombre!
159	Tomas demasiado café.
162	El termómetro suele marcar menos de cero grados.
217	Es posible que gane la competencia.
223	Él lleva este asunto grabado en el corazón.
226	Una roca cayó desde arriba.
229	Su esfuerzo no dio resultados.
235	Es inútil discutir con ella.
251	Sírvete tú mismo el pastel.
259	Tenemos mucho público.
267	La próxima semana voy a Vancouver a ver a mi hermana menor.
276	Él le pidió que le diera un trato preferente.
290	Unos minutos después, sonó el teléfono.
293	Los niños se lavaron los pies.
300	El número de espectadores es enorme.
303	No tengo prejuicios contra los empleados extranjeros.
304	Mañana a las ocho de la mañana paso por ti.
309	Él tiene muchos libros de historia.
312	Los edificios se sacudieron durante el terremoto.
316	Su régimen sin duda se derrumbará.
317	El ladrón se escabulló rápidamente entre la multitud.
345	¿Cuántos chicos hay en esta clase?
351	También fuimos al templo.
353	En realidad no hacía falta que trajeras paraguas.
356	La situación empeora día con día.
359	Nadie corría delante de él.
371	Tengo una familia grande.
374	Me llevé tu paraguas por error.
383	Me interesa la fotografía.
384	Compré una lámpara antigua.
385	Puedes ir allá en barco.
391	Ellos viven muy felices.
396	Él explicó brevemente sus razones.
401	Él se perdió en el bosque.
406	Te voy a enseñar a manejar.
411	Estoy harto de mi trabajo.
413	Quiero otra cerveza.
434	Déjame ver esas fotos.
435	El excusado no le baja bien el agua.
439	En cuanto ella llegue, empezamos.
440	No le encuentro ningún defecto.
448	Ella se puso el sombrero.
467	Normalmente me baño en la noche.
471	¿Me puedes dar un poco más de té?
476	Le brotaron lágrimas de los ojos.
484	El payaso hizo una mueca.
491	A nuestro país no le falta petróleo.
494	Papá está muy impaciente hoy.
503	Esta canción me hizo extrañar mi casa.
508	Lo sancionamos según lo establecido.
511	¿Cuál es el número de mi habitación?
519	Él regresará muy pronto.
531	Vale la pena considerar tu propuesta.
537	Nos la encontramos por casualidad.
547	Porque quiero ser traductor.
552	Después de lavar los platos vi la televisión.
559	Aplaudimos a los artistas.
570	Comemos pan con mantequilla.
584	Te voy a hacer una receta.
585	No te metas en los asuntos de los demás.
588	Ella está sentada debajo de un árbol.
591	Los japoneses renunciaron a la guerra.
597	Su tristeza es indescriptible.
601	Él creció en Australia.
608	Admiro mucho su talento.
611	Un error mínimo al principio lleva a un error enorme al final.
612	Hoy me va a estallar la cabeza de dolor.
624	Me golpeé la cabeza con la puerta y se me hizo un chichón.
629	Por favor, sube un poco la temperatura del aire acondicionado.
632	¿Tengo alguna otra opción?
639	El tren se retrasó por la nevada.
640	Esta pera huele muy bien.
699	Quien siembra melones cosecha melones; quien siembra frijoles cosecha frijoles.
723	Este vestido es muy barato.
734	A él le cuesta mucho escribir su nombre.
737	No mires dentro de mi cuarto.
760	Cuando el agua hierve se convierte en vapor.
766	Mi actitud hacia él cambió.
782	Un hombre feo tocó a mi puerta.
784	La capital de Japón es Tokio.
785	Mesero, quiero ordenar.
788	Ahora es el momento de actuar.
802	Ellos subieron hasta la cima del acantilado.
810	Hacer ejercicio es bueno para la salud.
819	Él siempre toma su café negro.
821	Este escritorio es de madera.
826	¡Cómo se atreve a abrir mi carta!
834	El significado de esta oración es ambiguo.
844	Tienes que cambiar de tren en Shibuya.
847	Tengo muchos amigos que me ayudan.
855	Mi hermana menor por ahora no estudia.
857	A mi papá no le gusta el futbol.
861	En otoño se caen las hojas de los árboles.
869	¿Por cuánto tiempo me puedo llevar prestado este libro?
901	Él espera haberlo logrado.
908	Ahora mi papá no está en casa.
914	Mi amigo tiene diecisiete años.
916	Los caracteres chinos son muy bonitos.
920	Nuestra escuela está en el centro de la ciudad.
929	En Kioto hay muchas universidades.
951	Su hermana mayor es mayor que mi hermano mayor.
961	Subimos una cuesta empinada.
973	¿Quién es tu maestro de chino?
983	Mi maestro de chino es hombre.
997	Mamá es cinco años mayor que papá.
998	Li Hong habla francés mejor que Wang Yue.
1010	Ella es amable y cordial con todo el mundo.
1012	Ya estoy lleno, gracias.
1015	Deja la escalera apoyada contra la pared.
1026	¿Puedes adivinar mi edad?
1035	Ella tiene toda clase de mascotas.
1071	Ayer llegó tarde a la escuela.
1076	Mañana tenemos un examen.
1077	Da Vinci veía más lejos que los demás.
1095	Él se hizo a un lado para dejar pasar el camión.
1110	¿Mañana volverá a hacer mucho calor?
1120	Él estiró el brazo.
1121	Él sale a caminar todas las mañanas.
1130	Ese es un edificio alto, ¿verdad?
1143	Antes del viaje, me corté el pelo.
1151	De niño solo usaba pantalones.
1159	Necesito una medicina para calmar el dolor.
1201	El perro vino corriendo hacia mí.
1204	El pescado y el vino tinto no combinan.
1219	Ahora me duele un poco la cabeza.
1227	Mi hermana menor se parece mucho a mi mamá.
1232	Todos juegan al juego del amor.
1262	Enseñar inglés es su profesión.
1270	Los jueves en la noche la cerveza es gratis.
1274	Cuando el agua se congela se vuelve sólida.
1281	Él guardó sus juguetes.
1286	Cada país tiene sus propias costumbres.
1288	Londres, la capital del Reino Unido, está a orillas del río Támesis.
1291	No podría estar más cansado.
1313	Algún día me olvidarás.
1346	Muchas casas fueron arrastradas por la inundación.
1364	Mi padre fue mejorando poco a poco.
1373	Estados Unidos y Canadá son vecinos.
1384	Su madre seguirá trabajando.
1387	El médico le dijo que guardara reposo.
1389	A él una vez le otorgaron una medalla de oro.
1391	Su cuarto está hecho un desastre.
1394	Tenemos que irnos a la escuela.
1395	Dudo que venga.
1403	Se me partieron los labios.
1418	Dicen que el amor es ciego.
1426	Necesito una computadora nueva.
1429	Ella rechazó mi ayuda económica.
1432	Fuimos al parque a tomar fotos.
1436	Este libro tiene muchas ilustraciones.
1466	Se quedaron boquiabiertos del susto.
1472	Disculpe, ¿dónde están los huevos?
1512	"A ella le gusta la música". "A mí también".
1526	"¿Qué pasa?", preguntó el conejito blanco.
1546	Esta bicicleta es mía.
1552	La noticia le rompió el corazón.
1566	Este trabajo no tiene paga.
1575	Hay un caminito que atraviesa los campos.
1579	Hace mucho que no lo veo.
1586	Intenta ser un poco más generoso y tolerante.
1601	Seguro que se van a enamorar.
1610	Esta medicina te hará sentir mejor.
1620	El niño escucha la radio acostado.
1621	Esto es la oficina de correos y eso es el banco.
1622	Su casa es pequeña y vieja.
1628	La lluvia ácida no es un fenómeno natural.
1634	Había mucha gente en el concierto.
1635	¿Puedo descansar un rato?
1637	El cuerpo del pájaro está cubierto de plumas blancas.
1647	La policía les dijo: "¡Alto!".
1652	Todas las mañanas saco a pasear al perro en el parque.
1655	Fumar le afectó los pulmones.
1670	¡De verdad no tienes prioridad!
1683	Tenemos que respetar las reglas.
1696	Si te vas o te quedas, como tú quieras.
1718	¿A qué hora empieza la función?
1727	Se cortó la mano izquierda con un cuchillo.
1729	Él reveló mi secreto.
1731	¿Con qué derecho me dices que me vaya?
1732	No sirve de nada decir esto.
1733	A ella le gusta llamar la atención de los chicos.
1739	Salía humo de la chimenea.
1750	Te aconsejo que nunca gastes más de lo que ganas.
1783	Cuando eres joven deberías abrir tu mente.
1786	Aprendí a vivir sin depender de ella.
1790	Mañana él pisará la Luna.
1845	No se gana nada haciendo esto.
1846	Este intento es absurdo.
1860	¡No hablo francés lo suficientemente bien!
1862	No subestimes mi fuerza.
1864	Este diamante no es auténtico.
1893	Esto no es precisamente una sorpresa, ¿verdad?
1909	Él gana todo lo que puede.
1916	Él juega muy bien al tenis.
1922	¿Qué significa esta palabra?
1931	Él echó un vistazo a su reloj.
1954	¿Quién es tu maestro de chino?
1968	¡Estos fuegos artificiales son espectaculares!
1973	Se tragó detergente por accidente.
1974	Alguien se puso mis zapatos por error.
1995	¿Dónde está la iglesia más cercana?
2008	La guerra no es inevitable.
2016	Soy el líder de este equipo.
2024	Hace mucho que no fumo.
2028	Esta pareja tuvo un hijo.
2030	Vi allá una cascada muy bonita.
2032	Una ola de frío azotó Europa.
2035	Hay unas tijeras sobre el escritorio.
2039	Deberías ser un poco más sensato.
2056	Él me dio una explicación detallada.
2062	El cuarto de los niños está muy desordenado.
2076	Querida, bailemos.
2091	Él le entregó la carta a la secretaria.
2101	Este pavo sabe muy bien.
2107	¿Cuál fue la causa de la explosión?
2124	¿Cuántas veces te lo tengo que decir?
2152	La vi el otro día.
2188	Esa tienda tiene muchos clientes.
2210	El médico la curó de su enfermedad.
2216	Quiero ser guitarrista.
2228	Compraron una caja de galletas.
2245	Déjame llevar tu equipaje.
2250	En el universo hay muchas galaxias.
2254	Esta falda te queda muy bien.
2257	Atacaron al enemigo.
2258	El ataque no los afectó.
2271	¡Qué bueno sería que dejara de llover!
2272	El cachorro me mordisquea la mano como loco.
2284	Muchas empresas pequeñas quebraron.
2288	El niño montó a caballo por primera vez.
2302	Ella contrajo una enfermedad grave.
2310	Él habla francés con mucha fluidez.
2313	Todos soltaron una carcajada.
2316	Él merece un ascenso.
2320	El dolor es insoportable.
2325	El salón está decorado con pinturas japonesas.
2330	Anoche volvimos a discutir.
2335	¿Cómo va tu trabajo?
2339	Al final terminó arruinando su salud.
2350	El cuarto de mi papá es muy amplio.
2359	¿Cuándo se casó ella?
2362	No soporto verla.
2369	La presa protegió a la ciudad de las inundaciones.
2375	¿Qué tal si salimos a cenar esta noche?
2377	Él no levantó la mano.
2380	Quiero dar la vuelta al mundo en barco.
2390	Él se pondrá en contacto con usted directamente.
2398	El humo sube al cielo.
2411	El autobús por fin se detuvo.
2412	El próximo año quiero ir a estudiar al extranjero.
2416	Ella alzó la voz.
2426	Él es guapo e inteligente.
2444	Una serie de explosiones dejó el laboratorio en ruinas.
2450	A él le gusta tomar el café sin azúcar.
2453	Él entró corriendo al cuarto con la ropa puesta.
2459	Él es un experto en planeación urbana.
2462	Él partió rumbo a Canadá.
2472	La sentencia fue desfavorable para el gobierno.
2478	No creas lo que dice.
2480	Al caer la noche, la sombra de los árboles se proyecta en la pared.
2488	Lo metieron en un lío.
2489	Él es algo animado.
2493	¿Podemos hablar en privado?
2494	Ella es una niña terca.
2501	Vimos la colina.
2507	No importa si te gusta o no.
2531	El bebé se quedó dormido en la cuna.
2540	Esa es precisamente la clave del problema.
2553	¿Te llevas bien con tu jefe?
2583	Parece que no es tan fácil…
2605	Que tengas un buen día.
2614	El total de estas cifras no cuadra.
2620	Parece que va a llover.
2626	Algunas personas solo buscan el placer.
2642	El filo de este cuchillo es muy agudo.
2663	El pueblo está lleno de vida.
2669	¿Quieres bailar conmigo?
2678	De repente el cielo se llenó de viento y nubes.
2680	Hay una gran nube negra en el cielo.
2681	El bebé todavía no sabe usar la cuchara.
2697	Expresar públicamente el amor por alguien.
2698	¿Cuál es tu fruta favorita?
2702	¿Qué es más rápido, el barco o el tren?
2703	Tus palabras y tus actos deben ser coherentes.
2714	La lluvia fuerte desbordó el río.
2750	Él dejó de fumar hace dos años.
2753	Ella ha pasado por muchas dificultades.
2766	Su nuevo libro recibió buenas críticas.
2773	Vale la pena ver esta película.
2774	Nadie fue a la fiesta.
2779	¿Cuántos coches tiene Alex?
2821	¿Tienes algo que decir?
2824	Al principio nadie me creía.
2868	Ella rechazó su invitación.
2871	Por cierto, ¿a qué te dedicas?
2882	Soy empleado de banco.
2883	Me temo que no puedo ayudarte.
2954	Me da mucho gusto volver a verte.
2959	La fruta fresca es buena para el cuerpo.
2966	Ella se ve muy sola.
2973	Aprovecha bien esta oportunidad.
2984	No hablen dentro del salón de clases.
2987	Esta empresa planea expandirse.
3008	Me preocupa mucho su salud.
3017	Estas botas son de cuero.
3024	Todavía no escribo bien en chino.
3026	Por favor, pásame ese libro.
3027	Por favor, pague en esta ventanilla.
3035	La fiesta terminó a las nueve.
3038	Soy oficinista.
3040	Ella no tiene ni un solo enemigo.
3049	No puedes ignorar tus responsabilidades.
3058	Tuve que pedirle disculpas.
3080	¿Puedes levantar esta piedra?
3097	Parece que ella va a cambiar de opinión.
3100	Nadie se fijó en ella.
3110	Por favor, despiértame a las seis y media.
3114	El presidente está ahora en Miami.
3133	Deberías portarte mejor.
3134	Ella perdió las llaves del coche.
3141	Él casi nunca ha abierto un libro.
3152	Ella va a terminar con su novio.
3154	Construí un avión a escala.
3167	Ella es una persona muy difícil de tratar.
3175	A la mayoría de los gatos no les gustan los perros.
3182	Las personas sordomudas hablan en lengua de señas.
3183	Están ahorrando para comprar una casa.
3198	La guarnición se vio obligada a rendirse.
3214	Vas a cumplir tu promesa, ¿verdad?
3231	Escribí la respuesta con cuidado.
3244	Su esposa es francesa.
3259	La curiosidad te traerá problemas.
3269	Anoche nevó mucho.
3272	Esta leche tiene un olor raro.
3313	Ella le creyó enseguida.
3323	Comimos al mediodía.
3328	Los números lo cautivaron.
3331	¿Más o menos cuánto tiempo va a tomar?
3350	Las hortensias florecen en junio.
3351	Él todavía es un novato en los negocios.
3353	Es vergonzoso no cumplir una promesa.
3360	¿Por qué faltaste ayer?
3394	Hoy voy a preparar la cena.
3402	No soporto este ruido.
3411	Él no hace caso a mis consejos.
3420	Él no tiene opinión propia.
3431	Por favor, deja de pensar en esto.
3435	Nuestros intereses son totalmente distintos.
3439	Creo que este pez es de agua dulce.
3446	Hanako está decidida a ir a París.
3450	El comercio ayuda al desarrollo del país.
3457	Por favor, quítese el sombrero.
3462	Ella ama profundamente a su hijo.
3469	El hierro y el oxígeno son elementos químicos.
3512	El vendedor lo engañó.
3515	Mi papá fuma muchísimo.
3533	Taro, ¿nos vas a ayudar?
3535	El ambiente de este lugar es muy misterioso.
3541	No me gusta mucho ver la televisión.
3554	Por favor, lléveme al hotel Hilton.
3560	Quiero ser millonario.
3574	¿Ustedes están a favor o en contra?
3612	Quiero abrir una cuenta de ahorros.
3633	Su actitud me da asco.
3641	El hierro es un metal útil.
3665	Lo que dijo me dio mucha vergüenza.
3691	¿Qué impresión tienes de Estados Unidos?
3707	Un desconocido entró al edificio.
3711	Mañana me voy a quedar en casa.
3735	Japón es pobre en recursos naturales.
3737	Sobre todo, hay que tener paciencia.
3746	Le presté una revista.
3759	Él usa muy bien el cuchillo y el tenedor.
3761	Él considera este premio el máximo honor.
3765	No jueguen softbol en el parque.
3794	La leche es un alimento muy bueno.
3796	Ella no toca muy bien el piano.
3810	No hace falta que seamos tan formales.
3815	Parece que no ha podido dormir varias noches.
3819	Él puso la cabeza sobre la almohada.
3842	La próxima semana lo explicaré en detalle.
3843	Bajen las armas.
3852	Él es un adolescente inteligente.
3861	Un cocodrilo le mordió la pierna.
3865	Estamos ocupadísimos.
3948	Ella gasta mucho dinero en ropa.
3957	Se espera una buena cosecha de arroz este año.
3967	Un patio con pinos plantados.
3982	No le abras la puerta a nadie, venga quien venga.
3993	¿Quién se llevó mi bolsa?
3994	El primer paso es el más difícil.
4001	Llegó alguien a la entrada.
4023	Su papá es japonés.
4025	Él es un japonés típico.
4028	Él tiene un lápiz en la mano.
4034	No hace falta que vengas a propósito a mi casa.
4047	Ayer le hice un favor.
4071	No sé.
4072	Las dos calles son paralelas.
4074	Sus quejas no tienen fin.
4076	La población mundial tiende a aumentar.
4106	¿No cerraste bien el coche?
4111	Su habilidad es reconocida por todos.
4116	Es un honor conocerte.
4121	Hay muy pocos programas de televisión que valgan la pena.
4169	Al conductor lo acusaron de exceso de velocidad.
4195	Lo encontré el día anterior.
4197	En este pueblo no hay contaminación del aire.
4198	Por favor, adjunte el certificado de calidad.
4207	Parece que se viene una tormenta.
4220	Olvida este asunto de inmediato.
4224	Olvidé su nombre.
4226	Olvida las cosas tristes.
4231	Nunca te olvidaré.
4250	Después de tres copas, el hombre se emborrachó.
4259	Le voy a dar una pluma.
4260	Ellos hablan con acento del sur.
4266	Él estuvo callado todo el día.
4269	Te toca responder la pregunta.
4284	Creo que él va a tener éxito.
4301	Ella está tan flaca que está en los huesos.
4312	Ella tiene una muñeca bonita.
4317	En este pueblo no hay fábricas.
4326	Ella será una buena esposa para él.
4330	Al cruzar la calle, se resbaló.
4334	A él le gusta cantar canciones pop.
4341	Hay un teléfono en mi cuarto.
4363	Le debo mi éxito a él.
4365	Hubo un incendio forestal en esta zona.
4371	Ella hablaba con voz débil.
4401	Ella es una estafadora astuta.
4416	Él siempre llega puntual a sus citas.
4419	Los heridos fueron trasladados fuera del lugar.
4434	La salud es más importante que la riqueza.
4442	A él no le va bien en la escuela.
4455	Estoy tan emocionado que no puedo dormir.
4479	Mi hermana menor canta muy bonito.
4498	El bebé duerme en la cuna.
4499	Pasó un largo día.
4503	Ella me dio un recorrido por el campus.
4521	Por favor, corrige mi pronunciación.
4544	Él escribe un inglés correcto.
4545	Tu juicio es correcto.
4577	El cielo está lleno de estrellas.
4609	El departamento de juguetes está en el quinto piso.
4611	¿Dónde está el módulo de información?
4613	Él se rio de corazón.
4624	Él sacudió el hombro de su hijo.
4625	No puedes mover ese piano.
4631	Su bicicleta chocó contra el barandal.
4636	Caminamos rumbo al norte.
4646	Él dice ser experto en finanzas.
4669	Ya probé todos los métodos.
4673	Me interesa mucho la natación.
4676	Parece que antes era muy rico.
4682	¿Puedes arrullar al niño para que se duerma?
4697	Esto pasó hace muy poco.
4717	Sus disculpas eran puro teatro.
4758	Compré dos camisas de algodón.
4761	Todos hablan mal de mí.
4777	Él hablaba con los ojos brillantes.
4791	La escarcha todavía no ha empezado a derretirse.
4797	Disculpe, me perdí.
4807	Hoy fui al dentista.
4829	Su apariencia me engañó.
4837	Él construyó un robot.
4841	Me aseguró que me devolvería el dinero.
4843	Vivir una vida libre y apasionada.
4844	Me gusta más la poesía lírica que la épica.
4853	Su hijo está haciendo el servicio militar.
4855	Ella pidió ver al gerente.
4868	Él está cada vez más alto.
4880	Tomé el elevador al cuarto piso.
4887	Toda la familia trabaja en la granja.
4894	Quiero invitarte a la fiesta.
4914	Él tiró muchas cartas viejas.
4921	Siéntate a descansar un rato.
4936	De repente hizo más calor.
4938	El clima se templó de repente.
4943	En este país llueve poco.
4981	Todo el mundo ha de morir algún día.
5011	Todos ustedes son unos cobardes.
5012	Vuelve cuando las ranas críen pelo.
5065	Le compré una revista.
5079	No te desanimes, sigue escribiendo.
5080	El agua de este río es muy limpia.
5085	Estuvieron platicando de pie mucho tiempo.
5117	Nos dieron una calurosa bienvenida.
5122	Tampoco es seguro que todos ellos sean felices.
5131	El precio cambia según la demanda.
5135	La suciedad provoca enfermedades.
5136	Del dicho al hecho hay mucho trecho.
5155	Acabamos de limpiar el baño.
5162	No importa cuál escojas.
5236	Esta mesa pesa demasiado; no pudimos levantarla.
5238	Quien ama las flores es feliz.
5239	¿Qué está haciendo Ken ahora?
5247	Ella es pobre, pero muy feliz.
5251	¡Qué rápido es el nuevo tren bala!
5253	Él levantó la mano para parar un taxi.
5259	Me levanté como a las cinco.
5260	Mi hermana mayor está obsesionada con el tenis.
5262	¿Puedo salir temprano hoy?
5263	Ya no lo discutamos más.
5268	¿Me puede cambiar de habitación?
5278	Sato es la nueva secretaria del director general.
5283	¿Cuándo llegamos?
5287	¡Beber alcohol con el estómago vacío es malo para la salud!
5358	Se cayó el espejo retrovisor.
5361	Usamos palillos, no cuchillo y tenedor.
5371	El coche pasó a toda velocidad.
5379	Ella miraba a un lado y a otro.
5383	Ella echó un vistazo a su alrededor.
5392	Ella hojeó el libro con emoción.
5393	¿Quieres un poco más de pastel?
5407	Él hizo el doblaje de "Avatar".
5425	El profesor sonrió levemente.
5432	Una mujer me preguntó cómo llegar a un lugar.
5438	El fuego se propagó rápidamente en forma de abanico.
5445	La ardilla se escondió debajo de las ramas.
5453	Este periódico es gratuito.
5481	Esta mañana hubo un sismo.
5484	¿Podría cerrar la puerta, por favor?
5486	Él todavía no ha recobrado el conocimiento.
5494	¡Qué azul está el cielo!
5499	¿Te alcanza con tu sueldo actual?
5516	Con tan poca ropa te vas a resfriar.
5517	Vas muy desabrigado; cuidado con resfriarte.
5536	¿Qué demonios haces aquí?
5548	Ellos intercambiaron regalos.
5554	Cuando sale el sol, la niebla se disipa.
5561	¿Llegaremos a tiempo?
5562	¿Llegaremos puntuales?
5566	Asisto a la reunión en su lugar.
5567	Tenemos que guardar esto en secreto.
5573	En la tarde mamá va a lavar la ropa.
5578	Tienes que recordarlo muy bien.
5587	¿Me haces el favor de servirme un vaso de agua?
5594	El precio del oro cambia todos los días.
5622	Apoya la escalera contra la pared.
5630	Cada año se publican muchos libros.
5642	Él dijo que la Tierra gira alrededor del Sol.
5644	Todas las luces se apagaron al mismo tiempo.
5664	Las botellas de cerveza son de vidrio.
5676	Ayer le robaron la bolsa.
5687	Nadie puede controlarnos.
5693	Quiero pedirte prestados cincuenta yuanes.
5706	Pronto te vas a acostumbrar.
5708	Es una cuestión muy delicada.
5712	Gracias por venir especialmente a ayudarme.
5753	La cima del monte Fuji está cubierta de nieve.
5756	Sobre gustos no hay nada escrito.
5763	Hay mucha gente en el templo Sensoji.
5768	Salí del metro abriéndome paso con dificultad.
5790	Los pandas se alimentan de bambú.
5791	El vaso está lleno de leche.
5793	Buenas noches. Que sueñes bonito.
5803	¿En realidad lo has visto o no?
5822	Si te vas, te voy a extrañar mucho.
5858	Nuestro perro se queda en su casita.
5889	Pero él no cumplió su promesa.
5897	En esta habitación está prohibido fumar.
5899	¡Por favor, venga con su esposa!
5950	Ahora vivo en casa de mi tío.
5955	La alberca está abierta al público.
5958	Dos son compañía, tres son multitud.
5972	¿Esta es tu grabadora?
5973	En esa casa viven dos familias.
5990	Él regresó por su sombrero.
5999	Agrega un poco de yogur natural y leche de soya.
6017	Los días de lluvia me desaniman.
6037	Silencio, por favor: en el teatro está prohibido hacer ruido.
6041	Los dos son solteros.
6117	Él está ahorrando para ir a la universidad.
6142	En invierno uso un abrigo.
6144	Ella decora la pared con pinturas.
6145	Quiero volver a verlos.
6162	Los niños necesitan dormir mucho.
6174	Él está limpiando su cuarto.
6192	El anciano se ve muy triste.
6202	Estrictamente hablando, el jitomate es una fruta.
6220	Él intentó escribir un cuento.
6222	Las nubes taparon la luna.
6223	Mamá besó a su bebé.
6224	Él a menudo hace preguntas tontas.
6230	Esta semana estoy de vacaciones.
6250	Ella escribía poesía totalmente concentrada.
6252	Ella sonreía mientras saludaba con la mano.
6253	Creo que deberías ponerte a dieta.
6283	Estoy convencido de que él es inocente.
6286	Mi padre es un hombre trabajador.
6290	El ser humano es producto de su entorno.
6300	Se acercó un policía.
6303	Pospusimos la actividad.
6315	La rueda empezó a girar lentamente.
6326	El letrero dice "Salida".
6329	Su esposo planea publicar una revista mensual.
6332	Él me salvó la vida.
6336	Oí el susurro de las hojas.
6360	Él está muy lejos de ser honesto.
6367	Ve al jardín a cortar flores.
6372	¿Olvidé algo?
6381	Colecciono muñecas de distintos países.
6407	Jack decidió cancelar la reservación.
6426	Él me jaló hasta el segundo piso.
6441	Después de la carrera quedé agotado.
6445	Creo que este anillo de diamantes es un lujo excesivo.
6450	Pronto habrá un nuevo integrante en la familia.
6469	Tengo que hacerme responsable del error.
6470	Un tal señor Kay quiere verte.
6484	Los precios siguen subiendo de forma constante.
6495	No me atrevo a pedirle el coche prestado a mi jefe.
6499	Nació con una inteligencia perfecta.
6504	Su estado de salud es muy malo.
6526	Después de cenar lavé los platos.
6537	Por favor, cierra los ojos.
6540	Él creció en una familia de artistas.
6541	Se rompió la pierna esquiando.
6548	Él se secó el sudor de la cara.
6567	Este lugar está mal comunicado.
6568	Quiero comer pescado fresco.
6578	Todo sigue las leyes de la naturaleza.
6593	Mi padre puso el despertador a las seis.
6623	Él se enojó muchísimo conmigo.
6651	Ese accidente provocó un caos vial.
6657	Le exigí que se fuera de inmediato.
6669	Este abrigo es impermeable.
6671	De repente me dio un dolor de estómago terrible.
6676	Tú sabes nadar, pero yo no.
6682	Lo que pido no es exagerado.
6683	Si lo vas a hacer, hazlo bien.
6685	¡Estos días estoy muy ocupado!
6687	No tengo gran cosa que ofrecerte.
6699	No deberías juzgar a la gente por su apariencia.
6734	¿Cómo te atreves a hablarme así?
6747	Parece que el rumor era cierto.
6754	¿A qué revistas estás suscrito?
6770	Describe este accidente con detalle.
6806	¿De dónde vino él?
6823	Este cuchillo no está lo bastante afilado.
6824	¿Cuál es tu estación del año favorita?
6862	Él me dio comida y dinero.
6895	Necesitas distinguir entre el bien y el mal.
6916	Él ha probado todo lo dulce y lo amargo de la vida.
6942	De cena a medianoche comí fideos instantáneos.
6980	Hombres y mujeres trabajando juntos, el trabajo no cansa.
6989	Nadie puede decir la razón.
7001	Un minuto tiene sesenta segundos.
7012	Los boletos se agotaron en una semana.
7019	Prefiero la ciencia ficción.
7033	Paseamos por la orilla del lago.
7038	Celebramos su cumpleaños.
7115	Él cuida a los niños en casa.
7118	Ayer él escribió una carta.
7129	Mi hermano menor tiene once años este año.
7135	Papá siempre lo ha animado.
7144	¿Dónde está la entrada del museo?
7159	Xiao Wang, ¿en qué año naciste?
7171	Me da mucho gusto conocerlos.
7174	Déjenme presentarlos.
7199	Creo que probablemente no vendrá.
7209	No, gracias. Ya estoy lleno.
7243	No te apures, todavía hay mucho tiempo.
7259	Este reloj es resistente a los golpes.
7280	¿Puedes dar algunos ejemplos?
7295	Esta casa necesita reparaciones.
7310	De verdad no sé si reír o llorar.
7316	Este abrigo no tiene bolsillos.
7332	No estoy acostumbrado al trabajo pesado.
7362	El ganso es un ave acuática.
7373	Nunca dije que fuera frágil.
7375	Odio escuchar tus quejas.
7404	Un niño está tocando el arpa.
7409	Mi casa es completamente segura.
7415	Él estaba empapado de pies a cabeza.
7421	La Suprema Corte está cerca del palacio imperial.
7436	No hay de qué, siéntate donde quieras.
7447	No soporto a este tipo.
7465	¿Cuál es la ventaja de esta tecnología?
7471	Tengo tos y un poco de fiebre.
7489	¿Quieres vino blanco o tinto?
7491	La paloma blanca es un ave hermosa.
7496	¿Dónde está la entrada del museo?
7514	Él escribe artículos de manera muy subjetiva.
7526	Las palabras dulces y las caras amables rara vez van con la bondad.
7540	Vi a su mamá regañándolo.
7547	Él aceptó mi opinión.
7560	Mi hermano menor es tan alto como yo.
7593	Los pajaritos cantan alegremente.
7640	Por favor, dame algunos consejos.
7693	¿Dónde puedo encontrar pasta de dientes?
7700	¿Quién organizó esta reunión?
7712	Vi una montaña por primera vez.
7720	¿Cuánto tiempo te vas a quedar aquí?
7734	¿Existe una historia objetiva?
7735	Ese tipo sabe muy bien quedar bien con el jefe.
7736	Es muy peligroso nadar aquí.
7746	De pronto ella rompió a llorar sin poder hablar.
7747	Él no tiene ningún sentido del humor.
7763	Me gusta el sabor de la sandía.
7770	Él será un buen esposo.
7806	¿Dónde está la oficina de objetos perdidos?
7817	Por favor, despiértame a las ocho.
7837	Ese cantante me gusta bastante.
7879	Ayer tuve fiebre alta.
7889	Doblé un avión de papel.
7907	Ella es peor que él en matemáticas.
7924	De antemano, gracias por tu ayuda.
7926	Ella debería aceptar su destino.
7935	Gota a gota el agua forma un lago.
7948	¿Me puedes cantar una canción de los Beatles?
7954	La igualdad está garantizada por la Constitución.
7959	No, la comida china es la mejor.
7975	Él aceptó su regalo.
7976	Me gradué de la universidad el año pasado.
7997	Enfrente, en diagonal, hay una tienda de conveniencia.
7998	Hay una tienda de conveniencia en diagonal al otro lado de la calle.
8007	Estos hermanos se odian.
8023	La niña sonrió feliz.
8025	¿Ya fuiste al médico?
8031	Eso no es un cuchillo. ¡Esto sí lo es!
8072	Tu hermano mayor es excelente; aprende de él.
8079	Todo esto es muy importante para mí.
8090	Este libro se publicará el próximo año.
8148	Un grupo de jóvenes me robó el dinero.
8188	Esta mañana vi a un ángel.
8254	El aire del bosque es muy puro.
8284	Él siente curiosidad por todo.
8291	Me duele la garganta al tragar.
8299	Aléjate de ese estanque.
8312	Tu cuenta ya no tiene dinero.
8316	La harina se hace de trigo.
8320	¿Quién rompió el florero?
8324	Tengo mucha tarea que hacer.
8327	Mi hermano es un tonto.
8354	Lo que dice, lo cumple.
8359	Al abrir la puerta, arranqué la manija.
8394	Ella llevaba un qipao rojo.
8407	En ese momento yo estaba viendo la televisión.
8416	Esta máquina es muy fácil de manejar.
8438	¿Has estado alguna vez en el extranjero?
8441	¿Pasaste una feliz Navidad?
8486	Los dos están en el cuarto.
8493	Ella dedicó toda su vida a la educación.
8495	Este precio incluye impuestos.
8513	Ellos viven cerca de la escuela.
8519	Muchas gracias por tu regalo.
8557	Ese avión despega a las cinco.
8565	Todos quieren sentarse a su lado.
8594	La reunión termina mañana.
8654	¿Cómo es el clima allá?
8673	¿No es una alegría que venga un amigo desde lejos?
8674	Disculpe, ¿cómo llego a la estación de tren?
8675	¿En esa tienda venden cuadernos?
8703	¿Quieres tocino o salchicha?
8729	Papá, ¿qué estabas haciendo hace un momento?
8753	Él es un estudiante flojo.
8769	Este trabajo no necesariamente es fácil.
8790	Él estudió apreciación literaria.
8818	Apuesto a que mañana va a llover.
8819	Él no vive en mi colonia.
8846	Japón carece de materias primas.
8862	Cuelga ese cuadro en la pared.
8869	Esta manzana empieza a pudrirse.
8874	La madera flota en el agua.
8878	Él y su amigo están sentados en una banca.
8902	Junto a mi casa hay varias tiendas.
8919	Debemos cuidarnos a nosotros mismos.
8922	¿Tiene algo que decirme?
8929	No sé qué hacer.
8938	La fuerza por sí sola no garantiza la victoria.
8958	Son las ocho y cuarto.
8982	Él le estafó dinero a la anciana.
8996	Su sugerencia me hizo cambiar de opinión.
9000	La función del freno es detener el coche.
9003	Ah, sí, ya me acordé.
9017	Jugar tenis es muy bueno para la salud.
9018	Las nubes negras son señal de lluvia.
9024	Después de una siesta me siento lleno de energía.
9035	Anoche tuve un sueño bonito.
9052	Al que madruga, Dios lo ayuda.
9066	Subí a la cima del monte Fuji.
9086	Compré esta camiseta en rebaja.
9116	Me negué rotundamente.
9129	Hace mucho frío esta mañana, ¿verdad?
9142	El que calla otorga.
9156	Los ojos son la ventana del alma.
9172	Solo me queda un caramelo.
9183	Este juguete es de madera.
9188	¿Puede firmar aquí?
9195	¿La habitación tiene tina?
9214	¿Ese nombre es muy común?
9252	Él es experto en economía.
9272	El comandante ordenó a los soldados abrir fuego de inmediato.
9298	¿Tienen arroz pilaf vegetariano?
9301	Hay una mosca en la sopa de fideos.
9303	¿Cuántas brochetas de cordero asado quieres?
9304	¿Cuántas brochetas de cordero asado desea?
9308	¿A qué hora suelen salir del trabajo?
9332	¿Por qué insultas a los demás?
9340	Lo hice de verdad demasiado a la carrera.
9343	¡Destapa esta coladera!
9360	¡Deja de hacer travesuras!
9384	Él va alcanzándolos poco a poco.
9408	¿Hoy bajaste a hacer ejercicio?
9434	Quizás no regrese para el Año Nuevo chino.
9462	No hace falta; solo lavar y secar.
9463	¿Quiere lavado en seco o con agua?
9477	Córtelo un poco más parejo.
9494	No, no puedo hacer un negocio con pérdidas.
9506	Que las patas de cerdo queden bien suaves, ¿de acuerdo?
9524	¡Con lo que dices se me hace agua la boca!
9538	¿Qué instalaciones públicas hay?
9576	De acuerdo. ¿Desde la habitación se puede marcar directo larga distancia?
9581	¿Este autobús va al templo Jing'an?
9584	Me pasé de parada, ¿qué hago?
9603	¿Quiere asiento duro o litera?
9606	¿Cuántas horas se hace en tren de Shanghái a Zhengzhou?
9632	¡No olvides escribir el código postal!
9643	¿Y cómo se usa la tarjeta?
9647	Por favor, cámbieme este cheque de viajero por efectivo.
9667	Está bien. ¿Dónde vives?
9705	¡Qué caro! ¿Me lo puede dejar más barato?
9723	¡Ya está! Cinco jin por diez yuanes.
9724	¿Tu báscula tiene algún problema?
9826	¿Qué tal el apetito? ¿Tienes ganas de vomitar?
9979	Con luz verde, los vehículos que dan vuelta deben ceder el paso a los peatones.
9986	Todos valoramos la limpieza del entorno.
10001	¿El precio incluye el desayuno?
10003	Recuerdo haber visto a la reina.
10022	Anderson también les tiene miedo a los perros.
10046	Esta palabra deriva del griego.
10082	¿No quiere más té?
10098	Los ancianos necesitan a alguien con quien desahogarse.
10158	El tabaco es enemigo de la salud de los pulmones.
10199	Lo sentimos, en este momento la línea está ocupada.
10204	El próximo mes me voy a mudar.
10227	Dormimos en casa de mi tío.
10242	Las colinas están bañadas por el sol.
10264	Acepté ayudar a la anciana.
10277	Mamá, ¿dónde está mi pañuelo?
10289	El pueblo chino es muy trabajador.
10295	De verdad presenciamos el accidente.
10333	Este es un abanico chino.
10352	Él todavía tiene poca experiencia en el trabajo.
10390	Él perdió toda esperanza.
10397	¿Por qué no pruebas el sushi?
10430	Le tiene miedo al pescado y nunca lo come.
10442	Me obligaron a firmar ese papel.
10459	Tráeme mis lentes.
10466	No quiero broncearme.
10468	Él llenó la botella de agua.
10487	Me echaron del equipo de beisbol.
10514	Esta casa no es muy grande.
10519	No hay manera de comunicarme con él.
10520	No logro comunicarme con él.
10544	Él dio la siguiente respuesta.
10553	Nuestra comida es muy barata.
10591	Planeo ser ingeniero.
10594	Él toca el piano de maravilla.
10601	El humo le amarilló los dientes.
10605	Esta es una artimaña de Cao Cao.
10609	Lo siento, ya se acabaron los bollos al vapor.
10617	¿Cómo te va en los estudios?
10625	La ventana que él rompió es esta.
10626	Mis sueños se hicieron humo.
10627	Él fue a la reunión en mi lugar.
10641	El alcalde negó haber recibido sobornos.
10646	No evadas mi pregunta.
10648	Los pájaros son enemigos naturales de los insectos.
10652	Él amarró al perro a un árbol.
10654	Tenemos tres aviones.
10655	Tom, olvida tus preocupaciones.
10671	Aunque es joven, es muy sabio.
10678	Hoy el estanque tiene muchísima agua.
10694	No le tenemos miedo a ninguna dificultad.
10706	No conozco sus planes.
10707	No olvides apagar el cigarro.
10723	Él no dejaba de mirarle la cara.
10743	Él es un joven prometedor.
10752	Para aprender no hay edad.
10768	¿Sabes leer este carácter chino?
10777	Él tiene muy buen gusto estético.
10810	El buen vino no teme estar al fondo del callejón.
10828	¡Sigue tu intuición!
10886	Quien quiere culpar a alguien siempre encuentra un pretexto.
10901	Olvidé cerrar con llave la puerta de la bodega.
10914	La esperanza no es una estrategia.
10930	Sus ojos son azules.
10940	Tu comportamiento me sorprende.
10949	Esta es la persona que vive al lado.
10955	Peter decidió salir mañana.
10970	¡Lo que dices es totalmente cierto!
10988	Oí a los niños cantar.
11031	Él aceptó mi idea.
11035	Él fue el último en llegar.
11068	Cuanto más envejece uno, peor es la memoria.
11070	Cuando se resfría, nunca toma medicina.
11099	Intenté hacer preguntas en francés.
11128	Mamá me pidió que podara el pasto.
11162	No te permito que hagas eso.
11187	Anteayer llegué a Narita.
11193	A los japoneses les gusta viajar en grupo.
11200	Sus ojos estaban llenos de lágrimas.
11204	Estos dos hermanos se parecen mucho.
11218	Ahora mi tío vive muy cómodamente.
11226	Él no se broncea.
11296	No desprecies a la gente.
11330	Me torcí un dedo jugando voleibol.
11354	Exigieron la renuncia del alcalde.
11365	Los crisantemos son muy fragantes.
11383	El camino sube hasta el pueblo.
11386	No presumas tanto de esto.
11424	El sol salió sobre el mar.
11436	No tengo tiempo para reunirme con usted.
11451	Él entró con un brillo en los ojos.
11452	Él siguió al ladrón que se metió a la casa.
11460	Aceptamos reservaciones por teléfono.
11462	Él creía que ellos anhelaban la gloria.
11473	Ella se tomó un vaso de leche.
11489	Ella debería estudiar ciencias naturales.
11497	Se acabó el aceite de la lámpara.
11508	Él inventó un pretexto.
11512	En cuanto terminó, se acostó a tomar una siesta.
11516	Para ser honesto, lo despidieron.
11555	Deja de esconder la cabeza como tortuga.
11561	Prefiero pedir una cerveza.
11563	Lo observé durante un rato.
11569	La pobreza le impidió ir a la escuela.
11574	Me quedé solo en el salón de clases.
11585	Él se opone a la discriminación racial.
11587	Por ahora, está deprimido.
11607	Seguimos el rastro del venado.
11622	Ella me atrajo a primera vista.
11624	Este club es demasiado grande.
11631	Su pedido queda confirmado de la siguiente manera.
11633	Mi dirección real es la siguiente.
11653	El metro circula bajo tierra.
11671	Los pescados que vende esta pescadería todavía están vivitos y coleando.
11679	Este cine tiene dos pisos.
11684	¿Cuál es el tipo de cambio?
11714	El diamante está engastado en un anillo de oro.
11755	Me dieron una calurosa bienvenida.
11790	Nadar fortalece los músculos.
11800	Hace poco tuve un accidente de coche.
11828	Un minuto contiene sesenta segundos.
11848	Las monedas son de metal.
11871	Se le olvidó devolverme el diccionario.
11877	Falta una cuchara.
11878	Mi diccionario es muy útil.
11897	Ella trae mucho equipaje de mano.
11935	Deberías dejar tus malos hábitos.
11936	Usted dio un mal ejemplo.
11937	Diste un mal ejemplo.
11942	A usted no le gustan las historias de amor.
11943	No te gustan las historias de amor.
12018	¿Qué bebidas frías tienen?
12047	Antes de entrar a la habitación debe quitarse los zapatos.
12072	No hay atajos para el éxito.
12076	Lincoln se oponía a la esclavitud.
12109	Observar bacterias ampliadas diez mil veces.
12122	Antes éramos vecinos.
12201	Todavía no te lavas las manos, ¿verdad?
12219	En verano uso camisas de manga corta.
12222	¿Cómo te atreves a hablar así?
12234	¿Ya recogiste tus cosas?
12255	Esa nube tiene forma de pez.
12257	Ese cuadro de Rembrandt es una obra de arte.
12264	¿Será cierto el rumor?
12266	¡Señorita! Me siento mal.
12275	¿A usted también le gusta el jazz?
12286	¿Ha visitado la Torre de Tokio?
12299	El rey ordenó liberar al prisionero.
12302	Un cuadrado tiene cuatro lados.
12304	Aquí hay que cuidarse de los carteristas.
12322	Lo obligué a decir la verdad.
12338	Se reveló que él era su padre.
12347	¿Qué término quiere su bistec?
12355	Este verano voy a ir al extranjero.
12360	Cargué la caja al hombro.
12373	La semana pasada tuve un resfriado fuerte.
12378	Por favor, cuidado con el espacio entre el andén y el vagón.
12382	No escuché su apellido.
12393	El niño agarró la cola del gato.
12415	Alemania fue aliada de Italia.
12416	Alemania se alió con Italia.
12425	Me machuqué la mano con la puerta.
12445	Pero siempre he sido demasiado flojo.
12456	Se sirven manzanas de postre.
12497	Tu respuesta es correcta.
12512	Ella va a la escuela en bicicleta.
12573	Usted debería solicitar este puesto.
12574	Deberías solicitar este trabajo.
12578	¿Por qué intentó escapar?
12585	Mi pueblo natal es muy bonito.
12596	¿Cuánto va a durar la tormenta?
12600	Su madre siempre la ha acompañado.
12608	¿Ayer jugaste tenis?
12609	Cuénteme sus planes.
12629	Decidimos adoptar su idea.
12671	Esta novela es muy difícil de entender.
12691	Ven, te sirvo.
12701	Quiero darte un consejo.
12705	¡No hables mientras comes!
12726	¿Cuál es su estación del año favorita?
12744	Mira, hay un gato en la cocina.
12753	Me llamo Hopkins.
12764	¿Te gusta o no la comida japonesa?
12793	Puede pasar en cualquier momento.
12822	El florero se hizo añicos.
12852	Pintamos la puerta de verde.
12866	Hay un camión en medio de la calle.
12927	Él se metió las manos en los bolsillos.
12939	Quiero comprar aspirinas.
12944	Sigue contando tu historia.
12968	Ella aceptó su regalo.
12999	¡Esa tetera está muy sucia!
13003	Debemos respetar a nuestros padres.
13005	Estoy muy cansado; quiero dormirme temprano.
13047	Alguien tocó suavemente a la puerta.
13059	Me da igual cuál escoja.
13061	El precio varía según la demanda.
13070	No podemos acercarnos al enemigo.
13082	Hay un gato sentado en la silla.
13094	¡No quiero amargarme, quiero vivir con desenfado!
13104	No era mi intención ser egoísta.
13164	"¡Ah!" es una interjección.
13192	"Pásame la sal, por favor". "Toma".
13196	Gracias a ti se me quitó el apetito.
13213	Intento matar el tiempo.
13218	Esta noche vamos a ir a la iglesia.
13252	¿Por qué no comes verduras?
13290	Me haces perder la razón.
13292	Eres irresistible.
13307	Me encantan los tallarines italianos.
13312	No te desanimes, no todo está perdido.
13337	¿Cuántas veces al día te miras al espejo?
13441	¡Deja de criticarme!
13444	Ya no tengo inspiración.
13497	La luz es mucho más rápida que el sonido.
13500	El mundo no gira a tu alrededor.
13510	De desayuno hicimos hot cakes.
13515	Mi corazón está lleno de alegría.
13527	No veo la hora de irme de vacaciones.
13545	¿Quién compra este tipo de obras de arte?
13572	No necesariamente me fío de las traducciones.
13575	¡La vida no es larga, es ancha!
13581	Esta cosa tiene que cambiar.
13582	Su hijo tiene ocho años este año.
13591	¿En tu país se come arroz?
13596	Tengo el colesterol muy alto.
13623	Me agaché a recoger la pluma que se cayó al suelo.
13630	Perdón, no pude evitarlo.
13637	Este trabajo no es pagado.
13654	Creo que hoy va a hacer mucho calor.
13673	Anoche nos ofrecieron un banquete.
13714	Él tiene un libro en la mano.
13733	Mi hermana menor no dijo "hola".
13757	Es muy práctico usar una regla para trazar líneas rectas.
13767	No seas demasiado blando con los niños.
13796	¿Sabe su talla?
13801	Él talló una imagen de un bodhisattva en madera.
13833	Es muy probable que gane la competencia.
13838	La novia parece muy guapa.
13854	Me hice un chequeo médico.
13863	Este trabajo requiere práctica.
13874	Sostén el florero con las dos manos.
13881	Todos nos arrodillamos a rezar.
13911	Nadas muy bien, ¿verdad?
13913	Es posible que la fábrica cierre la próxima semana.
13925	El libro se cayó del librero.
13937	Quiero desayunar contigo.
13960	Ella no tiene que ir a la escuela los sábados.
13997	Los rescató un helicóptero.
13999	A él le gustan la geografía y la historia.
14022	El carbón no siempre es negro.
14041	Él está lleno de lodo de pies a cabeza.
14046	China se ha desarrollado demasiado rápido.
14058	El grito se fue debilitando poco a poco.
14132	Mide tres veces y corta una.
14182	En el centro de la ciudad hay un parque.
14193	Atrapamos al ladrón.
14194	Él pesa diez kilos más que yo.
14197	Quiero hablar contigo a solas.
14206	Ganar y perder es lo normal en la guerra.
14209	El arcoíris es un fenómeno natural.
14215	En el principio, Dios creó los cielos y la tierra.
14217	Él es un maestro de la provocación.
14234	El tren iba repleto de pasajeros.
14328	Una vela sin mecha ya no es una vela.
14346	La policía está buscando a un fugitivo.
14359	Él carga una caja grande en brazos.
14390	Por favor, llene esta solicitud.
14398	La distancia entre los dos se ha acortado.
14425	John dejó la empresa y empezó por su cuenta.
14453	Oí un grito.
14469	Su amistad fue madurando hasta convertirse en amor.
14476	El clima está tan agradable.
14498	Mi pasatiempo es coleccionar monedas.
14524	Él está totalmente concentrado.
14565	Cuesta por lo menos cinco dólares.
14599	Ya no puedo tomar más cerveza.
14610	El agua y el aceite son líquidos.
14646	Al día siguiente me dolían las piernas.
14647	Sus padres administran un hotel.
14652	¿Qué tan lejos está Ueno de aquí?
14680	Tuvieron que retirarse.
14688	El olfato de los perros es mucho más agudo que el de los humanos.
14694	El avión vuela sobre las nubes.
14739	El clima de ayer fue pésimo.
14757	Intento escribir con la mano izquierda.
14760	Me gusta caminar bajo la lluvia.
14761	¿Hablas italiano?
14769	Por favor, encierre en un círculo la respuesta correcta.
14775	Por favor, dame un pedazo de pan.
14793	Copiar y pegar es muy útil.
14822	No tienes que contestar esa carta.
14849	¿De qué están rellenas estas empanadillas?
14861	El abasto de granos es muy abundante.
14869	Extraño mucho mi infancia.
14873	Quiero decirte unas palabras.
14923	Ella le permitió ir solo.
14942	Una isla apareció ante nuestros ojos.
14957	Sé un poco de química.
14979	Él espera en la parada del autobús.
14997	Este es justo el video que quería ver.
15068	Pelear no resuelve los problemas.
15070	Tom moldeó la arcilla hasta hacer un florero.
15077	Él me suplicó que me quedara.
15119	¿Puedo ver su boleto?
15120	Esto es lo que sobró de la comida.
15127	Solo soy una persona común.
15131	Él se ve pálido como la cera.
15220	Él traía unos jeans.
15222	Me rasuro todas las mañanas.
15235	Las golondrinas vuelan muy rápido.
15322	¡Dios mío, qué rico!
15325	Los gastos médicos en Estados Unidos son muy altos.
15347	Él regresó del continente.
15378	Los campesinos trabajan la tierra afanosamente en el campo.
15393	Él oyó a alguien pedir auxilio.
15394	Por favor, siga las indicaciones de la enfermera.
15399	¡Ni creas que te voy a hacer caso!
15415	Este vuelo sale a las seis.
15425	¿Qué piensas hacer esta noche?
15427	Pasaron por grandes penurias.
15441	Él obtendrá el promedio más alto.
15442	Su fama se extendió por todas partes.
15475	Lo multaron con diez mil yenes.
15500	Ella es una muchacha realmente buena.
15510	¿Todo junto o por separado?
15550	Te llevo a tu casa en coche.
15552	La primera etapa de la obra ya está terminada.
15564	El gato está sobre el tapete.
15594	Alguien dijo mi nombre en voz alta.
15607	Italia es una península.
15609	Esa responsabilidad es una carga para él.
15622	¿Lo pules seguido?
15628	Acabo de terminar de comer.
15633	No entiendo sus chistes.
15646	Arriba está el paraíso; abajo, Suzhou y Hangzhou.
15707	¿Quién es el dueño de esta villa?
15730	Su bandera es multicolor.
15755	¿Cuánto cuesta el coche más caro?
15757	Le compré una corbata.
15759	Más vale prevenir que lamentar.
15760	Peor que unos, mejor que otros.
15774	Ella a menudo me hace bromas.
15777	Casi se muere congelado en la nieve.
15781	Su hermana mayor es mayor que mi hermano mayor.
15791	Lo diga quien lo diga, esto está mal.
15931	Muéstrame dónde te duele.
15956	Es una lástima que no puedan venir.
15987	Estos dos libros son ediciones de la dinastía Song.
15998	Te esperé cinco horas.
16010	La población de China ya supera los mil trescientos millones.
16035	Es evidente que a ella le da miedo quedarse aquí.
16036	Esto es muy importante para mí.
16040	Este whisky es demasiado fuerte.
16060	Él ha visitado Francia tres veces.
16077	Estoy decidido a no volver a beber alcohol.
16102	Ya no necesito el préstamo.
16114	El cobre y la plata son metales.
16119	El supermercado abre a las diez.
16121	Kenia fue una colonia británica.
16141	Tomo agua porque tengo sed.
16144	Anoche entré en pánico.
16149	Este artículo no tiene ningún valor.
16164	Sin suerte no se puede navegar.
16170	También puede matar los cultivos.
16179	El barco cruzó el canal de Suez.
16190	Mamá compró una barra de pan.
16199	Ella partió la manzana a la mitad.
16204	Como hierba en lo alto del muro, se inclina hacia donde sopla el viento.
16206	Todo está listo; solo falta el viento del este.
16220	En la sala de lectura está prohibido hablar.
16221	¿Quieres un poco de ensalada?
16232	En el aeropuerto me revisaron los agentes de aduanas.
16257	Quien come del plato ajeno pierde la voz; quien recibe regalos, las manos libres.
16272	El estadio estaba a reventar de gente.
16274	Esta empresa fabrica chips para computadoras.
16282	Soy empresario.
16347	Nunca he ido a Hiroshima.
16373	Pela el rábano picante y córtalo en tiras.
16392	Me lavo los dientes y me peino.
16402	Estaban reunidos alrededor de la chimenea.
16408	Si quieres venir, ven; si no, como gustes.
16424	Te amo más de lo que tú me amas.
16430	Conservaron el edificio.
16446	Ella con gusto me llevó a casa en su coche.
16491	Estoy tomando unas copas con unos amigos.
16507	Mira, ya te salió sangre; déjame ayudarte a levantarte.
16541	La gente nos elegirá a ti o a mí.
16561	Él llega mañana a Kioto.
16621	Me siento avergonzado de mí mismo.
16639	Por favor, muestre su boleto.
16640	Por favor, muéstreme otro.
16643	Vengo de Singapur.
16668	Quiero hacer una consulta.
16699	Ella vive en un pueblo.
16728	Él voló hacia el sur.
16743	Ella tiene una casa junto al mar.
16753	Él fue de compras a una tienda departamental.
16774	Ella se levantó a las siete de la mañana.
16806	¿Conoces al señor Brown?
16807	Un ratón cruzó corriendo la habitación.
16830	De todas las frutas, la mejor es la manzana.
16849	Estoy ansioso esperando ir a la reunión.
16852	Esta agua está contaminada con petróleo.
16880	A celebrar la Fiesta de la Primavera se le llama popularmente "pasar el año".
16894	El problema es que la energía solar es demasiado cara.
16941	Este hielo es lo bastante grueso para caminar encima.
16976	Una hoja caída flota en la superficie del agua.
16986	Esta tela es de pura lana.
16994	Yo seré su guía.
16999	Esta revista sale dos veces al mes.
17027	Quien da pan no pasa hambre.
17116	Admití mi error.
17136	Los paisajes de Guilin son los mejores del mundo.
17151	Él normalmente no está en casa los fines de semana.
17172	Lo tengo en la punta de la lengua.
17176	Hoy hay más viento que ayer.
17182	No quiero comprar esta alfombra.
17186	Los pétalos flotan en el agua.
17188	Van en coche a Chicago.
17192	Hace quinientos años éramos una sola familia.
17215	No hay forma de contactarlo.
17225	No le alcanza para un coche nuevo.
17245	Ella recogió un guijarro.
17253	Te cocino unas papas.
17257	Toma lo que veas.
17261	Voy a ver una película de terror.
17332	Cuando el hielo se derrite, se convierte en agua.
17354	Ampliaron el territorio del imperio.
17416	Por orden de llegada, hasta agotar el cupo.
17515	A este pájaro se le llama cuco.
17519	Me robaron la bicicleta.
17524	El panda es el tesoro nacional de China.
17525	En Taiwán la gente trabaja muy duro.
17539	Voy al trabajo en bicicleta.
17558	Se siembra en primavera y se cosecha en otoño.
17572	¿Has visto un río rojo?
17595	Ella me indicó el camino amablemente.
17598	La guerra entró en su etapa final.
17602	Su manera de hablar es muy agradable.
17616	No sirve de nada llorar sobre la leche derramada.
17660	Este vino está delicioso.
17684	La película empieza a las diez.
17689	Empezamos la obra de inmediato.
17695	Hoy fue un día aburrido.
17716	Esta cama se ve muy firme.
17745	Su belleza terminará por desvanecerse.
17746	Alguien me empujó hacia adentro.
17748	Su hermano mayor sigue siendo más alto.
17771	Eso no lo desanimó.
17811	La mayoría de las guitarras tienen seis cuerdas.
17816	¡Hasta te llamó tonto!
17837	Sostén bien el florero con las dos manos.
17856	¿Cuántas prefecturas tiene Japón?
17870	La cirugía es la mejor solución.
17911	Perdí una de mis bolsas.
17923	Este folleto es gratuito.
17934	Mi padre no puede levantarlo.
17941	Este ratón se metió corriendo al agujero.
17959	Nunca lo he visto.
17961	Estas son reuniones inútiles y larguísimas.
17965	Él asistió a la reunión sin dudarlo.
17990	Juguemos a las escondidas.
18005	¿Cuánto dinero donas cada año?
18018	Los heridos fueron trasladados en ambulancia.
18036	Él se metió a la fuerza en una casa.
18044	¡Volvamos a reunirnos!
18087	Voy a extrañar tu sazón.
18100	A Betty le gusta la música clásica.
18110	Quiero tomar un poco de sopa caliente.
18125	En la vida hay altibajos.
18137	Lo siento, no tengo cambio.
18158	Los necios se lanzan a donde los ángeles temen entrar.
18174	Él no escatimó esfuerzos para ayudarme.
18177	Ella lloraba con el corazón destrozado.
18201	Es una lástima que no me creas.
18231	¿Quieres esta camisa?
18232	Harry apenas tiene cuarenta años.
18294	Su respuesta fue negativa.
18306	Ella fue elegida presidenta del comité.
18309	Deja de quejarte. Tienes que ir.
18322	La ley no debe ser violada.
18346	Ten cuidado de no hacerlo enojar.
18357	¿Sabes cómo cocinar la carne?
18367	Sospecho que este es un taxi pirata.
18396	El lunes tienes que entregar el informe.
18397	Deberías renunciar con dignidad.
18460	Bien podrías contármelo todo.
18475	Él le hace caso en todo a su esposa.
18477	Él no tiene muy buena reputación.
18550	Todos los que lo conocen lo quieren.
18557	Me hizo enojar tanto que me dio dolor de cabeza.
18613	¿Podría hacer una demostración?
18624	El Año Nuevo ya está a la vuelta de la esquina.
18625	La anciana frunce el ceño.
18632	Sé siempre honesto contigo mismo.
18635	Escucha mucho y habla poco, y nadie te rechazará.
18639	Nancy lo invitó a la fiesta.
18669	Sé exigente contigo mismo y tolerante con los demás.
18683	El alma da vida al cuerpo.
18684	La pobre niña se quedó ciega.
18691	Quiero que te hagas un análisis de sangre.
18723	Este niño ya dejó de llorar.
18739	No tengo ni un centavo.
18770	Él no sabía qué responder.
18823	Todas las personas que conocí fueron muy bondadosas.
18831	La experiencia es la mejor maestra.
18861	Te voy a poner una inyección para el dolor.
18866	Por fin llegamos a un acuerdo.
18868	Mi tía tiene tres hijos.
18894	Él es el presidente del comité.
18903	¿Su pulso es normal?
18920	¡Por fin tengo la colección completa!
18935	Esto no es sangre. Es betabel.
18940	La llamé de inmediato.
18947	La casa de campo de Peter es enorme.
18961	El amor verdadero no se fuerza.
19016	Cada vez que llueve se gotea el techo.
19017	A mediodía sonó la campana.
19027	Visto desde la bahía de Suruga, el monte Fuji es precioso.
19051	Demandaron al gobierno para que los indemnizara.
19061	Explotó con un estruendo.
19068	Intentemos ir río arriba.
19090	Mi terreno está pegado al río.
19098	Juegan cartas para matar el tiempo.
19100	Esto supera todo lo que podía imaginar.
19117	Esta casa está en la ladera de una colina.
19132	Este perro parece un caballo.
19135	¡Ay! Se me olvidó mi medicina.
19168	Lo abracé fuerte y lloré.
19179	Los héroes siempre llegan demasiado tarde.
19206	Lo nombraron embajador en el Reino Unido.
19225	Él será un buen esposo.
19227	Las ballenas son mamíferos.
19232	Cuidado, no te vayas a resfriar.
19243	Por favor, dime tu dirección.
19247	Están muy satisfechos con el resultado.
19276	¿Sabes distinguir lo bueno de lo malo?
19340	¿Cuántos años tiene ese cuadro?
19356	Mezcla bien los ingredientes.
19370	¿Lo acabas de conocer?
19377	No hay suficiente luz para tomar fotos.
19400	Esta manera de actuar es sumamente injusta.
19411	¿Dónde tengo que pagar el gas?
19414	Él intenta ganar la competencia.
19430	¿Has ido a México?
19456	Siguen tanteando sin parar.
19464	Me pica muchísimo el cuero cabelludo.
19477	Compramos una libra de té.
19498	Siento que me voy a desmayar.
19499	El hombre propone y Dios dispone.
19522	Creo que te estás pasando.
19538	Me vacuné contra la influenza.
19552	No sé absolutamente nada de esto.
19599	El pasto del jardín ya retoñó.
19617	Tienen los mismos pasatiempos.
19622	¿Es seguro tocar esta serpiente?
19637	La capital de Estados Unidos es Washington.
19641	Su actitud es contraria a mí.
19643	Deberían comer más fibra.
19672	Él está vigilando.
19707	Disculpe, ¿dónde está la taquilla?
19708	Por favor, deletree su nombre.
19741	Por favor, deme lo mismo.
19761	¡Tú también eres uno de ellos!
19779	Jack habla inglés.
19780	¿A qué hora sale el próximo tren?
19783	Esa fábrica produce juguetes.
19785	Vamos a verlo allá.
19799	Él se dedica de lleno a estudiar música.
19817	Mi cuarto está justo abajo.
19818	Mi cuarto está justo arriba.
19854	Se cayó y se lastimó la mano.
19857	¿Cuánto cuesta un kilo de plátanos?
19858	Él tiene muchas ganas de verte.
19898	Estudiar es el trabajo del estudiante.
19902	La soberbia trae pérdidas; la humildad, beneficios.
19907	El orgullo es la debilidad del ser humano.
19957	¿A dónde hay que llevar la vaca?
19961	¿Por qué no lo expulsan?
19964	Este año no tengo dinero para un coche nuevo.
19980	Me parece increíble.
19989	Este es el único libro que tengo.
19997	Él viene caminando o en bicicleta.
20002	No entiendo lo que dice.
20079	Él solo piensa en su propio beneficio.
20082	Tenemos que respetar la disciplina y la ley.
20096	Dime la respuesta correcta.
20098	Quiero el menú del día.
20126	Ella se limpió los zapatos antes de entrar.
20127	Resultados inmediatos.
20161	Te mereces este bono.
20165	Soy un hombre libre.
20186	¿Ya están todos listos?
20195	Dame también un poco de leche.
20243	Esta escena me gusta especialmente.
20253	¿Cuánto público calculas que habrá?
20291	El rey aniquiló a sus enemigos.
20307	¿Podría hablar más despacio, por favor?
20341	Sus vacas están muy gordas.
20361	Logré que lo entendiera.
20364	Él se las ingenia para equilibrar ingresos y gastos.
20386	Por favor, llame a la seguridad del hotel.
20447	Él está preparando un viaje.
20458	Tom encendió el motor.
20459	Él abrió el sobre con un corte.
20469	Diez casas quedaron reducidas a cenizas.
20475	En la universidad estudié la carrera de Filosofía.
20516	"Me parece muy irónico". "¿Por qué?".
20520	Los sueños pueden volverme loco.
20525	Esta casa y el terreno son míos.
20529	En Japón hay muchas aguas termales.
20532	En la universidad estudié la carrera de Química.
20535	Estoy buscando a un anciano.
20547	Él reunió algo de información.
20568	Me salieron ampollas en los pies.
20569	Trabajo para un banco.
20572	¿Quieres huevos revueltos?
20578	La corriente eléctrica puede producir magnetismo.
20580	Él aprovechó bien esta oportunidad.
20582	Hacemos estatuas de madera.
20591	Ella hizo cita con el médico.
20603	Él se tomó otro plato de sopa.
20604	Descansamos a la sombra de los árboles.
20607	Platiqué muy a gusto con ella.
20616	Anoche cayó un aguacero.
20617	Anoche llovió muy fuerte.
20619	Esta mañana hace un frío intenso.
20644	Esa mujer es muy afectada.
20654	¡Parece que se están dando aires!
20663	Sentémonos en el pasto.
20669	Es una solución innovadora.
20723	Pasamos la noche en Hakone.
20729	La libertad individual es la esencia de la democracia.
20766	En todo el mundo se habla inglés.
20773	Es difícil llevar las ideas a la práctica.
20782	La cebolla se cuece más rápido que la papa.
20783	Tomarse las cosas con más seriedad.
20784	Echa un poco de sal al agua hirviendo.
20791	El agua salía a chorros del tubo roto.
20811	El ataque es la mejor defensa.
20821	En caso de incendio, toque el timbre.
20823	Diez equipos compiten por el premio.
20829	De repente el cielo se nubló.
20905	De repente se soltó un aguacero.
20911	Al pueblo solo hay dos millas.
20930	Portar armas es ilegal.
20943	Nueva York está a orillas del río Hudson.
20947	Japón depende de las materias primas importadas.
20951	Kyoko está acostada en el pasto.
20961	Pega la estampilla en el sobre.
20972	No olvides comprar leche.
20973	Recoge este lápiz del suelo.
20974	Los árboles no crecen en la pradera.
20978	No es fácil entrenar a un perro.
20982	Acuéstate a descansar un rato.
21010	Quítale la grasa a este trozo de carne.
21013	Hubo un incendio durante la noche.
21015	Los militares deben cumplir sus órdenes.
21023	Todas las flores del jardín se marchitaron.
21025	No se ve ni un alma.
21034	Consérvese en un lugar fresco.
21044	Pregúntale al policía de aquella caseta.
21046	Haga otra cita en la recepción.
21051	Sucedió a las once y cuarto.
21059	El semáforo sigue funcionando.
21061	Deja de platicar y ponte a trabajar.
21065	Perdón, me equivoqué de número.
21067	La verdad, me siento solo.
21077	La policía les ordenó que se detuvieran.
21093	Al cocinarlo, agrega vino de arroz para quitarle el olor a pescado.
21116	El número de coches está aumentando.
21118	Muchas cosas dependen del resultado.
21165	Una pelota va flotando río abajo.
21182	En el jardín crece bambú.
21186	Burlarse de los demás es de mala educación.
21190	Hacer trampa en las cartas está mal.
21191	Manténgase a baja temperatura.
21204	Perdón, no me expliqué bien.
21205	Quiero cambiar cheques de viajero.
21214	Cada vez tengo más canas.
21229	Si llueve, no voy.
21234	No se ve ni un solo árbol.
21256	Esto fue un gran impacto para mí.
21265	Llamaron al médico de inmediato.
21272	Hoy hace mucho calor, ¿verdad?
21281	Hoy no está más bochornoso que ayer.
21296	Tengo muy buena opinión de ella.
21308	Supongo que eso debería funcionar.
21348	Ella hizo mermelada de manzana.
21351	Él es demasiado listo para casarse con ella.
21374	Logré abrirme paso entre la multitud.
21380	Él no tiene ni pizca de educación.
21382	Cultivamos toda clase de cosechas.
21401	Ella está empapada de pies a cabeza.
21418	Estas monedas antiguas me las dio ella.
21428	Me entró arena en los ojos.
21451	Este anciano le bloqueaba el paso.
21520	Eres el amor de mi vida.
21530	Él se sonrojó al verla.
21623	Me picaron muchísimos mosquitos.
21624	Obtuvo una maestría en Derecho.
21635	Él sabe manejar muy bien a los niños.
21645	Mucha gente en el mundo pasa hambre.
21648	Nadie puede servir a dos amos.
21694	No entendí ese chiste.
21712	Tócame algo de Chopin.
21714	Ella miró tímidamente al joven.
21793	Ella empujó la puerta suavemente.
21810	Chaplin era un hombre visionario.
21811	Espero que me admitan en el examen.
21825	Tendrás un futuro brillante.
21833	Me diste mal el cambio.
21839	Él me dio la aprobación oficial.
21847	Él está sentado sobre una mina de oro.
21848	Este proyecto es una mina de oro.
21862	Este hombre es un accionista mayoritario.
21876	Él hizo a un lado a su rival.
21886	Ella se encargó personalmente del asunto.
21893	Él está acostumbrado a trabajar en equipo.
21921	Tengo la costumbre de bañarme en la mañana.
21925	¡Qué lástima que no puedas venir!
21931	¿Hay gatos sin cola?
21937	Este río desemboca en el océano Pacífico.
21940	Vale la pena subrayar este argumento.
21942	Desayuno con calma.
21945	Él presenció aquel accidente.
21954	Él se apega al plan original.
22046	A caballo regalado no se le ve el colmillo.
22050	En todo, sigue el justo medio.
22054	La palabra es plata y el silencio es oro.
22061	Todos cometemos errores; solo los santos saben perdonar.
22067	Donde hay fuego, hay humo.
22076	No hay mal que por bien no venga.
22081	Todo hay que prepararlo con anticipación.
22084	Los hijos son la riqueza de los pobres.
22110	Nunca es tarde para enmendarse.
22111	Más vale pan que canto de pájaros.
22127	Deberías limpiar tu cuarto.
22178	A esta chica no le gusta lavar los platos.
22204	El conocimiento no se hereda.
22233	Si la viga de arriba está chueca, la de abajo también.
22237	No hay ninguna esperanza; es un esfuerzo inútil.
22257	Él no es tan listo como su hermano menor.
22277	No te gustan las apuestas, ¿verdad?
22291	Su cerebro sigue muy activo.
22296	Sigue soñando. ¡A la cama!
22299	Ese edificio mide cien metros de alto.
22308	La bandera roja indica peligro.
22313	¿Quién se esconde detrás de la cortina?
22316	¿Quién es la chica que está en la puerta?
22322	¿Dónde está el túnel más largo de Japón?
22354	No hace falta que domine varios idiomas.
22401	Esto lo leí en el periódico.
22448	¿Estudias inglés todos los días?
22450	¿Él estudia inglés todos los días?
22517	Él está totalmente absorto en el libro.
22538	No se puede tener todo.
22591	Yo me encargo de la publicidad.
22603	No me gusta la comida picante.
22632	Este libro se imprimió en el Reino Unido.
22633	Deberías tomar en cuenta su edad.
22637	Un relámpago atravesó el cielo.
22706	Nadó hasta que ya no pudo más.
22739	Él salió de la oficina a toda prisa.
22742	Él es una persona educada.
22746	El sistema de lubricación está mal diseñado.
22759	El jardín está lleno de flores amarillas.
22767	Quien siembra vientos recoge tempestades.
22793	Estaré allí a las siete y media.
22798	El boxeador no deja de practicar, ni el cantante de cantar.
22834	¡El viernes es la fiesta de la casa nueva!
22853	La lluvia es agua que cae de las nubes.
22872	Su plan fue rechazado.
22887	Ella siembra jitomates en su jardín.
22919	El cerdo hambriento sueña con bellotas.
22926	Algunas personas están llenas de deudas.
22958	El gato arqueó el lomo y se estiró.
22979	Ahora dense la mano y hagan las paces.
23014	La situación está mejorando, ¡así que anímate!
23017	Nos burlamos de él por eso.
23072	¡Juguemos beisbol!
23103	¡Qué mala suerte tengo!
23151	Sadako les sonrió.
23213	La huelga afectó la economía del país.
23235	Todos formaron parejas y se pusieron a bailar.
23244	En Xinjiang hay muchos lugares con paisajes hermosos.
23280	Él está concentrado en su investigación.
23321	Su sabor es realmente bueno.
23390	Voy a estudiar tu informe.
23398	Nancy se ve muy cansada.
23408	¿Cómo se llama ese pájaro?
23481	Últimamente han bajado los precios.
23492	¡Su plan es peligroso!
23508	Todos esos son mis pantalones.
23509	Todos atacan mi opinión.
23515	Él se ve muy fuerte.
23517	¿Qué hay en esta bolsa?
23544	Eso es una imitación.
23556	Él descuidó sus deberes.
23567	Él encendió un cerillo.
23645	¿Estos libros son de Kenji?
23696	Esta casa se está quemando.
23716	Ella nunca me llamó.
23763	¿Cuánto cuestan estos lentes?
23813	Más te vale escuchar su opinión.
23814	Más te vale irte a dormir ya.
23821	¡Abre bien los ojos y mira!
23835	Estoy orgulloso de mi hijo.
23836	Se aplicaron amplias medidas de seguridad.
23847	La lavadora no funciona bien.
23864	Se levantó la alerta de tsunami.
23871	Ella no tiene dinero ni fama.
23875	Él rellenó la grieta con pegamento.
23882	Los soldados se retiraron de sus posiciones.
23990	Comí rápido.
24006	Es bueno y barato.
24028	Soy zurdo.
24077	Otra botella de vino, por favor.
24090	Él se graduó de la Universidad de Tokio.
24097	Qué bonito atardecer, ¿verdad?
24099	¿Te gustan los gatos negros?
24104	¿Tienes seguro médico?
24121	Deberías estudiar con más empeño.
24127	Ann juega muy bien al tenis.
24143	Él sacó su pasaporte.
24180	¿Recortaste el papel?
24184	¿Puedes comer ostiones crudos?
24187	¿Ya pasó el cartero?
24196	Él se opone a nuestro plan.
24207	¿Te gusta la música de Mozart?
24210	Él reúne los requisitos para ser elegido presidente.
24224	Él estudia Economía en la universidad.
24234	¿Podría pesar esto, por favor?
24244	Los conductores deben ponerse el cinturón de seguridad.
24252	¿Todavía coleccionas estampillas?
24274	Él llegará a Hakodate esta noche.
24292	No recuerdo su nombre.
24302	No seas tan impaciente, joven.
24331	¿Crees en los mitos y leyendas?
24339	¿Conoces al señor Brown?
24351	No dudes en hacer preguntas.
24376	No salgas después del anochecer.
24382	Por fin se le cumplió su deseo.
24389	Su ropa siempre huele muy mal.
24393	A Ann le encanta el chocolate.
24478	Recuerdo vagamente haberlo visto.
24484	Jill y Jack se comprometieron.
24490	A mí también me gusta este color.
24512	Jane escribió esta carta ella misma.
24526	Hoy está templado, ¿verdad?
24574	Mi abuelo está muy sano.
24575	A mi padre le gusta el café cargado.
24578	Vamos en coche al lago.
24591	Te voy a dar este dije.
24674	Meg está de acuerdo con el plan de Ken.
24703	Mi departamento está por aquí.
24710	Ya pasó mucho tiempo.
24742	Todavía no termino los ejercicios.
24767	Vale la pena visitar Kuala Lumpur.
24769	Envidio su casa nueva.
24808	Quiero darle una sorpresa.
24810	Me gusta caminar de noche.
24818	Pagué doscientos yuanes con impuestos incluidos.
24829	Me da un recibo, por favor.
24852	La campana sonó a las ocho.
24890	¿Qué juez lleva este caso?
24923	Él no siguió nuestro consejo.
24951	Ese rancho tiene diez acres.
24957	¿Me puedes llevar a casa?
24998	Eres muy valiente, ¿verdad?
25090	Quien hace más, gana más; quien hace menos, pierde más.
25119	Aunque tengas la razón, sé indulgente; aunque tengas argumentos, habla con calma.
25141	Enojarse es una locura pasajera.
25214	Cuelga tu abrigo en el gancho.
25222	Esa es una foto de mi hermana menor.
25224	¿Dónde está la cabina telefónica más cercana?
25225	¿Quieres otra manzana?
25230	¿Tienen cerveza ligera?
25243	Vas por buen camino.
25258	¿Dónde está la embajada de Japón?
25261	Hoy regresa de Sídney.
25270	Casi no hay libros.
25281	Deberías tener cuidado de no resfriarte.
25305	El probador está ocupado.
25341	¿A qué se dedica tu tía?
25350	Por favor, dennos más información.
25356	La policía arrestó al ladrón.
25390	Este libro es muy grueso.
25393	Están cavando un hoyo.
25397	Esta máquina expendedora está descompuesta.
25407	¿El sábado tienes que ir a la escuela?
25425	Él rompió la ventana a propósito.
25447	Ya anunciaron su compromiso.
25453	Los precios han subido de forma constante.
25454	Ella tiene más o menos mi edad.
25456	Ella tiene un don con los niños.
25486	Las montañas no siempre son verdes.
25491	Él enseguida se quedó sin aliento.
25492	Ayer compré dos bollos al vapor.
25514	Él me reprochó mi descuido.
25520	Él tiene treinta y siete años según la cuenta tradicional china.
25561	De verdad hace un día precioso.
25577	El agua es muy importante para las personas.
25582	Sue es una estudiante estadounidense.
25632	Todos dicen que estoy equivocado.
25659	Limpia el polvo del espejo.
25662	Deberías visitar Kioto.
25668	El semáforo se puso en verde.
25671	¿No me puede hacer un pequeño descuento?
25674	Compito con él por el campeonato.
25679	El auditorio está lleno a reventar.
25691	Nos van a enviar madera.
25692	Ella fue a la oficina de correos a enviar un paquete.
25698	Me pidió que le pasara la sal.
25710	No recibimos el telegrama.
25715	Hay que comprar fruta y verdura.
25736	Por las mañanas él siempre está un poco malhumorado.
25765	Las aguas residuales a menudo contaminan el mar.
25771	No toma suficiente leche materna.
25774	Los niños construyen castillos de arena en la playa.
25780	La secretaria me contestó con frialdad.
25795	No pises los vidrios rotos.
25801	Gracias por su visita esta noche.
25840	¿Tiene una talla más grande?
25849	Muchas flores se abren en marzo.
25897	¿Cuánto cuesta el boleto a Liverpool?
25924	Es tu única oportunidad.
26001	El médico examinó al paciente.
26003	¿Tiene algo para la tos?
26097	Hiromi trae puesto un vestido nuevo.
26107	Él invirtió su dinero en acciones.
26138	Él pintó la puerta de blanco.
26141	Él regresará como a las cinco.
26166	Él tocó la puerta cerrada.
26230	Él mismo se echó un balde de agua fría.
26289	Quiero muchísimo a mi abuela.
26347	Su casa de campo está en la costa.
26350	Hay una choza en la ladera.
26356	Al otro lado del puente hay una casita.
26360	Viven en una sala amplia.
26364	Instalaron un invernadero.
26373	Él no va a traicionar sus principios.
26455	Ayer te extrañé mucho.
26478	Él está sentado junto al arroyo.
26503	Él es una persona muy considerada.
26504	Su casa está al otro lado de la calle.
26520	Él trabaja para una agencia de publicidad.
26523	En la estación de Tokio cambio de tren.
26547	A su casa le cayó un rayo.
26555	Él vive justo enfrente, al otro lado de la calle.
26559	Él va en coche a Boston.
26560	Los estudiantes lo quieren mucho.
26565	Él corre tan rápido como tú.
26573	Él vivió muchos años en el extranjero.
26575	No te oculto nada.
26587	La acompaño al piano.
26591	Voy de compras cada tercer día.
26604	Él estudió Teatro en la universidad.
26609	Él ni siquiera tomó en cuenta mi propuesta.
26635	Lo escuché en la radio.
26641	Empezó a quedarse calvo muy joven.
26691	Comí a toda prisa.
26733	Toco el piano para acompañarla.
26749	Ojalá pudiera ayudarte.
26797	Deme un rollo de película a color, por favor.
26807	Ella le susurró al oído.
26814	Por favor, pregunte en la recepción.
26831	No corran dentro del salón de clases.
26837	Esta tarde hace un calor tremendo.
26853	La vi entrar a la habitación.
26864	Volvamos a reunirnos el próximo año.
26875	Mucha gente está haciendo fila.
26906	Abran su libro en la página nueve.
26939	Tengo hinchados las manos y los pies.
26945	Respira hondo y aguanta la respiración.
26948	Esta mañana está fresco, ¿verdad?
26986	Mi hermana menor es más baja que tú.
26995	Su madrastra es muy mala.
27003	A ella le interesan mucho las antigüedades.
27010	El próximo año quiero aprender chino mandarín.
27028	Quiero tomar algo caliente.
27031	Ella tiene muy buenas calificaciones en inglés.
27081	Este coche se atascó en el lodo.
27082	Déjame tomarte la presión.
27093	Voy a cambiarme la camisa.
27147	Aprendí chino en Pekín.
27165	Ella subió a su recámara.
27173	Ella nos visita cada dos días.
27177	Ella lo contrató como programador.
27186	Meg ni siquiera me mira.
27206	Perdone mi atrevimiento.
27232	Mi hermano mayor es maestro.
27257	Por favor, primero llene este formulario.
27320	Acabo de llegar al aeropuerto.
27331	Hoy es tu cumpleaños, ¿verdad, Yuri?
27378	¡Me vas a volver loco!
27413	Phoenix es la capital del estado de Arizona.
27442	Hace diez años visité Fukuoka.
27453	"Vámonos", me dijo.
27492	Ella se fue al amanecer.
27507	Quiero un cuarto de galón de leche.
27562	Nueva York está llena de rascacielos.
27565	Ella no quiere involucrarse.
27594	Te ves tan sano como siempre.
27595	Lo que ella compró es muy caro.
27617	El té está demasiado cargado; agrégale un poco de agua.
27690	Este avión aterrizó sin problemas.
27695	¿Cuánto tiempo vas a quedarte aquí?
27707	¿Cuál es la población de la India?
27716	¿De quién es esta maleta?
27752	Ella tiene un corazón puro.
27762	El agua que corre no se pudre, y el gozne de la puerta no se apolilla.
27778	Su mirada estaba llena de tristeza.
27815	Los nadadores estaban helados.
27829	Esta ciudad quedó destruida por un incendio.
27832	Este muro mide treinta yardas de largo.
27834	El sol se asomó por el horizonte.
27836	Este libro está lleno de errores.
27846	¿Podría repetirlo, por favor?
27860	A este niño le gusta dibujar.
27861	Este vuelo despegó puntual.
27868	No les asusta el trabajo duro.
27872	¿Qué te dijo ella al oído?
27881	Mark tiene mi libro.
27896	La fiesta de Zhuang parecía un funeral.
27936	¿Ayer estuvo nublado en Tokio?
27957	Este plan fracasó por completo.
27961	Decidieron construir un puente.
27984	Tu propuesta es un poco extrema.
27999	Subimos hasta la mitad de la montaña.
28004	¿Cuál es el tipo de cambio de hoy?
28006	Elige tu color favorito.
28011	Eres demasiado sensible a las críticas.
28034	El reloj está encima de la chimenea.
28064	¿Quieres más carne de res?
28104	Esta calle está asfaltada.
28129	El cohete fue lanzado al espacio.
28130	Ann no tiene amigos con quienes jugar.
28184	Eligieron un nuevo gobierno.
28187	¿Quieres más salsa?
28207	Este libro es de la biblioteca.
28208	Toda regla tiene su excepción.
28243	¿Dónde piensas hospedarte?
28260	¿Cuánto aguantará esta cuerda?
28302	¿Cómo se llama esta flor?
28334	Cortamos flores en el jardín.
28342	¿Cuál es la población de Japón?
28348	¿Tienes una mesa en tu patio?
28371	¿Podría volver más tarde, por favor?
28379	Entraron a la fuerza a la joyería.
28392	Tenemos que arrancar la maleza.
28424	Eres muy adecuado para este trabajo.
28428	Están derribando este muro.
28429	El visitante se sentó frente a mí.
28473	Quiero hablar con tu tío.
28489	Ahora está en Londres por negocios.
28499	Me pisó el pie a propósito.
28590	Un día sin verte es como si pasaran tres otoños.
28625	Lleva siete años viviendo en Matsue.
28649	Me gusta pasear por el campo.
28650	Oí que Nancy es muy guapa.
28654	Él vive enfrente de nosotros, al otro lado de la calle.
28688	Él la llevó a dar una vuelta en coche.
28707	Ellas compraron una caja de galletas.
28708	Ellos son cristianos.
28754	Gasté cinco yuanes en este libro.
28755	Él tiene mucha experiencia.
28760	Cada año hay un festival de papalotes en Hamamatsu.
28779	Él nunca sale tarde en la noche.
28871	No quiero nada de plátano.
28878	Él vive en las afueras de Tokio.
28880	Estaba ahí sentado con la pierna cruzada.
28926	Me dijo que hablara más despacio.
28936	Parece un pato.
28977	Dame unas hojas para escribir.
28997	En cuanto tuvo un momento libre, volvió a casa de Qian Xiaohong.
29000	Los Alpes se extienden por ocho países de Europa.
29006	¿Cómo quiere los huevos?
29016	Lo vi cruzar el río nadando.
29026	¿Quieres comer sushi esta noche?
29051	Este niño no sabe apreciar lo que se hace por él.
29054	Él está dispuesto a trabajar para otros.
29067	El próximo año voy a ir a Hawái.
29092	¿Qué tan lejos está la estación de tren?
29099	Él tiene muy buen sentido del humor.
29111	Él tiene un fuerte sentido de la responsabilidad.
29124	Él tiene por lo menos mil libros.
29166	De vez en cuando me siento triste.
29188	Todo el cielo estrellado se abre ante los ojos.
29189	Entre semana él siempre vuelve temprano a casa.
29195	Las aguas del río Laba volvieron a llenarse de espuma blanca.
29238	Dejarlo por un tiempo no significa olvidarlo.
29253	No somos parientes de ella.
29268	Tengo que admitir que tienes razón.
29281	Vivimos en la era nuclear.
29283	Nadie lo disciplinaba ni lo orientaba.
29327	Demuéstralo mediante un experimento.
29328	Él estiró la mano derecha.
29329	Es el junio más seco desde los años treinta.
29337	Él enfrenta muchas dificultades.
29355	Casi me atropella un coche.
29369	Rompió la silla para hacer leña.
29373	¿Hablas klingon?
29377	Hola, ¿es usted el señor Ogawa?
29398	Eso es un disparate. Solo un tonto se lo creería.
29404	Esos dibujos los hizo él.
29440	Él tiene que mantener a una familia numerosa.
29471	Él se niega a escuchar mis consejos.
29478	Él a menudo se desvela por las noches.
29544	Él lleva un paquete bajo el brazo.
29580	Vivo en las afueras de Tokio.
29581	Se golpeó la cabeza contra un poste.
29643	Él guarda este secreto.
29647	Ella siempre anda maquillada.
29701	Él es muy quisquilloso.
29750	Keiko, ¿tienes pan tostado con mantequilla?
29770	Me acuesto a las diez de la noche.
29814	Es fácil cambiar montañas y ríos, pero difícil cambiar el carácter.
29818	A este gran árbol le cayó un rayo.
29820	No me gusta dejar las cosas pendientes.
29842	Échale más leña al fuego.
29854	Ella nos pidió que no la molestáramos.
29912	Ninguno de estos autobuses va a Shinjuku.
29929	No me importa a quién me encuentre.
29954	Quiero hacer una llamada internacional.
29958	Soy miembro del club de natación.
29980	Ella me ayudó a quitar la nieve.
30037	Quiero un asiento en la planta baja.
30051	Ella exprimió mucho jugo de naranja.
30082	Mi coche gasta mucha gasolina.
30083	Mi casa está cerca del parque.
30185	Mi mamá ahora está en el hospital.
30278	Gracias por venir a verme.
30286	La pareja camina tomada de la mano.
30287	¿Qué comida tomó usted?
30325	Dile que no se meta en lo que no le importa.
30354	Viajamos gastando muy poco.
30402	El niño entró corriendo a la habitación.
30424	No se puede construir en un pantano.
30478	¿Vas a asistir a la ceremonia?
30487	Lo que se aprende en la cuna dura hasta la tumba.
30497	Echar sal en la herida.
30500	Cuidado. Hay un hoyo en el camino.
30505	Toda la leche se desbordó.
30506	Toda la leche se derramó.
30573	Ellas gozan de un gran prestigio.
30618	El agua se congela a cero grados Celsius.
30655	Hay unos niños debajo del árbol.
30685	Instalaron muchos radares junto al camino.
30690	Este pozo tiene muy poca agua.
30705	Esperamos una buena cosecha este año.
30727	¿A qué grupo quieres unirte?
30747	Él habla con un acento regional muy marcado.
30777	La capital de Ucrania es Kiev.
30793	¿Cuál es su mascota?
30812	Esta es la torre más alta de Japón.
30908	El precio del huevo está subiendo.
30929	Piénsalo bien, usa la cabeza.
30933	No hables de más.
30934	Él viene de Génova.
31096	La inundación causó grandes daños.
31104	En este lago hay muchos peces.
31130	¿Quién es el autor de este libro?
31138	¿Quieres que te lo explique?
31140	¿Cuál es tu materia favorita?
31149	A veces ella se deprime.
31180	Él se rasuró el bigote.
31304	No hice nada fuera de lo común.
31313	¿Dónde vive tu abuelo?
31317	El maestro dijo que la Tierra es redonda.
31348	A él lo engañan fácilmente jugando cartas.
31351	Sé tocar a Chopin.
31368	Por favor, maneje más despacio.
31369	Ahora voy a ir a esta tienda.
31374	Graham Greene es mi escritor favorito.
31394	Pero huele raro.
31409	Esta mañana vi a Liz.
31410	Este mes hay mucho salario.
31411	Este mes el sueldo es alto.
31436	Esto es una completa pérdida de tiempo.
31447	En la cima de la montaña hay un pueblo.
31532	Abre tu corazón.
31544	A He Du le encanta el deporte.
31583	Dios me dio un cuerpo sano.
31591	Ayer fui a ver una película.
31601	Este ángulo quedará demasiado estrecho.
31675	Puedo abrir esta ventana.
31720	El universo es inmenso e infinito.
31723	¡Sal de debajo de la mesa!
31733	Esa bolsa se ve carísima.
31745	Te debo mil dólares.
31746	Siento que me voy a desmayar.
31824	Le doy unos últimos retoques.
31855	Caballo, león, perro, oveja: estos son animales.
31875	¿Qué navegador usas?
31879	El resultado dejó satisfecho a mi papá.
31881	Voy a clase a las siete de la mañana.
31898	Él luchaba con todas sus fuerzas por llegar a la orilla.
31930	Esta colección tiene cuarenta y ocho tomos.
31953	Ella ahorra para ir al extranjero.
31960	Por favor, lean la página cuarenta y nueve.
32007	Temblaba de emoción.
32014	¿Dónde puedo comprar boletos de entrada?
32017	La comida, el vestido y la vivienda son la base de la supervivencia.
32079	Qué tierno ver al padre y al hijo juntos.
32082	Más vale llegar en el momento justo que temprano.
32088	Pedí ranas con fideos.
32091	El rebaño de ovejas pasta en el prado.
32109	Este niño está ardiendo en fiebre.
32116	Esa comida estuvo simplemente buenísima.
32119	Para mí no hay ninguna diferencia.
32126	Ella se alisó el pelo con palmaditas.
32135	¿Puedes practicar japonés conmigo?
32232	Él se apoya en un bastón.
32294	Las palabras y las frases son muy acertadas.
32317	¿Lo conoces bastante bien, eh?
32333	A ella le gustan los arbutos chinos (yangmei).
32351	El avión vuela sobre las nubes.
32354	Contuve la respiración al ver la escena.
32359	No soporto su comportamiento.
32360	¿Este año la Fiesta del Medio Otoño cae en lunes?
32366	Esta noche, la luz de las estrellas ilumina el cielo.
32399	Me terminé este paquete de galletas.
32496	¿Este mundo es maravilloso?
32502	Hoy me sangró la nariz.
32521	Si lo quieres, bien; si no, olvídalo.
32562	Acabo de ver una estrella fugaz.
32563	No ames a dos personas al mismo tiempo.
32607	Hoy tenemos el día libre.
32618	No toques mis libros con las manos sucias.
32634	Tengo unos lentes de sol.
32666	Voy a tu casa a gorronear comida.
32696	Tengo muchas ganas de comer empanadillas chinas.
32735	Ella habla inglés bastante bien.
32748	Tom no sabe tocar el flautín.
32763	Te aconsejo que le digas la verdad.
32767	¿Has salido del país? Por ejemplo, ¿a Estados Unidos?
32787	La estructura del cerebro es muy compleja.
32792	Todos son empresarios.
32819	Los accidentes no disminuyeron, sino que aumentaron.
32889	Este dicho está muy bien empleado.
32915	Vimos cómo se ponía el sol.
32952	El hombre propone y Dios dispone.
32956	¿Crees en Dios?
32975	La amistad y la felicidad son inseparables.
32989	Le corrieron lágrimas de los ojos.
32997	Pon la tetera de pie.
33006	No puedo calcular la distancia.
33027	No quiero verme envuelto en este conflicto.
33052	La imagen se ve invertida en la lente.
33086	El elefante es un animal enorme.
33166	Su equipo volvió a perder.
33167	Mi abuela solo tomó un poco de sopa.
33178	La nieta del doctor Wu acaba de aprender a caminar.
33184	Xiao Liu compró una pluma.
33187	El compañero Chen fue a la oficina de correos a mandar una carta.
33198	En total hay más de diez estudiantes.
33226	Ya no queda azúcar en la lata.
33296	Betsy no es más que una niña.
33309	Trabajo en una escuela de regularización.
33317	¿Cuánto tiempo te vas a quedar en Oxford?
33325	Esta habitación tiene dos clósets.
33331	La madrastra le sonrió fríamente a Cenicienta.
33403	Ellos suelen jugar bádminton aquí.
33433	El barco está ahora de este lado del puerto.
33439	No conozco bien esta palabra.
33484	Mi amigo me invitó a cenar con él.
33512	No toquen esta mercancía.
33525	Quiero terminar esta discusión.
33530	He visto perros cruzar un río nadando.
33626	La ceniza volcánica obstaculiza la navegación.
33650	¡Esfuérzate sin rendirte!
33667	El quitaesmalte huele muy feo.
33674	En la biblioteca hay muchos libros.
33745	Los detalles hacen grandes las ideas.
33784	Podemos ver el buque de guerra que se aleja.
33811	Cuanto más se habla, menos se hace.
33839	¿A poco no me veo muy padre?
33908	Él se adaptó a su nueva vida.
33966	La lluvia se llevó la tierra.
33982	Me invitó a un banquete.
33984	Mi máquina de escribir se descompuso.
33994	Él tendió la mano a los pobres.
34023	¿Dónde debemos poner la basura?
34055	No es necesario que te quedes en el hospital.
34159	Él lo tomó como una crítica velada.
34167	Ella no tiene ni pizca de modales.
34200	Él se niega a subirme el sueldo.
34209	Ella le sugirió que hiciera ejercicio todos los días.
34237	¿Cuánto gana él al mes?
34241	Cinco mil yuanes es mucho dinero.
34268	La carga del camión superó las tres toneladas.
34272	Ya te enseñé todo lo que sé.
34285	El niño iba sin camisa.
34288	La moda de este año es completamente distinta a la del año pasado.
34294	Las bacterias son tan pequeñas que no se ven a simple vista.
34316	Quiero un desarmador.
34362	El coche se detuvo lentamente.
34408	Ella interpretó muy bien esta canción de amor.
34451	Él levantó el trofeo bien alto.
34491	Hay un tigre merodeando por aquí.
34506	Recomiéndame algunos.
34556	De pronto me detuve.
34562	Él agarró la mano del niño.
34568	A mi hija le gusta comer la yema del huevo.
34571	Vamos a hacer una carne asada junto al mar.
34572	Tú serás mi yerno.
34579	Su piel es blanca como la nieve.
34581	El alemán es una lengua flexiva.
34600	Esta escena me asustó.
34606	Este niño tiene mucho futuro.
34617	Arranca la maleza y la tira.
34666	Antes de acostarte, lávate los dientes.
34669	La exposición ya está abierta.
34713	Ella es alumna de segundo año.
34741	Mi padre lleva muchos años dedicado al comercio exterior.
34747	Él colaborará en este proyecto.
34753	Él está embriagado de alegría.
34754	Este artista hace pintura tradicional china.
34764	La nieta lee junto con su abuelo.
34780	La gente sospecha que es un espía.
34841	No quiero ensuciarme las manos.
34850	Prefiero tomar pastillas que ponerme una inyección.
34871	La reunión se celebrará el próximo domingo.
34890	Las abejas vuelan entre las flores.
34908	Verla tan débil me tuvo con el alma en un hilo.
34925	Ella lleva una vida acomodada.
34934	Él vive como un caballero.
34935	Nadie más echó una mano.
34941	Después le escribió al presidente.
34949	Pero el campesino le sonrió.
34973	Él perdió por completo el sentido de la responsabilidad.
34974	Este camino va al aeropuerto.
34982	Ella camina con mucho cuidado.
34989	Todos se sienten pesimistas.
34996	La chica pasó rozándome.
34997	Esta camisa cuesta doce libras.
35010	Los arrecifes de coral son el principal atractivo de esta zona.
35039	Olvidé guardar antes de apagar.
35072	Ella no es de fiar porque miente seguido.
35092	Todos sus amigos lo respetan.
35097	¿Qué crees que estoy haciendo?
35145	Quieren participar en los Juegos Olímpicos.
35204	No me alcanza para un coche tan caro.
35233	Me dio tanta vergüenza que quería que me tragara la tierra.
35255	Hay un traidor entre nosotros.
35265	Mi madre es muy activa.
35298	Con el avance de la inflación, el dólar se devaluó.
35343	La víspera del examen estaba especialmente ansioso.
35344	El clima de ese país es muy severo.
35348	Vivo en la prefectura de Hyogo.
35349	Le voy a escribir una carta a Judy.
35450	Circule por la derecha.
35458	Comiendo de su plato y mirando la olla.
35531	La niña contempla la muñeca.
35570	Él secó su ropa mojada junto al fuego.
35573	Me gusta usar software de código abierto.
35575	¿De quién es esta tumba?
35582	A todo el mundo le gusta flojear.
35599	Ella lo sacó del lodo a jalones.
35612	Su piel es más blanca que la nieve.
35647	Antes de ir a pescar, desenterró unos gusanos como carnada.
35700	El inglés es una herramienta de comunicación.
35701	Él es una persona terca.
35729	¿Puedo estudiar aquí?
35750	Podrías contagiarte de alguna enfermedad.
35771	¡Quiero una espada como esta!
35797	Responde con cuidado a mis preguntas.
35816	Ella le besa la mejilla.
35826	Elige un libro con cuidado.
35844	Esta ciudad tiene muchos habitantes.
35865	No importa que haga un poco de frío.
35903	En este punto no estoy de acuerdo contigo.
35906	Él se ve sano y fuerte.
35908	Tómate la sopa antes de que se enfríe.
35945	Diciembre tiene treinta y un días.
36021	Solo comí un bocado de pan.
36025	Le di la carta a escondidas.
36047	Me temo que ya me tengo que ir.
36057	Desde aquí la vista es muy bonita.
36067	Los farolitos cuelgan de las ramas.
36068	¿Por qué gritan tanto?
36086	¿Cómo lo explicaste?
36120	Sentí que la casa se sacudía.
36146	El lenguaje es exclusivo del ser humano.
36161	Acostarse temprano y madrugar es bueno para la salud.
36200	Mamá nos prepara té.
36270	La filosofía es el amor a la sabiduría.
36321	En las grandes ciudades hay muchas tentaciones.
36333	¿En tu país la gente come arroz?
36334	Riega las flores antes de desayunar.
36379	Da la casualidad de que ella sabe su dirección.
36392	"Me gusta viajar". "A mí también".
36408	Nadie trabaja más duro que ustedes.
36446	Su cuadro está colgado en la pared.
36478	Aguanta un momento y vendrá la calma; cede un paso y el mundo se abre.
36484	Hablar sin pensar es disparar sin blanco.
36508	Comimos después del mediodía.
36514	La biblioteca está en el centro de la ciudad.
36546	Él es un maestro panadero famoso.
36555	¡¿Cómo que estudias en sábado?!
36692	Ella le dio un masaje.
36700	Él corrió hasta alcanzar a su hermano mayor.
36712	Esta norma no admite excepciones.
36722	Mejor evita este tema en la noche…
36757	¿Cuándo empiezan tus vacaciones de verano?
36765	Los durazneros en flor son muy bonitos.
36863	La ropa que usa siempre es muy sencilla.
36864	Ella se acostumbró a una vida austera.
36887	Las manzanas se pueden comer con cáscara.
36922	No logro recordar la melodía de esa canción.
36947	No desvíes mi pregunta.
36950	A la suela del zapato se le hizo un agujero.
36990	Él es muy codicioso con el dinero.
36994	Ella es cuidadora en un kínder.
37177	Él habla sin rodeos.
37179	No puedo masticar muy bien.
37187	Frotando dos palos se puede hacer fuego.
37191	Intentaron forzar la cerradura con una barra de hierro.
37212	A la pareja le costaba mucho separarse.
37232	Él fue a Nagoya por trabajo.
37234	Si la fruta se guarda mucho tiempo, se arruga.
37241	¿Se puede obtener el diámetro a partir de la circunferencia?
37273	¿Grande o mediano?
37310	Cada mañana como un plato de avena.
37311	¡Ve al fregadero a ayudar a lavar los trastes!
37321	El guía preparó un plano de asientos.
37330	¡Qué espíritu tan admirable!
37332	¡Lo que hizo demuestra un espíritu admirable!
37360	Tokio es todavía más animado que Pekín.
37368	El sol ya se va a meter.
37380	¡Ni crean que me van a atrapar!
37392	Qué casualidad: estas dos cosas todavía están en reparación.
37410	¿Por qué sigues dando rodeos?
37414	¡Otra vez estás molestando a los más débiles!
37478	Para la cena voy a preparar sashimi.
37493	¿Dónde demonios se escondió?
37508	Así no va a funcionar.
37526	¡Oye! ¿Qué estás haciendo?
37571	Solo la paz puede salvar al mundo.
37613	Por ahora, mejor escóndelo en la bodega.
37691	Desperté de la siesta, pero la tristeza no.
37733	El aire está contaminado por los gases de escape.
37795	Me voy a la escuela de regularización.
37809	China es muy extensa, por eso hay muchísimas variedades de té.
37848	La virtud de una persona es clara como el agua.
37855	Por la lluvia, el día de campo se echó a perder.
37888	¡Pero la tele está en lo mejor!
37934	Creo que me voy a quedar soltero toda la vida.
37955	Nos topamos con un hueso duro de roer.
37988	Ella aceptó casarse con él.
38012	Él es un gran pescador.
38035	No pude contener mi ira.
38038	El timbre me despertó.
38047	Se solicitan meseros.
38095	Un ángulo recto mide noventa grados.
38138	Prevenir los incendios forestales es responsabilidad de todos.
38145	No entiendo el cantonés que hablan mis compañeros.
38158	Abraham Lincoln es una persona famosa.
38181	Siento mucha pena por ese pobre perro.
38184	Hasta ahora, todo va bien.
38208	Gracias a ti sigo vivo.
38214	No me gustan las series de viajes en el tiempo.
38236	Todos los días llena el foro de mensajes sin sustancia.
38254	Lo que más odio es aprenderme los textos de memoria.
38309	Tu problema y el mío se parecen mucho.
38349	¿Cocinas con gas o con electricidad?
38360	¡No aguantas ni este poquito de sufrimiento!
38370	¡¿No es aburridísimo que todos los días sea igual?!
38389	¡Qué atrevidos son ustedes!
38403	Me siento desolado y solo.
38431	Con dinero baila el perro.
38432	Quiero ser programador.
38441	¡Mira, rima!
38447	Deberías pedirle su opinión.
38456	Solo lanzo una idea para que otros aporten mejores.
38473	Tienes que reiniciar la computadora.
38506	En el balcón hay una maceta con flores.
38551	No subestimes mi fuerza.
38567	Él sacó unas monedas.
38570	Él aceptó sin pensarlo dos veces.
38589	Ya no sirve de nada arrepentirse.
38593	No invadas su privacidad.
38594	Él invadió su privacidad.
38597	¡Ay! ¡Casi se me olvida!
38644	Ella lo insultó.
38654	Debes juzgar este caso con imparcialidad.
38690	La falta de ejercicio es mala para la salud.
38693	Tengo una molestia en el ojo derecho.
38697	No se te vaya a caer este vaso.
38791	El abuelo me hablaba con la pipa en la boca.
38796	Los tirantes son lo más seguro.
38797	Él escuchaba con la barbilla apoyada en la mano.
38860	Traten bien a quienes los odian.
38877	El señor Wood no tiene hijos varones.
38878	Francamente, él se equivocó.
38904	¿El ábaco se originó en China?
38951	Me dijo que ella estaba enferma.
38980	Ella se dio la vuelta enojada.
39003	Muy bien dicho.
39007	No me gusta este tipo de dulces.
39050	Sobre la mesa hay un libro de danza.
39067	Kiev es la capital de Ucrania.
39080	En la noche normalmente me duermo temprano.
39084	Tengo el sueño ligero; me despierto fácilmente.
39086	Esta puerta se cierra sola con llave.
39119	Este poema se escribió anoche.
39179	La adicción a internet sí existe.
39184	Lo premiaron con un reloj de oro.
39213	El esperanto es la lengua de la amistad.
39278	Ese guapo es nuestro maestro.
39404	Faltan cinco días para las vacaciones de verano.
39419	Es una ópera en cinco actos.
39430	Ellos ensamblan aviones.
39489	Transmitimos las noticias a la hora en punto.
39490	Por favor, deme algo para el mareo en avión.
39549	Marco se arrepintió de haber hecho algo malo.
39558	Los jóvenes suelen vestir ropa extravagante.
39560	Estoy seguro de que él me va a ayudar.
39572	Su vida estaba amenazada.
39585	Nadie puede quitarte tus derechos humanos.
39612	La bicicleta se lanzó hacia la meta.
39628	Estoy leyendo un cuento.
39644	Anoche comimos hasta reventar.
39653	La sentencia le fue desfavorable.
39664	Es guapo y además es un gran deportista.
39735	Tenemos que ser comprensivos porque ella es joven.
39737	Simplemente me gusta hacer amigos.
39775	Siempre se están peleando.
39800	Su prestigio decae día a día.
39801	Quítate la máscara.
39848	Puedes pedir un préstamo al banco.
39892	Aunque es joven, es un buen médico.
39909	Tienes que pagar tres meses de renta como depósito.
39944	Por fin me siento valorado.
39974	¿Se divirtieron todos?
39997	Le aconsejé que dejara de pensar en vivir a costa de sus padres.
40053	Este es un gran momento.
40171	Él es casi tan alto como mi hermano mayor.
40172	La flecha indica la dirección a seguir.
40202	Me considero tu tutor.
40234	En Cantón el verano es muy largo.
40244	Él gana tres veces más que yo.
40301	No soporto su actitud.
40310	Ella habla de manera muy vulgar.
40317	Este anciano es ciego de un ojo.
40322	La seda es muy valiosa.
40357	Ayer unos asaltantes se metieron a la tienda.
40358	Llamaron de vuelta al embajador desde Varsovia.
40471	Ese solitario se divierte observando hormigas.
40514	Le voy a regalar a mi mamá una planta en maceta.
40537	Monopolizaron el suministro de materias primas y pusieron precios exorbitantes.
40557	Después de un plato de sopa caliente, me sentí de maravilla.
40574	El fin de semana pasado fui a escalar.
40578	El Congreso ya lo está debatiendo.
40584	La fuerza de la corriente derribó el puente.
40590	Estoy orgulloso de mi padre.
40604	Todavía quemamos carbón para calentarnos.
40750	Su punto de vista no vale nada.
40753	Su comportamiento es muy vulgar.
40761	¿Sabes por qué? Por culpa del gato.
40784	No te metas en sus asuntos.
40794	Este tipo de persona está condenada al fracaso.
40795	Eres muy refinado; sabes todo sobre la poesía Tang.
40829	Este mal olor da náuseas.
40854	Totoro dijo: "No hablo chino".
40903	Hay una marca en la mesa.
41010	¿Cómo se lograron resultados tan brillantes?
41065	Inesperadamente, la cosecha fue abundante.
41086	Él vendó la herida.
41149	La física es una ciencia natural básica.
41168	Él me obligó a ir allá.
41172	Preocupado, empezó a mirar el reloj.
41268	Ese libro tiene muchas páginas.
41288	Los ratones se reproducen muy rápido.
41309	El murmullo del arroyo me arrulla.
41325	¡Comí papilla de arroz negro tres veces en un día!
41344	Ya te perdonamos.
41349	¿Tienen algo para la tos?
41390	Puede rentar un bote por hora.
41392	Los japoneses suelen ser reservados.
41437	Si tú estás bien, para mí es un día soleado.
41450	¿Tienes televisión en tu recámara?
41503	¿Cómo se usan los palillos?
41510	Quiero cinco albóndigas.
41535	Esta agua huele muy mal.
41603	Afuera está tronando, ¡tengo mucho miedo!
41661	En la noche vamos a comer empanadillas, ¿sí?
41673	La medicina le alivió el dolor.
41676	Ya casi empieza el otoño.
41681	Necesitamos gente talentosa.
41701	Que nadie toque esto.
41763	En este punto él reveló el secreto.
41779	Se descubrió el secreto entre Tom y yo.
41781	El niño me hizo una reverencia.
41796	Esta ley sigue vigente.
41945	Crece muy frondoso.
41957	Pasó algo muy chismoso.
42310	Esa pared se siente fría al tacto.
42399	Todas las tardes les doy de comer a mis perritos.
42489	No puedo ocultar lo que siento.
42531	Ella tiene la costumbre de morderse las uñas.
42589	El vendedor insistió hasta el final.
42604	En la semana dorada del Primero de Mayo parece que todos se quedaron encerrados en casa.
42627	Ella es una persona muy franca.
42665	Quiero aprender inglés estándar.
42676	Los vi caminar tomados del brazo.
42694	Xiao Ming lee para cultivar su espíritu.
42718	Si trabajas en los medios, sé fiel a tu conciencia.
42729	Xiao Ming tiene una personalidad muy extrovertida.
42733	El trabajo de burócrata es de verdad ingrato.
42750	Este coche está estacionado frente al banco.
42766	La toalla no sirvió para nada.
42796	Ayer me quedé todo el día en casa.
42823	El que pega primero pega dos veces.
42888	Esta factura está llena de errores.
42889	Nadie quiere hacerse cargo de este desastre.
42906	Sécate el sudor de la frente.
42908	El marco vale más que el cuadro.
42928	Gracias por tu gran apoyo.
42937	Quererse a uno mismo sirve para tener más confianza.
42962	Se formó una larga fila frente a la tienda.
43072	¿Cuál es el peor escenario?
43101	No vi ningún daño.
43155	Mañana, soleado y después chubascos.
43166	¿Ya le diste de comer al perro?
43216	¿Trajiste tu secadora de pelo?
43248	¡Vaya, si no me lo dices ni me entero!
43273	Ese día hacía mucho frío y además empezó a llover.
43301	Las ovejas nos dan lana.
43306	El león obedece al domador.
43353	Muchos estudiantes reprobaron el examen.
43382	Tengo una espina en el dedo.
43387	Ella insiste en que su análisis es correcto.
43398	Ella tiene cientos de libros.
43427	Últimamente hay muchísimos fraudes graves.
43441	Tenemos que comprar vinagre.
43451	Las minifaldas ya no están de moda.
43536	Él pagó el doble.
43570	Me nombraron capitán del equipo.
43622	Llegué a Pekín el mes pasado.
43625	Ayer compré este cerdo.
43670	No olvides checar tu salida antes de irte.
43687	¿Tiene nietos?
43693	Él la miraba con admiración.
43712	Ese fue su primer trabajo.
43733	Lo entrenaron expertos.
43761	Una tormenta volcó un barco.
43794	Tom siempre se salta las clases.
43812	Mi hermano mayor está debajo del árbol.
43871	Colgué el calendario en la pared.
43880	¿Sabes cómo cocinar langosta?
44007	Los pájaros construyen el nido poco a poco.
44017	¿Por qué estudiar klingon?
44056	Las matemáticas son el lenguaje con el que Dios escribió el universo.
44081	Esta silla es de plástico.
44110	Esta silla de plástico es muy barata.
44191	¡Adelante, por la gloria!
44247	Su relación es algo ambigua.
44254	El color se va oscureciendo.
44284	Parece que últimamente adelgazó.
44293	Los vehículos van y vienen día y noche.
44331	Ella vende conchas junto al mar.
44368	¡Esto es pura hipocresía!
44417	Necesitamos recortar gastos.
44421	Esta película es muy polémica.
44463	Todos llevamos alguna queja por dentro.
44517	El alcohol daña el hígado.
44523	Él advirtió a sus alumnos.
44593	Ella lleva el pelo trenzado.
44597	Esto pondrá en riesgo tu seguridad.
44632	El precio refleja la demanda.
44639	¿Quieres jugar go conmigo?
44675	Esta comida está demasiado salada.
44729	Hoy es el Día del Niño, el primero de junio.
44784	Por favor, no cuelgue todavía.
44809	Estamos buscando nuestros pasaportes.
44884	Deberías pensar en tu jubilación.
44896	Le duele la espalda y no puede agacharse.
44902	Los rascacielos están en el centro de la ciudad.
44910	Me arden los ojos.
44961	¿Esto es tofu?
44975	En la canasta hay muchos huevos.
44982	La fruta es muy buena para el cuerpo.
44991	Creo que ella es muy valiente.
44999	Mi carrera es Ciencias de la Religión.
45087	¿Cuándo vas a clase?
45234	La brújula apunta al norte.
45247	¿Me puede hacer un descuento?
45363	Ya no discutas con él.
45373	¿Solo copiaste esta cantidad de hojas?
45390	Me duelen muchísimo las sienes.
45526	Debemos ayudarnos unos a otros.
45576	Los tejidos del cuerpo humano están formados por células.
45701	Ella no quiere que él juegue póquer.
45708	Hoy, soleado con nubes ocasionales.
45712	Él sabe jugar póquer.
45723	El tren expreso está entrando a la vía.
45726	Este estrecho es demasiado angosto para los yates.
45761	Por favor, dé vuelta a la izquierda en esa esquina.
45766	Él tiene ideas asombrosas.
45824	Puedo cargar esta caja en la espalda.
45837	El niño, abrazado en el regazo de su mamá, escucha el cuento.
45912	Él le puso una funda al coche.
45995	Estoy aprendiendo birmano.
45999	El cuchillo del carnicero está en el cajón.
46110	Espero que vayas a Boston.
46138	Soy fotógrafo independiente.
46210	No pierdas el tiempo haciendo eso.
46292	Este tipo no tiene vergüenza: escupe en cualquier lado.
46314	Así es como cocinamos el arroz.
46346	¡Cuidado! Casi te atropella un coche.
46463	Me arrebataron la cartera.
46477	¿Este año vas a ir a celebrar el Año Nuevo?
46478	¿Dónde vas a recibir el Año Nuevo?
46530	Ven a disfrutar del sol.
46559	Las hojas secas arden con facilidad.
46603	Esta extensión eléctrica es demasiado corta.
46608	Antes de echar los fideos a la olla, hay que partirlos en trozos.
46619	Le pedimos a la niña que subiera al escenario con la alcancía de donativos.
46678	El señor Davies parece muy cansado.
46726	¿Por qué siempre soy yo el que estorba?
46729	Vivo en Malasia.
46737	¿Puedo tocar esto?
46758	Prepara el caldo en una olla grande.
46788	El puente se derrumbó por el peso.
46812	Disculpe, ¿cuánto cuesta esto?
46832	Los bancos no abren los domingos.
46858	Tú tampoco eres ningún santo.
46890	No me grites.
46972	Él es la oveja negra de la familia.
46985	Parece que el público se aburre.
47007	El jabón quita la mugre.
47110	Ella se rascó la cabeza.
47114	Tus labios son muy bonitos.
47177	Esta silla es demasiado baja para mí.
47257	Llaman a este planeta "Tierra".
47272	La familia es el núcleo de la sociedad.
47275	Él se encogió de hombros.
47279	Mi hijo mayor está estudiando.
47336	Él tiene una maestría en Matemáticas.
47397	El cuervo es negro como el carbón.
47402	Qué lástima que no vi esto.
47495	¡Qué paisaje tan hermoso!
47554	Por favor, no me dejes solo.
47557	Se mudaron a una casa nueva.
47620	La cama ocupa mucho espacio.
47632	Te estás contradiciendo.
47707	No es alto, pero tiene mucha fuerza.
47748	Él respondió que no sabía.
47751	¿Ella es programadora?
47752	Klava le tiene envidia a Liusia.
47780	Al oír la noticia, se desmayó.
47879	La suegra es la madre de la esposa.
47882	Hay que corregir esta oración.
47896	Este sillón es muy cómodo.
47934	En el cielo hay miles de millones de estrellas.
47940	Prefiero las novelas con final feliz.
47957	Ella fue la última clienta.
47961	Por favor, firme el contrato.
48039	Nadie puede volver a ser joven.
48044	Más volumen no significa más peso.
48069	Las jirafas tienen el cuello muy largo.
48099	Estos árboles tapan la vista.
48172	No te dejes engañar por las apariencias.
48176	Gracias por su pronta respuesta.
48213	Tiempos extraordinarios requieren medidas extraordinarias.
48237	¿Te gusta la sopa de fideos con res?
48274	La fecha de fabricación está en la tapa.
48292	Hoy la diferencia de temperatura es algo grande.
48323	Eres irresistible.
48330	Últimamente estoy algo estresado.
48385	Compramos un sillón cómodo.
48471	Tom exprimió la toalla y la colgó a secar.
48493	¿Todavía practicas tu religión?
48510	¿Conoces bien este campo?
48525	De verdad es desalentador.
48549	Te lo agradezco de todo corazón.
48577	En promedio duermo seis horas al día.
48586	Eres demasiado modesto.
48606	No sigo tu lógica.
48614	Ella le dio un piquete en la espalda.
48661	Gran Bretaña también es una isla.
48662	Me interesa la cerámica oriental.
48677	No era mi intención asustarte.
48682	Cuando termines de barrer, yo trapeo.
48913	Ella es lo que se dice una ratona de biblioteca.
48967	Se puede, pero es poco probable.
48987	Ahora empiezo a entregar las medallas de bronce.
49049	Apuntó, pero no dio en el blanco.
49071	Seguimos haciéndolo muy bien.
49140	Es un reto enorme.
49150	Ellos trabajan muy duro.
49167	Ahora nos falta inventario.
49196	Deberíamos celebrarlo juntos.
49257	Eso no es más que de dientes para afuera.
49297	No hablo bengalí.
49368	Disculpe, me equivoqué.
49443	¿Me permite preguntarle su edad, señorita?
49478	¡Vamos en taxi!
49502	¿Puedo usar la computadora?
49565	Él se siente impotente ante la vida.
49568	No tuve más remedio que seguirla.
49655	¿Me puede dar un cupón de descuento?
49751	El maestro los regañó.
49863	¿Me puedes decir la razón?
49867	Esta casa se amplía de vez en cuando.
49890	No conozco ese baile.
49917	No olvides sacar la basura.
50007	¿No será que se te pasó algo?
50046	En esta zona casi no nieva.
50063	No tiene nada que ver contigo.
50064	Esto es como buscar una aguja en un pajar.
50072	No es más que un don nadie.
50075	Lo que para uno es miel, para otro es veneno.
50098	Enmendar el camino.
50186	Su carrera política se acabó.
50236	Hablas como funcionario.
50246	¿Qué significa eso en el fondo?
50499	En la escuela usamos uniforme.
50537	Primero quiero verte en persona.
50581	A veces tienen conflictos.
50589	No te preocupes por esto.
50672	¿Qué bandera es esta?
50696	Él arrastra sus libros.
50719	El corazón está dentro de la caja torácica.
50742	El árbol proyecta una sombra larga.
50864	Anoche fui al estadio.
50954	¿Me tallas la espalda?
51035	Mi abuela perdió la memoria.
51092	Les dije que tenías hambre.
51211	El amor verdadero no cambia.
51281	Es un barandal muy firme.
51341	Esto me da mucho coraje.
51360	Me encanta el jugo de saúco.
51379	A los niños les gusta tomar jugo.
51388	Este jugo de manzana es puro.
51439	Tom nunca ha sido rico.
51444	Este archivo no aparece por ningún lado.
51518	¿Puedo sentarme a tu lado?
51523	Un águila tiene el ala rota.
51571	Deberías decirlo con más claridad.
51573	Su tía tiene tres gatos.
51574	Lo veneran como a su líder.
51584	¿Hay algún vehículo de veinticinco asientos?
51633	El amor no es un recurso ilimitado.
51642	Tu idea es difícil de llevar a la práctica.
51677	El negocio se recuperará pronto.
51679	Deberías poner esta frase entre paréntesis.
51710	Puedes cavar en el suelo.
51712	Me hospedo en el hotel Hilton.
51716	Mark le compró un coche a su hijo.
51754	La química nos dio el plástico.
51884	No te recargues en la pared.
51936	Tuve un día difícil.
51941	Tom parece difícil de tratar.
51958	La comprensión mutua favorece la paz.
52014	Sé cómo poner una trampa.
52142	La tecnología espacial todavía está en pañales.
52199	No planeas tomarme el pelo, ¿verdad?
52260	Te aviso con anticipación.
52261	No bajen antes de que el tren se detenga.
52263	Él cortó de tajo toda relación con ellos.
52274	Ella no cumplió con la fecha límite.
52280	¿Y si algo se descompone?
52313	¿Puedes escribir con bolígrafo?
52349	Oye, tu perro me acaba de morder.
52376	Ella cuida al pobre pajarito.
52406	Seguimos siendo muy frágiles.
52416	Debemos aprender a convivir en armonía con la naturaleza.
52418	Con su esfuerzo ganó mucho dinero.
52424	Están ocupados con reformas sociales.
52452	Esta noche me siento bien.
52454	Tom le agregó brócoli al guisado.
52457	Ella es joven y guapa, pero de salud delicada.
52459	Las computadoras personales son muy útiles.
52463	Tengo que pagar mis deudas.
52583	Ten cuidado al cruzar la calle.
52717	Los calcetines sucios apestan.
52826	Este es un buen lugar para poner la tienda de campaña.
52839	Te agradezco que me hayas ayudado a aclararlo.
52843	Superé las dificultades gracias a mi tenacidad.
52874	Me voy a vivir a Camboya.
52940	¿Tienes algo para quitar el óxido?
52962	¡A todos les encanta la vuvuzela!
53046	Fue una reunión excelente.
53099	Este diamante parece auténtico.
53138	¿Incluye el desayuno?
53195	Dan ni siquiera tomó un curso básico de anatomía.
53221	En la Fiesta del Barco del Dragón se comen zongzi.
53222	En la Fiesta del Barco del Dragón hay carreras de barcos dragón.
53256	Metió un autogol.
53271	Me gusta el idioma noruego.
53380	Su éxito la convirtió en blanco de la envidia.
53476	Soy actor, no modelo.
53528	Tenemos un montón de comida.
53541	A menudo voy a Chongqing a comer salchichas.
53551	Llegaron a la escuela dos mil alumnos de primaria.
53572	Ya lo analizamos.
53590	Ya cancelaron la huelga.
53603	Antes de trabajar, pon en orden tus ideas.
53613	Innumerables estrellas brillan en el cielo.
53626	Sus calcetines son grises.
53641	Creo que hay que mantener el equilibrio.
53757	Es un sartén sin mango.
53773	Esta es mi licencia de manejo.
53910	¡Disfruta tu comida con calma!
53962	Nadie quiere leer lo que envío.
54029	En la Fiesta de los Faroles se comen yuanxiao.
54047	Él está pescando con red.
54054	Tus pantuflas están muy lindas.
54112	Intenté evitar que sucediera.
54134	Ya se lograron grandes avances.
54201	Estas dos palabras se confunden fácilmente.
54329	Estoy muy agradecido por eso.
54396	Reinicia tu computadora.
54408	Si tienes sed, toma algo.
54414	Importamos carne de Argentina.
54420	¿Es difícil comer con palillos?
54427	Creemos que esto no es serio.
54428	Ya puedes borrarlo.
54431	Esto me resulta familiar.
54459	En Sevilla llovió mucho.
54560	Él tiene tres veces más libros que yo.
54574	Tenemos que cambiar de tren en Zaragoza.
54614	Se nubló; va a llover.
54630	¿Qué quieres decir en realidad?
54648	No puedo controlar mi enojo.
54726	¿Encontraste tu boleto?
54785	Vengo de una familia grande.
54803	Juro que no hice nada.
54804	¿Qué le pasa a mi pierna?
54857	Estaba tan cansada que ya no podía seguir estudiando.
54924	Es algo de lo que puedes estar orgulloso.
54977	¿La policía encontró huellas digitales?
55049	En la antigua China no había sillas.
55095	Este material didáctico francamente confunde a los alumnos.
55112	Pesemos medio kilo de calamar.
55131	¿Qué tan lejos queda tu escuela?
55154	Ahora es temporada alta de turismo.
55179	¿Ya votó?
55215	Él es gimnasta de barras paralelas.
55254	Él inclinó la carretilla y la vació.
55275	El basquetbol es muy divertido.
55282	Este diseño es muy amigable para el usuario.
55443	No sé qué ponerme.
55510	Este libro cuesta veintitrés yuanes con cincuenta.
55550	Mañana estará soleado y hará calor.
55599	Sí, soy José. ¿Y usted?
55707	Ella lleva zapatillas de ballet.
55723	Él trae unos calcetines de algodón.
55774	Estamos luchando contra el reloj.
55796	Quiero que descanses un poco.
55803	Tom le guiñó el ojo coquetamente a Mary.
55819	Quedé empapado como sopa.
55832	Dijiste que tenías noticias importantes.
55898	Él está jugando Tetris.
55907	El virus me dejó la computadora paralizada.
55912	Él trae unos calcetines nuevos.
55913	Sus calcetines están rotos del talón.
55918	Él compró unas medias hasta la rodilla.
56022	Bate las claras hasta que se pongan firmes.
56089	Ella es la que alimenta a nuestro perro.
56114	Cuida tu vida: no juegues en el agua.
56136	Aquí en invierno nieva mucho.
56181	Bienvenido a tu nueva casa.
56190	David conoció a alguien.
56191	David comió muchísimo.
56206	Hoy no hace calor; hoy hace mucho frío.
56241	El carpintero lleva sus herramientas.
56288	Este yogur no contiene lactosa.
56319	Tom tiene el pelo alborotado.
56338	A ella no le gusta nada con sabor a coco.
56638	¿Cuántas mandarinas se comió Tom?
56662	No es difícil encontrar a Fadil.
56665	¿Hablas na'vi?
56831	El tren llegó diez minutos tarde.
56838	Esta noche cenamos costillas agridulces.
56844	El futuro es muy incierto.
56970	Reikiavik es la capital situada más al norte.
57018	Hola, Juan; me llamo Minghui.
57026	Al atardecer me gusta pasear por la orilla del lago.
57027	El velero navega a lo largo de la costa.
57065	La gente de hoy depende demasiado del celular.
57092	¿No deberíamos cambiar de servidor?
57145	¿Puedes resolver este acertijo?
57189	Aquí nadie te va a molestar.
57198	Tenemos un vínculo especial.
57296	Lin Feng, ¿lo conoces?
57300	Hola, me llamo Lin Feng.
57405	Todo el mundo sabe que la Guerra Fría fue un enfrentamiento entre dos países.
57407	Tengo que ir a revisar los archivos.
57490	Me gusta tomar agua mineral natural.
57500	Esta pieza de aluminio fundido necesita otra mano de pintura.
57642	¿Lo envía por avión o por barco?
57654	Estos zapatos no me quedan.
57662	Nadie te obliga a ayudarme.
57733	El primer ministro renunció ayer.
57764	Él no quiere testificar a favor de sus compatriotas.
57800	Se aceptan donativos en efectivo.
57836	Me dio una cabeza de ajo grande.
57863	Esta isla está a punto de quedar sumergida.
57910	Cada vez más gente se muda al campo.
57977	Su manera de pensar es muy infantil.
57997	Vi mi reflejo en la ventana.
58043	Esta industria ha tenido un desarrollo explosivo.
58136	Ese técnico es muy hábil.
58140	Se están preparando para el examen.
58175	La envidia es carcoma de los huesos.
58265	¿Me prestas la tarea para copiarla?
58287	Esas flores la consolaron.
58292	Estamos consolando a su madre.
58318	Retira el sartén del fuego.
58336	Estaba tan cansado que me quedé profundamente dormido.
58359	Levanté la mano para parar un taxi.
58409	El nivel para participar es muy alto.
58461	Pasó en un abrir y cerrar de ojos.
58539	¿Quiere ventanilla o pasillo?
58550	Esta historia tiene un final trágico.
58571	¿No entiendes la lógica básica?
58613	Esta es la bandera de Granada.
58718	El color de esta flor es morado.
58859	Fue un momento hermoso.
58887	Estoy escribiendo el borrador del discurso.
58950	Tom cortó el árbol que tenía frente a su puerta.
59065	Ya no tengo mucha sed.
59070	Tom es muy torpe.
59079	Los hijos de Tom están en el ático.
59109	¡El té que me regalaste está delicioso!
59113	Qué hombre tan melancólico.
59135	Él se secó con una toalla.
59137	¿Compraste boleto redondo?
59251	Quien ignora la historia suele repetir sus errores.
59431	¿Vamos a perder?
59481	La calabacita es verde.
59489	Me encanta la sopa de lentejas.
59497	No me gusta el elote.
59534	¿El agua del vaso está limpia?
59549	Hay doscientos catorce radicales Kangxi.
59560	Los eclipses de sol ocurren solo de vez en cuando.
59569	Corea del Sur eliminó a Alemania.
59593	Ella está leyendo una revista de espectáculos.
59673	Hasta sus sirvientes lo desprecian.
59700	Una nube de colores cruzó el cielo.
59701	Al terminar la ceremonia de ofrenda, el cielo se despejó.
59747	Las gotas de lluvia golpean el vidrio de la ventana.
59753	Los comerciantes solo se fijan en las ganancias.
59764	Me calumnió diciendo que había mentido.
59821	No tenemos por qué avergonzarnos.
59837	Me duele la cintura; no puedo jugar tenis.
59922	Por fin recobró la cordura.
59947	Lo que dices son tonterías.
60004	Quieres mantenerte en el anonimato.
60020	El buen vino es un regalo de los dioses.
60200	El cielo está despejado y lleno de estrellas.
60253	Nunca logramos atraparlo.
60303	Brahe catalogó más de mil estrellas.
60312	Él vino el dieciocho de abril.
60320	La máquina se cubrió de una capa de polvo.
60391	Eres un periodista excelente.
60430	Te ves cansado. Deberías descansar un rato.
60450	Él renunció y se enlistó en el ejército.
60562	Su capacidad de organización es pésima.
60629	La llegada a la Luna fue un logro histórico.
60669	Llevo toda la vida haciendo este trabajo.
60722	El tofu va muy bien con el sake.
60813	¿Esta cebra es tuya?
60817	Cuando mis padres sean mayores, los voy a mantener.
60874	¿Cuándo comes pavo?
60903	Mis blusas de tirantes ya están viejas.
60918	Hay quien dice que el aguacate con salsa de soya es delicioso.
60919	La raíz de loto es el rizoma de la flor de loto.
60923	Ya me harté de las hamburguesas.
60924	La piel del tiburón es mucho más áspera que la del atún.
60945	¡Alto al acoso escolar!
60980	¿Me pasas la pimienta?
60986	Unas nubes negras pasan sobre la ciudad.
61036	¿Cuánto es el recargo por pago atrasado?
61087	Estoy en el departamento de mercadotecnia.
61119	Este año vamos a tener ganancias.
61127	Ya intentamos detenerlo.
61142	¿Cómo está tu esposa, Tom?
61164	Todavía no he visto ese video.
61222	Duermo boca abajo.
61254	Me dijo que no les tiene miedo a las serpientes.
61290	No quedó ni una gota de agua.
61317	Tom se escondió en el cobertizo.
61345	Vamos a tomarnos unas copas juntos.
61348	"Malinghu" es papa y "xihongshi" es jitomate.
61364	Ella lo describió como detective.
61400	Pásame el control remoto.
61431	Este trabajo paga muy bien.
61469	Quiero presentártelo.
61567	No soy exigente; como de todo.
61582	Esta persona coincide con la descripción.
61583	Esta descripción es demasiado abstracta.
61594	Los campesinos son el corazón del país.
61595	Ella y él se apoyan mutuamente en las dificultades.
61615	Gracias. De verdad cuento contigo.
61618	Me apresuré a forcejear.
61634	Para más detalles, pregunte en la recepción.
61746	Tom es una persona de pocas ambiciones.
61785	Las pruebas son irrefutables.
61794	Ella hizo todo lo posible por él.
61829	Dono sangre cada tres meses.
62235	Esto dañará nuestra reputación.
62250	Ella me contrató para ayudarla.
62284	Sintió un frío que calaba los huesos.
62299	Los gorriones cantan en el árbol.
62312	No te asustes. No es nada.
62339	La pantalla de esta computadora es muy nítida.
62460	¿Compraste comida para gato?
62477	Tu cena está en el horno.
62483	Esta máquina se descompuso.
62505	Quien mucho mal hace termina por destruirse.
62549	¿Por qué no ha llegado mi paquete?
62582	Ella tapó con la mano la bocina del teléfono.
62586	Por el tráfico, llegué tarde a la junta.
62613	Él salió de detrás de la cortina.
62628	Creo que aquí se está muy bien.
62678	Tom apretó la pala.
62681	Él tiene los músculos muy marcados.
62723	Subestimas tu encanto.
62734	Deme dos vasos de jugo de manzana, por favor.
62750	Alemania prohibirá que los empleadores espíen en Facebook.
62755	El vino se deja fermentar en barricas.
62826	Allí hay ocho piedritas redondas.
62832	La gente luce por la ropa, y el Buda por el oro.
62833	Esta yuca está tierna y deliciosa.
62860	¿Quieres manzana o durazno?
62893	Se fundió el foco del baño.
62939	El signo de exclamación es un signo de puntuación.
62954	La fuerza de la costumbre es enorme.
63013	La fuente está allá.
63055	¿Cómo se llama tu abuelo?
63100	Mi novia me cortó.
63102	Te felicito por tu compromiso.
63120	¡Hagamos un muñeco de nieve!
63167	No se puede recorrer Tokio en uno o dos días.
63182	Sus calcetines son morados.
63221	Llueve sobre mojado.
63227	¡Deja de dar lata! Tengo que estudiar.
63235	Este mango está muy dulce.
63267	Tienen más o menos la misma edad.
63292	De verdad tenemos que apurarnos.
36995	Al otro extremo de la calle transversal hay un kínder.
331	En pocas palabras, no estoy de acuerdo.
423	Bajémonos aquí.
1007	¿Qué insinúan sus palabras?
1119	El peinado de los Beatles causó sensación.
1505	"Quiero jugar cartas". "Yo también".
1519	"¡Esto es justo lo que estaba buscando!", exclamó.
1659	Él vio pájaros, flores y hojas de colores vivos.
1775	Tu conducta es completamente legal.
1942	No seas tan sensible a las críticas.
2357	¿En qué empresa trabaja él?
2679	Los dos equipos libraron un partido muy reñido.
2843	¿Por qué los castiga?
2919	Hice una mesa de madera.
3015	Los piratas escondieron el tesoro bajo tierra.
3363	Eso no es comportarse como un caballero.
3455	No eres más bajo que yo.
3898	El problema es que no nos alcanza el dinero.
4239	Se devanó los sesos para resolver este asunto.
4579	Fui tan tonto que me lo creí.
5063	Disculpa, ¿dónde trabajas?
5067	El aceite y el agua no se mezclan.
5397	Consulta el diccionario lo más que puedas.
5426	El profesor sonrió levemente.
6840	Los campesinos siembran en primavera.
6842	Esa mujer lo cautivó.
6846	¿Te interesa la política?
7054	Por el mal tiempo, el avión se retrasó.
7230	Un clavo ponchó la llanta.
7393	Déjame trabajar en paz.
7595	El amor es más fuerte que la muerte.
7705	El buen pájaro elige el árbol donde anidar; el buen ministro, el señor al que servir.
7776	Su corbata combina muy bien con su traje.
7782	Los muebles de la habitación están todos muy viejos.
8798	Él se fue solo al extranjero.
8967	Subió la escalinata paso a paso.
9182	Lo vi aserrando un árbol.
9312	Le robaron la bolsa.
10088	Cavamos un hoyo en el suelo.
10145	Disculpe, ¿tiene habitación doble?
10847	Esta sopa está demasiado salada.
11700	Me encontré con una anciana.
11860	Eso es solo tu imaginación.
12703	Me encanta recorrer librerías de viejo y tiendas de ropa de segunda mano.
12892	El maestro regañó duramente a los alumnos.
14074	Eso va en contra de mis principios.
14829	Watanabe es mi apellido.
15149	Nado igual de bien que mi hermano mayor.
16688	Los nobles vivían al este y al oeste de la Ciudad Prohibida.
16879	La Fiesta de la Primavera es el Año Nuevo lunar.
17312	A menos que llueva, yo también iré.
17485	Mis padres no hablan neerlandés.
18401	Deberías esforzarte por dejar de fumar.
18587	Cada persona debería ser dueña de su destino.
18699	Aquí la tierra es fértil.
19134	En cuanto cruces el río, estarás a salvo.
20427	Mis ojos son azules.
20659	No soy una bruja.
20767	En todo el mundo se estudia inglés.
20771	La comida taiwanesa es de sabor más suave que la india.
21108	No te creas todo lo que oyes.
21164	El monte Aso es un volcán activo.
21846	Él tiene un enorme potencial.
22030	Él siempre usa lentes oscuros.
22103	Como agua que resbala por el lomo de un pato: sin ninguna reacción.
22112	No hay rosa sin espinas.
22682	El gerente planea mejorar la estructura de la empresa.
23001	Ella buscaba a tientas una hoja de papel.
23320	Quiero algo dulce.
24450	Prefiero el té al café.
24563	Es evidente que te equivocaste.
24640	Cuanto más envejece, más terco se vuelve.
25100	Pon el corazón en ello, pero no te angusties ni te agobies.
25465	Ella me dio un reloj.
25586	La aceptaron en la Universidad de Harvard.
25788	Ella también rompió una taza.
25805	¿Qué síntomas tiene?
25868	El paciente se está recuperando poco a poco.
25947	Vendo ropa por internet.
29752	El camino a la estación es muy largo.
30624	Algunas personas le tienen miedo al matrimonio.
30752	Él pidió un plato de salteado mixto.
31038	Esta es mi única cámara.
31068	Ayudar es nuestro deber.
31191	Mi tío hizo su testamento el año pasado.
31841	No conozco tus planes.
31842	No puedo evitar admirar su talento.
32576	Quiero ser mago.
33394	¡Vete! No juegues aquí.
33430	"¿Dónde está tu libro?" "En la mesa".
33476	No te dejes caer tan bajo.
33496	El cazador persigue a la liebre por el campo.
33497	En primavera todos se levantan muy temprano.
33613	Este cuchillo no corta bien.
33851	Yun es más guapa que su hermana menor.
33873	Mi esposa es china.
33928	Este puente viejo no es nada seguro.
34120	Tengo curiosidad por saber para qué sirve el lóbulo de la oreja.
34502	No como cerdo, ni res, ni huevo.
34967	Este nombre me suena.
35071	Buscar un pretexto para llegar tarde a casa.
35957	La universidad tiene salones y también dormitorios.
36123	Saber usar la computadora es una ventaja.
36355	Equivocarse es de humanos.
37077	Tom se siente muy solo.
38074	¡Mañana ya tengo trabajo!
38134	El tifón volvió a hacer estragos.
38336	En ese momento debí de dar mucho miedo.
38343	No pruebo ni una gota de alcohol.
38549	Este lugar tiene un ambiente misterioso.
38863	Traten bien a quienes los odian.
39077	Ella recogió muchas piedritas bonitas.
39098	Esta historia terminó de forma apresurada.
40220	Es difícil atrapar una liebre con las manos.
40516	Por fin el barco entró a su puerto de origen.
41213	El médico está atendiendo a un paciente.
41412	Este mendigo junta pan duro.
41578	Que decida el destino.
41772	Es demasiado cruel.
42184	Ellas no hacen más que decir tonterías.
42524	Lloraba de dolor.
42973	Ahora la temperatura del cuarto es muy alta; se siente sofocante.
43619	¿Cuándo fue ella a Mongolia?
44235	Estoy doblando mi vestido.
45370	Si no se resuelve de inmediato, ese asunto se va a venir abajo.
45437	Tu cuarto está muy limpio.
46351	Todo lo que ves son alucinaciones.
46444	Santa Claus vive en el Polo Norte.
47214	Él sabe cómo atrapar pájaros.
48032	Mamá, tengo hambre.
48210	La población mundial crece rápidamente.
48724	Tom sacó la llave y abrió la puerta.
49480	Disculpe que lo interrumpa.
51627	El gobernador apareció en persona en la televisión.
51741	Él es radiólogo.
51801	Vale la pena notar lo nerviosa que está.
51829	Quiero ser quien toma las decisiones.
52251	Los diplomáticos tienen diversos privilegios.
52387	De verdad eres muy precavido.
53749	El amor es como el oxígeno.
54606	Debemos aprender de la historia.
54650	Mis piernas son más pequeñas que las tuyas.
55278	Por favor, hazlo como te enseñaron.
55927	El arte es una armonía paralela a la naturaleza.
56340	Sus declaraciones causaron descontento en la opinión pública.
57069	Los cráteres de la Luna ponen la piel de gallina.
57435	La fruta se pudre muy rápido.
57704	¿Cuántos taxis necesitan?
58799	A Tom le encantan las flores.
59086	Estoy viendo un partido de la Liga de Campeones de Asia.
59157	Tom sintió vibrar su celular.
59314	El próximo mes presento el examen de tesis.
59455	Me encanta el sabor de los champiñones.
59592	Ella acaba de comprar dos revistas de espectáculos.
59680	No los desprecio.
60224	¿Dónde está el martillo?
60985	Ella pegó la nariz al vidrio.
60997	Dominar un idioma extranjero es muy difícil.
61053	Este boleto es válido por tres días.
61197	Este es un punto clave.
61651	Esta clínica hace cirugías láser.
62728	El cautiverio enferma a los gorilas.
62752	Se me atoró el cierre.
1700	Comió con muchísima prisa, como lobo hambriento.
2420	Dicen que en esta zona hay un tesoro enterrado.
4340	¿Alguna vez ha visto un koala?
8910	En el mundo hay muchos pueblos distintos.
10040	Esta canción me trajo recuerdos de mi infancia.
13617	No me importa lo que piensen los demás de mi forma de vestir.
14483	El esfuerzo es la esencia del aprendizaje.
16720	Esta organización no tiene relación con ningún partido político.
17408	¡Y todavía se hace el desentendido conmigo!
20408	Dame otro ejemplo.
21035	No cedas ante estas exigencias.
22194	¡Muchas felicidades por tu cumpleaños, Muriel!
23147	Mira detrás de ti.
25803	Deberías reescribir esta oración.
26223	Él interpreta el papel de Hamlet.
27475	Ella está obsesionada con el rock.
30927	Su conducta va en contra de sus convicciones.
33691	Este sistema tiene algunas fallas evidentes.
34543	Se limpió las manos con un pañuelo.
42606	¿Acaso soy la única que se pierde en todos lados?
51539	Él habla con ceceo.
53183	Tengo un chícharo en la fosa nasal derecha.
56689	Ten muy presente su consejo.
60371	¿Qué comen los tigres?
2716	Este pescado no es venenoso.
5745	El tiempo vuela.
9746	¡Perdón por las molestias!
11008	El buen cuero dura muchos años.
17903	La policía pudo encontrar al culpable.
19139	Ella me reprendió con dureza.
34961	En Sicilia los veranos son calurosos.
45877	Él fue profesor de la Universidad de Cambridge.
60970	El caballo es un animal de granja.
61436	A los japoneses les gusta comer atún.
27379	¡Me vas a matar del coraje!
30531	John sacrificó su salud para terminar el trabajo.
2403	Ella bajó del techo.
10512	Esta sustancia en sí no es tóxica.
14904	Soy de Chaozhou.
48894	¿Te dan miedo las profundidades del mar?
34892	Todavía le queda suficiente espíritu de lucha.
30738	Aquí antes había una cárcel.
15338	Muchos países ya abolieron la pena de muerte.
44594	Ella lleva el pelo trenzado.
9983	Hay que cuidar a los ancianos, los débiles, los enfermos, las personas con discapacidad, las embarazadas y los niños.
20735	Los rayos ultravioleta pueden causar cáncer de piel.
44064	Este gato está muy gordo.
59201	El ampelis es un pájaro de color café y regordete.
39939	Mi mamá me va a matar.
25882	Bebiste demasiado; no estás en condiciones de manejar.
39587	Bob está un poco más gordito que su hermano.
5995	Lamentamos su fallecimiento.
36782	Al pájaro que asoma la cabeza le disparan (el que sobresale se lleva los golpes).
4150	Si se busca el origen, la inmensa mayoría de los estadounidenses son inmigrantes.
9400	Todavía es temprano; siéntense todos a platicar un rato.
9520	¡Un plato de wontons de masa fina, tan delgada que se ve la carne!
9685	Los productos de la calle Huaihai son elegantes y vanguardistas, con el sello de Shanghái.
9686	En la zona comercial de Xujiahui hay productos de gama alta, media y baja, cada tienda con su nicho.
9733	La empresa de mi tía va mal; después de que la despidieron se hizo niñera de recién nacidos y gana bastante bien.
9802	¡Tiene un cuerpo muy bien proporcionado! Hombros anchos, cintura estrecha y sin panza.
10102	No soy un pez de verdad, solo soy un peluche.
11642	El orden social no viene de la naturaleza; se basa en convenciones.
12792	Si su postura fuera un poco más humilde, sería perfecto.
13325	La libertad consiste en poder hacer todo lo que no perjudique a los demás.
13407	Fue un anciano bondadoso quien se ofreció a cortarle el pasto a su vecino.
14138	Le dio un fuerte hachazo y el árbol cayó.
14382	El director entregó el certificado a cada uno de los graduados.
15596	La Tierra da una vuelta sobre su eje cada veinticuatro horas.
15644	Yangzhou, Suzhou, Nankín, Hangzhou y Shaoxing son las cinco ciudades históricas de Jiangsu y Zhejiang.
16888	En chino, "jiaozi" (empanadilla) suena igual que "jiaozi" (el cambio de año), por eso tiene un rico significado cultural.
18479	Mi madre tarareaba canciones en la cocina mientras preparaba la cena.
19518	Muchas empresas de internet necesitan modelos de negocio novedosos para sobrevivir.
21523	Kate miró a Chris y luego lo ignoró, lo cual le dolió mucho.
22556	El diputado fue censurado por el comité de ética del Parlamento.
22712	El primer pipa se inventó aproximadamente en la dinastía Qin.
22843	Durante el Gran Juego, Afganistán fue un Estado tapón.
23911	Ninguno de nosotros cree que él sea el principal culpable del accidente.
25115	Hay dos cosas en el mundo que no pueden esperar: la piedad filial y hacer el bien.
27903	Los hackers encuentran nuevas formas de infiltrarse en redes privadas o públicas.
28572	Hacer voluntariado y que encima te critiquen, ¿no es una injusticia?
31244	Montañas verdes como el jade, y el murmullo del agua en el arroyo.
32049	Cuando el aceite hirviendo toca unas gotas de agua, salpica y suelta un olor que irrita la garganta.
32629	Estudiamos esa planta con detenimiento durante varias semanas.
33128	La red es un canal de comunicación, no una actividad material o concreta.
34681	Mucha gente me pregunta si despedirse de la juventud significa que se acerca la vejez.
35215	Reír es un instinto humano; con la risa desaparecen las barreras culturales.
35538	Lo que debes saber de Batman es que es un superhéroe.
35984	Lo más fascinante es la pureza del alma, la serenidad y la comprensión del mundo.
36189	China es el mayor exportador de textiles del mundo.
36649	El tren reduce la velocidad y toca el silbato al acercarse al cruce.
36906	Las acciones más recientes vinieron después de esta iniciativa.
37112	La fuerza mecánica sustituyó a la humana: ese fue el resultado de la invención de la máquina de vapor.
37182	Nuestro equipo es el favorito para ganar este torneo de ping-pong.
38039	Aprender bien un idioma extranjero requiere una perseverancia inquebrantable.
39796	La forma de evaluar en Australia no busca complicarles la vida a los examinados.
39984	A menos que tengas algo que valga la pena decir, no digas nada.
40083	En el futuro los pilotos se entrenarán en cabinas virtuales.
40830	Antes, cuando iba a fiestas, siempre estaba nerviosa y torpe.
42406	Ese gato se agazapó muy abajo antes de saltar.
42679	Lo que sigue, lo haré exactamente como usted me indique.
45627	En el último Mundial, México eliminó a Nueva Zelanda.
46611	Pacientes con enfermedades renales: no tomar sin autorización médica.
46781	La empresa agradece los comentarios de los consumidores sobre sus productos.
48965	El pan de jengibre o de miel de Navidad es un dulce tradicional alemán.
50344	Si no te portas bien, Santa Claus no va a venir, ¿eh?
54811	El "ding" es un recipiente para cocinar de la antigua China, con tres patas y dos asas.
56049	Él nació en un palacio que ya no existe.
57057	El tribunal solo empieza a juzgar cuando el demandante presenta la demanda.
59568	Nunca he logrado entender qué tiene de divertido ver futbol, je, je.
59754	¿Cómo voy a regalarle a otro el éxito por el que luché tres años?
62153	Se cayó un poco de pasta sobre la insignia del uniforme y la ensució.
7083	Aunque nadie me acompañe, voy a ir a ver esta película.
7084	Aun cuando nadie me acompañe, voy a ir a ver esta película.
17309	La vida no siempre es tan bonita; todo el mundo ha tenido tropiezos.
32971	No dejarse corromper por la riqueza, no cambiar en la pobreza, no doblegarse ante la fuerza: eso es ser un gran hombre.
33441	Enséñame a doblar una grulla de papel. Se me olvidó cómo se hace.
