id_oracion	chino	ingles
12	这个永远完不了了。	This never going to end.
14	那是一只有恶意的兔子。	It was only a malicious rabbit.
44	那就表示有问题...	It means there is a problem ...
49	我长大后想当国王。	I grew up to be a king.
52	我要把他射下来。	I'm going to shoot him down.
78	这间房间朝向很好。	This room toward the good.
94	我跟父母住在一起.	I live with parents.
103	我把旅费耗光了。	I run out of travel.
106	他喜欢旅行。我也是。	He likes to travel. me too.
108	我收到了一张请帖。	I received an invitation.
115	那个发现纯属偶然。	That discovery by accident.
117	我弟弟会经常彻夜不睡。	My brother often does not sleep through the night.
120	你参加社团活动吗？	Do you participate in community activities?
141	我可以用支票付吗？	Can I pay by check it?
150	啊，我认识这个男人！	Ah, I know this man!
159	你咖啡喝得太多了。	You drank too much coffee.
162	温度计往往低于零度。	Thermometer often below zero.
217	他有可能赢得比赛。	He is likely to win the game.
223	这件事他铭记于心。	This thing he would remember.
226	一块岩石从上面落下。	A rock falling from above.
229	他的努力没有成果。	His efforts fruitless.
235	和她争辩是没用的。	And she is useless to argue.
251	你自己拿蛋糕吃吧。	You get to eat cake.
259	我们有很多听众。	We have a lot of listeners.
267	下周我去温哥华看我妹妹。	Next week I go to Vancouver to see my sister.
276	他请求她给予优待。	He asked her to give preferential treatment.
290	几分钟后，电话响了。	A few minutes later, the phone rang.
293	孩子们洗了他们的脚。	The children wash their feet.
300	观众人数庞大。	A large number of viewers.
303	我对外籍员工没有偏见。	I have no prejudice against foreign workers.
304	我明早八点来接你。	I'll pick you up tomorrow morning at eight.
309	他有很多历史书籍。	He has a lot of history books.
312	建筑物在地震中摇晃。	Shaking buildings in the earthquake.
316	他的政权必定会崩溃。	His regime will definitely collapse.
317	小偷迅速地窜入了人群。	The thief quickly fleeing into the crowd.
345	这个班有多少男生？	How many boys in this class?
351	我们也去了庙里。	We also went to the temple.
353	你其实没必要带伞。	In fact, you do not need to carry an umbrella.
356	情况一天比一天差。	Situation worsening by the day.
359	没有人跑在他前面。	No one ran in front of him.
371	我有一个大家庭。	I have a big family.
374	我拿成了你的雨伞。	I take your umbrella has become.
383	我对摄影感兴趣。	I'm interested in photography.
384	我买了一盏古老的灯。	I bought an old lamp.
385	你可以坐船去那。	You can go there by boat.
391	他们生活得很幸福。	They were very happy.
396	他简单地阐述了他的理由。	He simply set out his reasons.
401	他在森林中迷了路。	He lost his way in the forest.
406	我会教你怎么开车。	I will teach you how to drive.
411	我厌倦了我的工作。	I'm tired of my job.
413	我想再来一杯啤酒。	I want another beer.
434	让我看看那些照片。	Let me see those pictures.
435	厕所冲水不正常。	Toilet flush is not normal.
439	她一到，我们就开始。	She arrived, we started.
440	我挑不出他的毛病。	I could not pick him problems.
448	她戴上了她的帽子。	She put on her hat.
467	我通常在晚上洗澡。	I usually take a shower in the evening.
471	你能再给我点茶吗？	Could you give me some tea?
476	她的眼里涌出了泪水。	Her eyes welled up with tears.
484	小丑做了个鬼脸。	Clown grimaced.
491	我们国家不缺石油。	Our country is no shortage of oil.
494	爸爸今天很不耐烦。	Dad is very impatient today.
503	这首歌让我想家了。	This song makes me homesick.
508	我们按例处罚了他。	We routinely punished him.
511	我的房间号是多少？	My room number?
519	他很快就会回来的。	He'll be back soon.
525	你支持还是反对堕胎？	Are you for or against abortion?
531	你的提议值得考虑。	Your proposal is worthy of consideration.
537	我们偶然碰到了她。	We came upon her.
547	因为我想成为翻译。	Because I want to be a translator.
552	我洗完碗后看了电视。	I watched TV after washing bowl.
559	我们为表演者鼓掌。	We applaud the performers.
570	我们吃面包夹黄油。	We ate bread and butter.
584	我会给你开个药方。	I'll give you a prescription.
585	不要探听别人的事。	Do not snoop someone else.
588	她在一棵树下坐着。	She sat under a tree.
591	日本人放弃了战争。	The Japanese gave up the war.
597	她的悲伤无法言喻。	Her grief unspeakable.
601	他在澳大利亚长大。	He grew up in Australia.
608	我很钦佩他的才干。	I admire his ability.
611	失之毫厘，谬之千里。	Miss is as good of a thousand miles.
612	今天我头痛欲裂。	Today I am a splitting headache.
624	我头撞到了门，肿了一块。	My head hit the door, got a lump.
629	请你把冷气调高点。	Will you please point increase in air-conditioning.
632	我还有其他选择吗？	I have other options?
639	火车因大雪被耽搁了。	The train was delayed due to heavy snow.
640	这只梨闻上去很香。	Only smell very fragrant pear.
699	种瓜得瓜，种豆得豆。	you get what you sow.
723	这条连衣裙很便宜。	This dress is very cheap.
734	他很难写他的名字。	Difficult for him to write his name.
737	不要往我房间里看。	Do not look into my room.
760	水沸腾后变为蒸汽。	After the water boils into steam.
766	我对他的态度变了。	I changed his attitude.
782	一个丑男人敲了我的门。	An ugly man knocked on my door.
784	日本的首都是东京。	The capital of Japan is Tokyo.
785	服务生，我要点菜。	Waiter, I want a la carte.
788	现在是行动的时候了。	Now is the time for action.
802	他们一直爬到悬崖顶上。	They have climbed to the top of the cliff.
810	做运动有利于健康。	Exercise is good for health.
819	他总喝他的黑咖啡。	He drinks his coffee black.
821	这张书桌是木制的。	The desk is made of wood.
826	他怎么敢拆我的信！	How dare he split my letter!
834	这句句子的意思模棱两可。	Meaning of the sentence ambiguous.
844	你得在涉谷换乘火车。	You have to change trains in Shibuya.
847	我有很多朋友帮我。	I have many friends to help me.
855	我妹妹目前不学习。	My sister is currently not learn.
857	我爸爸不喜欢足球。	My dad does not like football.
861	秋天树叶会掉落。	Autumn leaves fall.
869	这本书我能借多久？	How long can I keep this book?
901	他希望已经成功了。	He hoped been successful.
908	现在我爸爸不在家。	Now my father was not at home.
914	我的朋友十七岁了。	My friend seventeen.
916	汉语字是很美丽的。	Chinese words are very beautiful.
920	我们学校在市中心。	Our school in the city center.
929	京都有很多所大学。	Kyoto has many universities.
951	她姐姐比我哥哥大。	Her big sister than my brother.
961	我们爬上了一个陡坡。	We climbed up a steep slope.
973	谁是你的汉语老师?	Who is your Chinese teacher?
983	我汉语老师是男的.	My Chinese teacher is a man.
997	妈妈比爸爸大五岁.	Mother five years older than my father.
998	李红法语比旺月说得好.	Li Wan Kenobi month when he said in French.
1010	她对谁都很和蔼可亲。	To whom she is very amiable.
1012	我已经吃饱了，谢谢。	I've had enough, thank you.
1015	把梯子靠墙放着。	The ladder against the wall.
1026	你能猜到我的年龄吗？	Can you guess my age?
1035	她养各种不同的宠物。	She raised a variety of pets.
1071	他昨天上学迟到了。	He was late for school yesterday.
1076	我们明天有个测验。	We have a test tomorrow.
1077	达芬奇比别人高瞻远瞩。	Leonardo da Vinci vision than others.
1095	他移开，让卡车通过。	He moved away, and let the truck pass.
1110	明天会不会又很热？	Will it be hot tomorrow?
1120	他伸直了他的手臂。	He stretched out his arm.
1121	他每天早上都散步。	He walks every morning.
1130	那是幢高楼，不是吗？	It is high-rise buildings, is not it?
1143	旅行前，我剪了头发。	Before traveling, I cut my hair.
1151	我小时候只穿裤子。	I was a kid just wear pants.
1159	我需要用药来镇痛。	I need medication for pain.
1198	死是唯一的解脱吗？	Death is the only escape it?
1201	狗向着我跑了过来。	I ran toward the dog.
1204	鱼和红酒不相配。	Fish and red wine do not match.
1219	现在我有些许头痛。	Now I am slightly headaches.
1227	我妹妹很像我妈妈。	My sister is like my mother.
1232	大家都玩爱情游戏。	We all love playing games.
1262	教英语是他的职业。	Teaching English is his profession.
1270	周四晚上啤酒免费畅饮。	Thursday evening drink free beer.
1274	水结冰后成为固体。	After the water is frozen into a solid.
1281	他收起了他的玩具。	He put away his toys.
1286	国家不同，习俗各异。	Different countries, different customs.
1288	英国首都伦敦在泰晤士河畔。	River Thames in the British capital London.
1291	我累得不能再累了。	I'm too tired tired of.
1313	有一天你会忘了我。	One day you will forget me.
1346	许多房屋被洪水冲走了。	Many houses were washed away by floods.
1364	我父亲逐渐好转了。	My father gradually getting better.
1373	美国与加拿大相邻。	The United States and adjacent Canada.
1384	她母亲将继续工作。	Her mother will continue to work.
1387	医生告诉她要静养。	The doctor told her to convalesce.
1389	他曾经被授予金牌。	He had been awarded the gold medal.
1391	他的房间乱七八糟。	His room is a mess.
1394	我们必须去学校了。	We have to go to school.
1395	我怀疑他是否会来。	I doubt whether he will come.
1403	我的嘴裂开了。	My mouth cracked.
1418	人们说爱情是盲目的。	They say love is blind.
1426	我需要有台新电脑。	I need a new computer.
1429	她拒绝了我的资助。	She rejected my funding.
1432	我们去公园拍照了。	We go to the park to take pictures.
1436	这本书有很多插图。	The book has many illustrations.
1466	他们惊得目瞪口呆。	They aghast.
1472	请问鸡蛋在哪里？	Where is the egg?
1512	“她喜欢音乐。”“我也是。”	"She likes music." "Me, too."
1526	“怎么回事？”小白兔问道。	"How is it?" She asked the little white rabbit.
1546	这辆自行车属于我。	The bike belongs to me.
1552	这个消息使她心碎了。	The news of her heart is broken.
1566	这个工作没有酬劳。	This work not paid.
1575	有条小路穿过农田。	There is a path through farmland.
1579	我很久没见过他了。	I have not seen him.
1586	试着慷慨和宽容点。	Try generosity and tolerance point.
1601	他们肯定会相恋的。	They certainly fell in love.
1610	这药会让你好受点。	This medicine will make hello by point.
1620	男孩躺着听收音机。	The boy lay listening to the radio.
1621	这是邮局，那是银行。	This is the post office, that is the bank.
1622	他的房子又小又旧。	His house is small and old.
1628	酸雨不是自然现象。	Acid rain is not a natural phenomenon.
1634	音乐会上有很多人。	Concert a lot of people.
1635	我能休息一会儿吗？	I can rest a little longer?
1637	鸟儿身上铺满了白色的羽毛。	Bird body covered with white feathers.
1647	警察对他们说：“住手”。	The police said to them: "Stop."
1652	我每天早上到公园里遛狗。	I walk the dog to the park every morning.
1655	吸烟影响了他的肺部。	Smoking has affected his lungs.
1670	你真的没有优先权！	You really do not have priority!
1683	我们必须遵守规则。	We must follow the rules.
1696	你走或留，随你高兴。	You go or stay as you please.
1718	演出什么时候开始？	What time does the play start?
1727	他的左手被刀割伤了。	His left hand was a knife wound.
1729	他透露了我的秘密。	He revealed my secret.
1731	你凭什么叫我走？	Why do you call me to go?
1732	说这个没什么好处。	He says that no good.
1733	她喜欢受男生注目。	She liked by the boys attention.
1739	烟从烟囱里冒了出来。	Take out the smoke from the chimney.
1750	我建议你永远不要入不敷出。	I suggest that you never make ends meet.
1783	年轻的时候你应该开拓你的思想。	Young you should open up your mind.
1786	我学会了不靠她生活。	I learned not to rely on her life.
1790	明天，他将登上月球。	Tomorrow, he will land on the moon.
1845	这么做没什么好处。	Do no good.
1846	这种尝试很荒谬。	Such an attempt is ridiculous.
1860	我法语说得不够好！	I speak French is not good enough!
1862	不要小看我的力量。	Do not underestimate my power.
1864	这颗钻石不是真的。	The diamond is not true.
1893	这不算是惊喜，是吧？	This is not a surprise, is not it?
1909	他能赚多少就赚多少。	How much will he earn earn much.
1916	他打网球打得很好。	He played very good at tennis.
1922	这个词是什么意思？	What does this word mean?
1931	他看了一眼他的表。	He glanced at his watch.
1954	你的中文老师是谁？	Who is your chinese teacher?
1968	这些焰火真壮观！	The fireworks really spectacular!
1973	他误吞了洗衣粉。	He swallowed a detergent.
1974	有人穿错了我的鞋。	I was wearing the wrong shoes.
1995	最近的教堂在哪里？	Where is the nearest church?
2008	战争并非不可避免。	War is not inevitable.
2016	我是该队的领导者。	I was the team leader.
2024	我很久没有抽烟了。	I have not smoked.
2028	这对夫妇生了个儿子。	The couple gave birth to a son.
2030	我看见那儿有个很美的瀑布。	I saw where there is a beautiful waterfall.
2032	一股寒流侵袭了欧洲。	Cold snap struck Europe.
2035	书桌上有一把剪刀。	There are a pair of scissors on the desk.
2039	你应该更明智一点。	You should be a little more sensible.
2056	他为我做了详细说明。	He made a detailed explanation for me.
2062	孩子们的房间很乱。	Children's room a mess.
2076	亲爱的，我们跳舞吧。	Honey, we dance.
2091	他把信递给了秘书。	He handed the letter to the secretary.
2101	这只火鸡味道很好。	This turkey tastes good.
2107	爆炸的原因是什么？	What is the cause of the explosion?
2124	我该告诉你多少遍？	I tell you how many times?
2152	我另一天见到了她。	I saw her the other day.
2156	为什么美国政府让人们持有枪械？	Why did the US government allow people to hold firearms?
2188	那家店有很多客人。	That store has a lot of guests.
2210	医生治好了她的病。	The doctor cured her illness.
2216	我想要成为吉他手。	I want to be a guitarist.
2228	他们买了一盒曲奇。	They bought a box of cookies.
2245	让我来拿你的行李。	Let me take your luggage.
2250	宇宙中有很多星河。	There are a lot of galaxy in the universe.
2254	这条裙子很适合你。	This dress is for you.
2257	他们进攻了敌人。	They attack the enemy.
2258	他们不受攻击的影响。	They influence from attack.
2271	要是雨停了该多好！	If the rain stopped nice!
2272	小狗狂咬我的手。	Mad dog to bite my hand.
2284	许多小公司倒闭了。	Many small companies went out of business.
2288	男孩第一次骑了马。	The boy rode a horse for the first time.
2302	她患了一种严重疾病。	She is suffering from a serious illness.
2310	他法语说得很流利。	He speaks French fluently.
2313	他们都哈哈大笑起来。	They had a good laugh.
2316	他应该得到晋升。	He deserves a promotion.
2320	疼痛令人难以忍受。	Pain unbearable.
2325	大厅用日本画做装饰。	Hall decorated with Japanese painting.
2330	我们昨晚又发生了口角。	Last night we had an altercation.
2335	你的工作进展如何？	How is your work?
2339	他最后搞坏了身体。	He finally ruining the body.
2350	我爸爸的房间很宽敞。	My father's room is very spacious.
2359	她什么时候结婚的？	When did she get married?
2362	我无法忍受看着她。	I can not stand watching her.
2369	堤坝保护了城市免受洪灾。	Levees to protect the city from floods.
2375	今晚出去吃怎么样？	How to go out to eat tonight?
2377	他没有举起他的手。	He did not raise his hand.
2380	我想乘船周游世界。	I would like to cruise around the world.
2390	他会直接联系您的。	He will directly contact you.
2398	烟向空中升起。	Smoke rising into the air.
2411	公车最终停了下来。	The bus finally stopped.
2412	我明年想出国留学。	I would like to study abroad next year.
2416	她提高了她的嗓音。	She improved her voice.
2426	他既英俊又聪明。	He's handsome and clever.
2444	一连串的爆炸使实验室成为废墟。	A series of blasts reduced the laboratory to ruins.
2450	他喜欢喝咖啡不加糖。	He likes to drink coffee without sugar.
2453	他穿着衣服冲进房间。	He was wearing clothes rushed into the room.
2459	他是个城市规划的专家。	He is an urban planning expert.
2462	他出发去加拿大了。	He set out to Canada.
2472	判决对政府不利。	Adverse judgment against the government.
2478	不要相信他说的话。	Do not believe what he said.
2480	入夜后，树影印在墙上。	After dark, tree photocopy the wall.
2488	他被卷进了是非中。	He caught up in the non.
2489	他有点活泼。	He's a bit lively.
2493	我们能私下谈谈吗？	We can talk about it in private?
2494	她是个倔强的女孩。	She is a stubborn girl.
2501	我们看见了小山。	We saw the hill.
2507	你喜不喜欢没关系。	Like it or not does not matter.
2531	宝宝在摇篮里入睡了。	Baby in the cradle to sleep.
2540	这正是问题的关键。	This is the crux of the problem.
2553	你跟老板合得来吗？	Do you get along with the boss?
2583	看来没那么容易啊。。。	It seems not so easy ah. . .
2605	祝你一天过得愉快。	Have a nice day.
2614	这些数字总数不符。	These figures do not match the total number.
2620	天看起来要下雨了。	It looks like rain.
2626	有些人只追求快乐。	Some people only the pursuit of happiness.
2642	这把刀的刀锋很利。	This knife blade is profit.
2663	小镇充满了活力。	The town is full of vitality.
2669	你愿意和我跳舞吗？	Would you like to dance with me?
2678	天空风云骤起。	Sky clouds blew up.
2680	空中有一大片乌云。	Air there is a large dark cloud.
2681	宝宝还不会使用勺子。	Baby will not use a spoon.
2697	公开表示某人的爱。	He said publicly that someone's love.
2698	你最喜欢什么水果？	What fruit do you like the most?
2702	船和火车哪个跑得快？	Boats and trains which run fast?
2703	你的言行必须一致。	Your words and actions must be consistent.
2714	大雨使河水泛滥。	Heavy rain flooding.
2750	他在两年前戒了烟。	He gave up smoking two years ago.
2753	她经历过许多困难。	She experienced many difficulties.
2766	他的新书获得好评。	His new book was well received.
2773	这部电影值得一看。	The film worth seeing.
2774	谁也没有出席派对。	No one at the party.
2779	艾力士有多少辆车？	Alex How many cars?
2821	你有甚么要说的吗？	What do you say?
2824	起初谁也不相信我。	At first no one believed me.
2868	她拒绝了他的邀请。	She refused his invitation.
2871	对了，你做什么工作？	By the way, what do you do?
2882	我是一名银行职员。	I am a bank clerk.
2883	我恐怕不能帮你了。	I'm afraid I can not help you.
2954	很高兴能再见到你。	Glad to see you again.
2959	新鲜水果对身体好。	Fresh fruit is good for the body.
2966	她看起来很孤单。	She looked very lonely.
2973	好好把握这个机会。	Take advantage of this opportunity.
2984	不要在课室内谈话。	Do not talk in the classroom.
2987	这公司正计划扩张。	This company is planning to expand.
3008	我很担心他的健康。	I'm worried about his health.
3017	这靴是用皮革做的。	This shoe is made of leather.
3024	我还是写不好汉语。	I still write bad Chinese.
3026	请把那本书递给我。	Please pass me the book.
3027	请在这个柜位付款。	Please pay at the counter.
3035	派对在九时完结了。	The end of the party at the time of September.
3038	我是个办工室女郎。	I am a girl to do work room.
3040	她一个敌人也没有。	She has not an enemy.
3049	你不能漠视你的责任。	You can not ignore your responsibility.
3058	我不得不向她道歉。	I had to apologize to her.
3080	你能举起这块石头吗？	You can lift the stone it?
3097	看来她会改变主意。	It seems that she will change her mind.
3100	谁也没有注意到她。	No one would have noticed her.
3110	请在六时半叫醒我。	Please wake me up at half past six.
3114	总统目前在迈阿密。	President currently in Miami.
3133	你行为应该规矩些。	Your behavior should behave yourself.
3134	她把车钥匙弄丢了。	She lost the car keys.
3141	他几乎从来没揭开过一本书。	He almost never opened a book.
3152	她要和男友分手了。	She and her boyfriend broke up.
3154	我造了一架模型飞机。	I made a model airplane.
3167	她是个很难搞的人。	She is difficult to engage people.
3175	猫大多数都讨厌狗。	Most cats hate dogs.
3182	聋哑的人用手语说话。	Deaf people who use sign language to speak.
3183	他们在储钱买房子。	They buy a house in the reservoir.
3198	驻军被迫投降。	Garrison was forced to surrender.
3214	你会守承诺的，对吧？	You will keep promises, right?
3231	我谨慎地写下答案。	I carefully write down the answers.
3244	他的妻子是法国人	His wife is French
3259	好奇会吃苦头的。	Curious'll suffer.
3269	昨天晚上下大雪了。	Last night under the snow.
3272	这牛奶有特殊的气味。	This milk has a peculiar smell.
3313	她很快就相信了他。	She soon convinced him.
3323	我们在中午吃了饭。	We dined at noon.
3328	他被数字征服了。	He digitally conquered.
3331	大概会花多少时间？	How much time will probably be spent?
3350	绣球在六月开花。	Hydrangea bloom in June.
3351	他仍是个商业新手。	He is still a novice business.
3353	不遵守承诺是可耻的。	Non-compliance with commitments is shameful.
3360	你昨天为甚么缺席？	Why are you absent yesterday?
3394	我今天要准备晚饭。	Today I want to prepare dinner.
3402	我无法忍受这噪音。	I can not stand this noise.
3411	他听不进我的忠告。	He will not listen to my advice.
3420	他没有自己的意见。	He did not own opinions.
3431	请不要再想这事了。	Please do not think this thing.
3435	我们的兴趣截然不同。	Our interest is different.
3439	我相信这条鱼是淡水鱼。	I believe the fish are freshwater fish.
3446	花子决心要去巴黎。	Hanako determined to go to Paris.
3450	贸易帮助国家发展。	Trade to help countries develop.
3457	请您摘下您的帽子。	Please take off your hat.
3462	她深爱着她的儿子。	She loved her son.
3469	铁和氧都是化学元素。	Are the chemical elements iron and oxygen.
3512	他上了售货员的当。	He was taken salesman.
3515	我爸爸吸烟很厉害。	My father smoking is very powerful.
3533	太郎，你会帮我们吗？	Taro, would you help us?
3535	这个地方的气氛很神秘。	This place is very mysterious atmosphere.
3541	我不太喜欢看电视。	I do not like watching TV.
3554	请开到希尔顿酒店。	Please drive to the Hilton Hotel.
3560	我想要成为百万富翁。	I want to be a millionaire.
3574	你们赞成还是反对？	You agree or disagree?
3612	我想开个储蓄帐户。	I want to open a savings account.
3633	她的态度让我恶心。	Her attitude makes me sick.
3641	铁是个有用的金属。	Iron is a useful metal.
3665	他的话让我很尴尬。	His words made me very embarrassed.
3691	你对美国印象如何？	What's your impression of the United States?
3707	一个陌生人进了大楼。	A stranger into the building.
3711	明天我会呆在家里。	Tomorrow I'll stay at home.
3735	日本自然资源贫乏。	Japan lacks natural resources.
3737	尤其是要有耐心。	In particular, be patient.
3746	我借给他一本杂志。	I lent him a magazine.
3759	他刀叉使得很好。	He makes a good knife and fork.
3761	他把这个奖视为最高荣誉。	He took the award as the highest honor.
3765	不要在公园玩垒球。	Do not play softball in the park.
3794	牛奶是个很好的食品。	Milk is a good food.
3796	她钢琴弹得不太好。	She plays the piano it very well.
3810	我们不必拘礼了。	We do not have the uncommunicative.
3815	他好像失眠了几晚。	He seemed to sleep for a few nights.
3819	他把头放在枕头上。	His head on the pillow.
3842	我下周会详细说明的。	Next week I will detail below.
3843	放下你们的武器。	Put down your weapons.
3852	他是个聪明的少年。	He is a clever boy.
3861	他的腿被鳄鱼咬了。	His leg was bitten by a crocodile.
3865	我们忙得不可开交。	We busy.
3948	她花很多钱买衣服。	She spent a lot of money on clothes.
3957	预期今年稻米会丰收。	This year is expected to be a bumper harvest of rice.
3967	植有松树的庭院。	Garden planted with pine trees.
3982	谁来了也不要开门。	Who is it and do not open the door.
3983	啊~啊~~~～～快憋不住了。	Ah ~ ah ~~~~~ fast wait any longer.
3993	谁把我的皮包拿走了？	Who took my bag?
3994	第一步是最麻烦的。	The first step is the most troublesome.
4001	玄关有人来了耶。	Entrance someone yeah.
4023	她老爹是日本人。	Her father is Japanese.
4025	他是典型的日本人。	He is a typical Japanese.
4028	他把铅笔拿在手上。	He put a pencil in your hand.
4034	不用特地来我家了。	You do not have to come to my home.
4047	我昨天帮了他的忙。	I helped him a favor yesterday.
4071	我不晓得。	I do not know.
4072	两条街道互相平行。	Two streets parallel to each other.
4074	他的埋怨没有尽头。	His blame no end.
4076	世界人口有上升的趋势。	The world's population are on the rise.
4106	你没锁好车子吗？	You did not lock the car do?
4111	他的技术是公认的。	His technique is recognized.
4116	我很荣幸能见到你。	I am honored to meet you.
4121	值得观看的电视节目寥寥无几。	Very few TV shows worth watching.
4169	司机被控超速驾驶。	The driver was charged with speeding.
4195	我前一天遇见了他。	I met him the day before.
4197	这座村没有空气污染。	This village is no air pollution.
4198	请附上质量证明书。	Please attach a certificate of quality.
4207	看来快要刮暴风雨了。	It seems the storm is about to scratch.
4220	马上忘记这件事吧。	Immediately forget this thing.
4224	我忘记了他的名字。	I forgot his name.
4226	把悲伤的事忘掉吧。	Forget the sad thing.
4231	我永远不会忘记你。	I will never forget you.
4250	酒过三杯，男人醉了。	I had three glasses of wine, drunk men.
4259	我会给他一支钢笔。	I will give him a pen.
4260	他们说着南方话。	They spoke words of the South.
4266	他一整天都沉默着。	He was silent all day.
4269	轮到你回答问题了。	It's your turn to answer questions.
4284	我觉得他会成功的。	I think he will succeed.
4301	她瘦得只剩皮包骨了。	She only thin skin and bones of.
4312	她有个漂亮的娃娃。	She has a beautiful doll.
4317	这座村里没有工厂。	This village does not have factories.
4326	她会是他的好妻子。	She would be his good wife.
4330	过马路的时候，他滑了一跤。	When crossing the street, he slipped.
4334	他喜欢唱流行歌曲。	He likes to sing pop songs.
4341	我的房里有部电话。	My room has a telephone.
4363	我的成功要归功于他。	My success is thanks to him.
4365	这地区发生了山火。	This region has witnessed fires.
4371	她用微弱的声音说着。	She spoke in a weak voice.
4401	她是个狡猾的骗子。	She is a cunning liar.
4416	他约会总是很守时。	He dates are always punctual.
4419	受伤者被运离现场。	The wounded were transported from the scene.
4434	健康比财富重要。	Health is better than wealth.
4442	他在学校成绩不好。	He is not good at school.
4455	我兴奋得睡不着觉。	I was so excited I could not sleep.
4471	这碗汤大咸了，喝不下。	This big salty soup, drink it.
4479	我妹妹唱歌很好听。	My sister is good at singing.
4498	婴儿在摇篮中睡觉。	Baby sleeping in the cradle.
4499	漫长的一天过去了。	Long day passed.
4503	她带我参观了校园。	She showed me around the campus.
4521	请纠正我的发音。	Please correct my pronunciation.
4544	他写的是标准英文。	He writes standard English.
4545	你的判断是正确的。	Your judgment is correct.
4577	天空中繁星点点。	Starry sky.
4609	玩具部门在第五层。	Toy department in the fifth layer.
4611	询问处在哪里？	Where in the inquiry?
4613	他从心底笑了出来。	He smiled out from the heart.
4624	他摇了摇儿子的肩。	He shook his son's shoulder.
4625	你搬不动那台钢琴。	You can not carry the piano.
4631	他的单车撞上了栏杆。	His bike hit the railing.
4636	我们朝着正北走去。	We walked toward the north.
4646	他自称为金融专家。	He calls himself a financial expert.
4669	我用尽了所有方法。	I've tried all methods.
4673	我对游泳很感兴趣。	I'm interested in swimming.
4676	他好像过去很有钱。	He seemed very rich past.
4682	你能哄孩子睡觉吗？	You can coax the child to sleep?
4697	这是最近才发生的。	It is only recently occurred.
4717	她的道歉都是假的。	Her apology is false.
4734	被告被判处了死刑。	The defendant was sentenced to death.
4758	我买了两件棉质衬衫。	I bought two cotton shirts.
4761	大家都说我的坏话。	Everyone says bad things about me.
4777	他双眼发光地说着。	He spoke luminous eyes.
4791	霜还没有开始溶化。	Frost has not yet begun to melt.
4797	不好意思，我迷路了。	I'm sorry, I'm lost.
4807	今天我去看了牙医。	Today I went to the dentist.
4829	他的外表欺骗了我。	His appearance deceived me.
4837	他造了一个机器人。	He built a robot.
4841	他向我保证会还钱。	He assured me that would pay back the money.
4843	过一个奔放的人生。	Had a spirited life.
4844	我喜欢抒情诗多于史诗。	I like the lyrics more than epic.
4853	他的儿子正在服役。	His son is serving.
4855	她要求要见见经理。	She asked to meet the manager.
4868	他变得越来越高了。	He became more and more high.
4880	我搭电梯去了四楼。	I take the elevator to the fourth floor.
4887	整个家族在农场工作。	The whole family working on the farm.
4894	我想请你参加派对。	I would like to invite you to the party.
4914	他扔了很多旧信件。	He threw a lot of old letters.
4921	坐下来休息一会儿。	Sit down and rest for a while.
4934	美国妇女没有选举权。	American women could not vote.
4936	天突然变暖和了。	It suddenly became warmer.
4938	天气一下子暖和了	The weather suddenly warms up
4943	这个国家降雨量少。	The country less rainfall.
4975	他因癌症逝世了。	He died from cancer.
4981	每个人都必有一死。	Everyone must die.
4982	死人无法开口辩白	The dead can not defend themselves opening
5006	她因缺氧死亡。	She died from lack of oxygen.
5011	你们全都是胆小鬼	You are all cowards
5012	等猴年马月再来吧。	Come back and so these years.
5065	我给他买了本杂志。	I bought him a magazine.
5079	别气馁，继续写作吧。	Do not be discouraged, to continue writing it.
5080	这条河的水很洁净。	The river water is very clean.
5085	他们站着谈了很久。	They stood talking for a long time.
5117	受到他们的衷心欢迎。	By their heartfelt welcome.
5122	他们也未必都幸福。	They may not all happy.
5131	价格随需求而变动。	Prices fluctuate with demand.
5135	污秽导致疾病。	Filthy lead to disease.
5136	说的好不如做的好	That's good to do good
5155	我们刚打扫了厕所。	We just cleaned the toilets.
5162	你选哪一个都没关系。	Not matter which one you choose.
5236	这张桌子太重，没抬动。	This table is too heavy, I did not lift move.
5238	爱花的人是幸福的。	People love flowers is happy.
5239	肯恩现在在做什么？	Ken what to do now?
5247	她很穷，但却很快乐。	She was poor, but very happy.
5251	新的新干线多快呀！	How fast the new Shinkansen!
5253	他举高了手来截的士。	He held high his hand to cut the taxi.
5259	我在五时左右起了床。	I got up at around five o'clock.
5260	我姐姐对网球着迷。	My sister of tennis fascinated.
5262	我今天可以早退吗？	I can leave early today?
5263	我们别再讨论了吧。	Let's not discuss it.
5268	能给我换个房间吗？	Can I have another room?
5278	佐藤是社长的新秘书。	Sato is the new secretary of the president.
5283	我们什么时候到达？	What time will we arrive?
5287	空腹喝酒，有害健康！	Fasting drinking, harmful to health!
5358	后视镜跌了下来。	Rearview mirror fell off.
5361	我们用筷子，不用刀叉。	We use chopsticks instead of knives.
5371	车子极速飙过。	The car soared over speed.
5379	她左顾右盼。	She looked around.
5383	她环顾了一下四周。	She looked around.
5392	她兴奋地翻了翻书页。	She excitedly flipped through the pages.
5393	想再要一点蛋糕吗？	I want to be a little cake?
5407	他为《阿凡达》配了音。	He was equipped with sound as "Avatar."
5425	教授微微笑了一下。	Professor smiled a little.
5432	有个女人向我问路。	A woman asked me for directions.
5438	火势以扇形迅速蔓延。	Fan the fire to spread rapidly.
5445	松鼠躲在树枝底下。	Squirrel hiding under the branches.
5448	再傻傻不过老傻瓜。	But then silly old fool.
5453	这份报纸是免费的。	This newspaper is free.
5481	今天早上发生地震。	Earthquake this morning.
5484	劳驾把门关上好吗？	Excuse me close the door?
5486	他还没有恢复意识。	He has not regained consciousness.
5494	天空是多么的蓝啊！	How blue the sky is ah!
5499	你现在的薪水够用吗？	What is your salary enough?
5516	穿那么薄会感冒的。	It will be cold to wear thin.
5517	穿那么薄，小心感冒。	Wear so thin, carefully cold.
5536	你到底在这做什么？	What are you doing here in the end?
5548	他们互赠礼品。	They give each other gifts.
5554	太阳升起雾就散去。	The sun rose the fog dispersed.
5561	我们会及时赶到吗?	We arrived yet?
5562	我们会准时到达吗?	We on time?
5566	我代替他参加会议。	I attended the meeting in his place.
5567	这件事我们要保密。	This thing we want to be kept confidential.
5573	妈妈下午要洗衣服。	Mom afternoon to do the laundry.
5578	你一定要好好记住。	You have to take in mind.
5587	麻烦你帮我倒杯水。	Could you help me a glass of water.
5594	金价每天都在变动。	Changes in the price of gold every day.
5622	把梯子靠在墙边。	Put the ladder against the wall.
5630	每年有很多书出版。	There are many books published every year.
5642	他说地球绕着太阳转。	He said that the earth moves around the sun.
5644	所有的灯光同时灭了。	All the lights went out at the same time.
5664	啤酒瓶是玻璃做的。	Beer bottles are made of glass.
5676	昨天他的包被偷了。	His bag was stolen yesterday.
5687	没有人能控制我们。	Nobody can control us.
5693	我想问你借五十元。	I would like to ask you to borrow fifty dollars.
5706	你很快就会习惯的。	You'll soon get used to it.
5708	这是条很微妙的问题。	This article is a very delicate issue.
5712	感谢你特地来帮我。	Thank you specially to help me.
5753	富士山顶盖满了雪。	Mount Fuji roof full of snow.
5756	萝卜青菜各有所爱。	Turnip greens, all have love.
5763	浅草寺那儿有很多人。	Sensoji Temple, where a lot of people.
5768	我挣扎着挤出地铁。	I struggled out subway.
5790	熊猫以竹为食。	Panda eating bamboo.
5791	玻璃杯内装满了牛奶。	Within a glass filled with milk.
5793	晚安。祝你做个好梦。	good night. Sweet dreams.
5803	你其实有没有看过？	In fact, you have not seen?
5822	你走了我会很想你。	You are gone I will miss you.
5858	我们的狗待在狗窝里。	Our dog kennel stay.
5888	很快就会放睛了吧。	Eyes will soon be put right.
5889	但他没有遵守承诺。	But he did not keep its promise.
5897	这房间内严禁吸烟。	Smoking is prohibited in this room.
5899	请和夫人一起来吧！	Please come along and his wife!
5950	我现在住在叔叔家.	I now live in uncle's house.
5955	泳池是对公众开放的。	The pools are open to the public.
5958	两人成伴，三人不欢。	They become partners, three people would not be happy.
5972	这是你的录音机吗？	It's your tape recorder do?
5973	那房子住了两家人。	The house lived two people.
5990	他回去取他的帽子。	He went back to pick up his hat.
5999	加一些天然酸奶和豆浆。	Add some natural yogurt and soy milk.
6017	雨天让我情绪低落。	Rain makes me depressed.
6037	请安静，在剧院中禁止喧哗。	Please be quiet, prohibit noise in the theater.
6041	他们两个都是单身。	They are both single.
6117	他在攒钱上大学。	He was saving money to go to college.
6142	冬天我穿一件大衣。	I wear a coat in winter.
6144	她用绘画来装饰墙。	She used to decorate the wall paintings.
6145	我想再次见到他们。	I want to see them again.
6162	孩子需要很多睡眠。	Children need a lot of sleep.
6174	他在打扫他的房间。	He was cleaning his room.
6192	老人看起来很伤心。	Old man looks sad.
6202	严格地讲,番茄是水果。	Strictly speaking, the tomato is a fruit.
6220	他试过写一本短篇小说。	He tried to write a short story.
6222	月亮被云遮住了。	The moon was obscured by clouds.
6223	妈妈亲了她的宝贝。	Mother kissed her baby.
6224	他常常问些傻问题。	He often ask some silly questions.
6230	我这个星期放假了。	I am on holiday this week.
6250	她全神贯注地写着诗。	She drank written poetry.
6252	她边挥手边微笑着。	She waved side edge, smiling.
6253	我想你应该节食了。	I think you should go on a diet.
6283	我坚信他是无辜的。	I firmly believe he is innocent.
6286	父亲是个勤奋的人。	Father is a hardworking man.
6290	人类是环境的产物。	Human beings are products of the environment.
6300	有个警察走了过来。	A policeman came over.
6303	我们把活动延期了。	We postponed the event.
6315	轮子开始慢慢转动。	The wheel slowly rotates.
6326	告示牌上写着「出口」。	Says "exit" on the notice board.
6329	他丈夫打算办月刊。	Her husband going to do monthly.
6332	他是我的救命恩人。	He is my savior.
6336	我听到树叶沙沙作响。	I heard leaves rustling.
6360	他离诚实差得远呢。	His honesty is a long way off.
6367	去花园里采花吧。	I went to the garden flowers.
6372	我落什么东西了吗？	I drop anything yet?
6381	我收集各国的娃娃。	I collect dolls countries.
6407	杰克决定取消预约。	Jack decided to cancel the reservation.
6426	他拉着我走到了二楼。	He took me went to the second floor.
6429	英国人很尊重法序和秩序。	Britons order to respect law and order.
6441	赛跑完后我累透了。	After the race I'm done.
6445	我觉得这钻石戒指太奢侈了。	I think it's asking too much diamond ring.
6450	我们家快要添丁了。	Our family about the childbirth.
6469	我需要为错误负责。	I need to be responsible for the error.
6470	有位凯先生想见你。	One wants to see you, Mr. Kay.
6484	物价一直在稳定上升。	Prices have been steadily rising.
6495	我不敢问老板借车。	I can not ask the boss to borrow the car.
6499	他天生拥有完美的智慧。	He was born with perfect wisdom.
6504	他的健康状况很差。	His health is poor.
6526	晚饭后我洗了碗碟。	I washed the dishes after dinner.
6537	请你闭上你的眼睛。	Please close your eyes.
6540	他在艺术世家长大。	He grew up in an artistic family.
6541	他滑雪时摔断了腿。	He broke his leg while skiing.
6548	他擦去了脸上的汗水。	He wiped the sweat from his face.
6567	这地方交通不方便。	This place is not convenient for transportation.
6568	我想吃点新鲜的鱼。	I want to eat fresh fish.
6578	一切合乎自然法则。	All in line with the laws of nature.
6593	父亲把闹钟调到六时。	Father alarm for six o'clock.
6623	他向我大发脾气。	He lost his temper to me.
6651	那场意外使交通大乱。	That accident cause traffic chaos.
6657	我要求她马上离去。	I asked her to leave immediately.
6669	这件外套是防雨的。	The coat is rainproof.
6671	我突然肚痛得要命。	I suddenly abdominal pain to death.
6676	你会游泳，我却不会。	You can swim, but I will not.
6682	我的要求并不过分。	I not too much.
6683	既然要做，就好好做。	If you do it, do it well.
6685	这一阵我很忙！	This while I'm busy!
6687	没什么好招待你的。	Nothing to entertain you.
6699	你不应该以貌取人。	You should not judge by appearances.
6725	今天热得狠。	Dehen hot today.
6734	你竟敢这样和我说话？	How dare you talk to me?
6747	看来传闻是真的了。	It seems the rumors are true.
6754	你订阅了什么杂志？	What magazines do you subscribe to?
6770	详细叙述一下这起事故吧。	Detailed description about the accident right.
6806	他从什么地方来的？	He came from somewhere?
6823	这把刀不够锋利。	This knife is not sharp.
6824	你最喜欢哪个季节？	which season do you like the most?
6862	他给了我食物和钱。	He gave me food and money.
6895	你需要区分善与恶。	You need to distinguish between good and evil.
6916	他尝尽人生甘苦。	He tasted the joys of life.
6942	我消夜吃了速食面。	My midnight snack to eat instant noodles.
6961	外国人是很好玩儿。	Foreigners are very good play.
6980	男女搭配，干活不累。	Men and women, working not tired.
6989	没有人能告诉原因。	No one can tell why.
7001	一分钟有六十秒。	One minute sixty seconds.
7012	票一周内就卖完了。	Tickets sold out within a week.
7019	我更喜欢科幻小说。	I prefer science fiction.
7033	我们沿着湖岸散步。	We walked along the lakeshore.
7038	我们庆祝了他的生日。	We celebrated his birthday.
7115	他在家里照顾孩子。	He took care of children at home.
7118	昨天他写了一封信。	Yesterday, he wrote a letter.
7129	我弟弟今年十一岁。	My brother was eleven years old this year.
7135	爸爸一直都在鼓励他。	Dad always encouraged him.
7144	博物馆的入口在哪？	Entrance to the museum where?
7146	啊艳去上学了。	Ah Yan went to school.
7159	小王，你是哪年生的？	Wang, born in what year?
7171	认识你们，我很高兴。	You know, I'm happy.
7174	我来跟你们介绍一下。	Let me introduce with you.
7199	我想他大概不会来。	I think he probably will not come.
7209	不要，谢谢。我吃饱了。	no, thanks. I'm stuffed.
7243	别急，时间还多着呢。	Do not worry, and more time still to go.
7259	这手表有防震功能。	This watch has shockproof function.
7280	可以举几个例子吗？	You could give a few examples?
7295	这间房子要维修了。	The house to be repaired.
7310	我真是哭笑不得了。	I really dumbfounding.
7316	这件外套没有口袋。	This coat has no pockets.
7332	我做不惯粗重活。	I did not used to heavy live.
7362	鹅是一种水栖鸟类。	Goose is a kind of aquatic birds.
7373	我从来没说过我很脆弱。	I never said I was very fragile.
7375	我讨厌听你的抱怨。	I hate to hear you complain.
7404	一个孩子正在弹竖琴。	A child was playing the harp.
7409	我的房子绝对保险。	My house is foolproof.
7415	他从头到脚都湿了。	He was wet all over.
7421	最高法院位于皇宫附近。	The Supreme Court is located near the Royal Palace.
7436	不用客气，随便坐吧。	You're welcome, just sit down.
7447	我受不了这家伙。	I can not stand this guy.
7465	这种科技的优势是什么？	What are the advantages of this technology is that?
7471	我咳嗽，还有点发烧。	I have a cough and a little fever.
7489	你要白酒还是红酒？	You have to wine or red wine?
7491	白鸽是种美丽的鸟类。	White dove is a kind of beautiful birds.
7496	博物馆入口在哪里？	Museum Entrance Where?
7514	他写文章写得很主观。	He wrote articles written very subjective.
7526	巧言令色，鲜矣仁。	Trying to be clever, fresh carry benevolence.
7540	我看见他妈妈骂他。	I saw his mother scolded him.
7547	他接受了我的意见。	He accepted my advice.
7560	我弟弟和我一样高。	My brother and I as high.
7584	你能教我偷东西吗?	Can you teach me to steal it?
7593	小鸟欢快地歌唱。	Birds merrily singing.
7640	请你给我指点一下。	Please give me pointers about.
7693	在哪儿我能找到牙膏？	Where can I find toothpaste?
7700	谁组织了这次会议？	Who organized this meeting?
7712	我第一次见到了山。	I first saw the mountain.
7720	你会在这儿待多久？	How long will you stay here?
7734	客观的历史存在吗？	Objective history exist?
7735	那人很会讨好老板。	It will please the boss man.
7736	这里游泳很危险的。	Here it is dangerous to swim in.
7746	她突然泣不成声了。	She suddenly broke down in tears.
7747	他没有任何幽默感。	He has no sense of humor.
7763	我喜欢西瓜的味道。	I like the taste of watermelon.
7770	他会是一个好丈夫。	He would be a good husband.
7806	失物招领处在哪儿？	Lost where lost property is in?
7817	请你八点叫我起床。	Please wake me up at eight.
7837	我蛮喜欢那个歌手。	I quite like the singer.
7879	昨天我发高烧了	Yesterday I had a high fever
7889	我折了一只纸飞机。	I fold a paper airplane.
7907	她在数学上不如他。	She was not as good as he was in mathematics.
7924	我先谢谢你的帮忙。	I would like to thank you for your help.
7926	她该接受她的命运。	She should accept her fate.
7935	一滴一滴的水能聚成湖泊。	Poly water drop by drop into the lake.
7948	可以唱首披头四的歌给我听吗？	You can sing a Beatles song I listen to you?
7954	平等是由宪法保障的。	Equality is guaranteed by the Constitution.
7959	不，中国菜是最好的。	No, Chinese food is the best.
7975	他接受了她的礼物。	He accepted her gift.
7976	我去年大学毕业了。	I graduated from college last year.
7997	马路斜对面有一家便利店。	Diagonally across the road there is a convenience store.
7998	有一家便利店在马路斜对面。	There is a convenience store across the road in the road.
8007	这对兄弟互相仇视。	The brothers hate each other.
8023	小女孩高兴地笑了。	The little girl smiled happily.
8025	你去看过医生了吗？	You went to see the doctor?
8031	那不是刀。这个才是！	That's not a knife. This is!
8072	你哥哥真优秀，学学他。	Your brother really good, learn him.
8079	这一切对我很重要。	All this is important to me.
8090	这本书明年要出版。	The book to be published next year.
8097	人生不是凸的。	Life is not convex.
8148	一群年轻人抢了我的钱。	Group of young men robbed my money.
8188	我今晨看见了一个天使。	This morning I saw an angel.
8254	森林中的空气很纯净。	Forest air is very pure.
8284	他对什么都感好奇。	He has a sense of curiosity about something.
8291	我吞咽的时候喉咙痛。	Sore throat when I swallow.
8299	离那个池塘远一点。	Farther away from that pond.
8312	你的账户里没钱了。	Your account money.
8316	面粉是小麦制成的。	Wheat flour is made.
8320	是谁把花瓶打破的？	Who broke the vase?
8324	我有很多作业要做。	I have a lot of homework to do.
8327	我的兄弟是个笨蛋。	My brother is a fool.
8354	他说得出就做得到。	He said the draw would do it.
8359	我开门的时候把门柄扭了出来。	I opened the door when the door handle twisted out.
8394	她穿了一件红的旗袍。	She wore a red dress.
8407	那时我正在看电视。	At that time I was watching TV.
8409	爱迪生发明了电灯炮。	Edison invented the light bulb.
8416	这台机器很容易操作。	The machine is easy to operate.
8438	你有没有去过外国？	Have you ever been abroad?
8441	你圣诞过得开心吗？	Christmas flies you happy?
8486	他们俩都在房间里。	They were both in the room.
8493	她把她的一生献给了教育事业。	She put her life to the cause of education.
8495	这个价格含了税。	The price including taxes.
8513	他们住在学校附近。	They live near the school.
8519	非常谢谢你的礼物。	Thank you for the gift.
8557	那架飞机五点起飞。	The plane took off five points.
8565	大家都想坐在她旁边。	Everyone wants to sit next to her.
8594	会议明天就结束了。	Meeting tomorrow is over.
8654	那里的气候怎么样?	How about the weather there?
8673	有朋自远方来，不亦乐乎？	Have friends come from afar?
8674	请问火车站怎么走？	I ask how to get to the train station?
8675	那家店卖笔记本吗？	That store sells notebook it?
8703	你要培根还是要香肠?	You have to be bacon or sausage?
8729	爸爸，你刚才在干嘛?	Dad, you just doing?
8753	他是个懒惰的学生。	He is a lazy student.
8769	这项工作未必容易。	This work is not always easy.
8790	他学习了文学鉴赏。	He learned to appreciate literature.
8818	我赌明天会下雨。	I bet it will rain tomorrow.
8819	他不住在我的小区。	He does not live in my district.
8846	日本缺乏原材料。	Japan's lack of raw materials.
8862	把那幅画挂到墙上。	That picture to the wall.
8869	这个苹果开始烂了。	The Apple began rotten.
8874	木头能浮在水面上。	Wood can float on water.
8878	他和他朋友坐在长凳上。	He and his friends sitting on the bench.
8902	我家旁边有几家商店。	There are several stores near my home.
8919	我们应该照顾自己。	We should take care of themselves.
8922	您有事想对我说吗？	You want to say something to me?
8929	我不知所措	I know what to do
8938	单凭力量不能保证取胜。	Force alone can not guarantee victory.
8958	现在是八点一刻。	It is a quarter past eight.
8982	他骗了老婆婆的钱。	He cheated the old lady's money.
8996	他的建议促使我改变了主意。	His proposal led me to change my mind.
9000	刹车的功能是使车停下。	Brake function is to stop the car.
9003	哦，是啊，我记起来了。	Oh, yes ah, I remember.
9017	打网球对健康很好。	Playing tennis for good health.
9018	乌云是下雨的征兆。	Dark clouds are a sign of rain.
9024	我小睡后就感到精力充沛。	I feel more energetic after a nap.
9035	昨晚，我做了个好梦。	Last night, I had a wonderful dream.
9052	早起的鸟儿有虫吃。	Early bird gets the worm.
9066	我登上了富士山顶。	I got on top of Mount Fuji.
9086	我买了这件减价的汗衫。	I bought this T-shirt on sale.
9116	我斩钉截铁地拒绝了。	I categorically refused.
9129	今天早上很冷，不是吗?	Very cold this morning, is not it?
9142	沉默就意味着同意。	Silence means consent.
9156	眼睛是心灵的窗户。	The eyes are the windows of the soul.
9172	我只剩下一粒糖了。	I left a piece of candy.
9183	这个玩具是木制的。	This toy is made of wood.
9188	你能在这里签名吗?	Can you sign here, please?
9195	房间里有没有浴缸？	The room has no bathtub?
9214	那个名字很普通吗？	That name is very common it?
9252	他是经济学的专家。	He is an expert in economics.
9272	指挥官要求士兵立刻开火。	Commander told the soldiers immediately opened fire.
9298	你们有没有素抓饭？	Do you have vegetarian pilaf?
9301	在面汤里有个苍蝇。	There is a fly in the soup inside.
9303	你想吃几串烤羊肉？	You want to eat a few skewers of lamb?
9304	您想吃几串烤羊肉？	You want to eat a few skewers of lamb?
9308	你们一般几点下班？	You usually get off work?
9328	你怎么这么要紧哪！	So how do you bear what!
9332	你为什么要骂人家？	Why did you curse?
9340	我做得实在太潦草。	I do too sloppy.
9343	把这条阴沟通好！	Put the shade to communicate better!
9360	你别来捣蛋行吧！	You do not come to make trouble okay!
9384	他在慢慢地赶上去。	He slowly catch up.
9408	你今天下去锻炼了吗？	You go workout today?
9434	也许他不回去过春节。	Maybe he will not go back for the New Year.
9462	不用，洗一洗、吹一吹吧。	No, wash, blow a blow it.
9463	你要干洗还是湿洗？	You have to dry or wet cleaning?
9477	你要修得整齐点儿。	You have to repair something neat.
9487	荷兰豆盖了帽了！	Snow peas cover up the hat!
9494	不行，我不能做赔本生意。	No, I can not do Peibenshengyi.
9506	猪蹄煮得酥一点，知道吗？	Trotters cooked crisp little, you know?
9509	这只鸭子不怎么烂。	Duck very bad.
9524	你说得我馋死了！	You're my Chansi up!
9538	有点什么公共设施？	What little public facilities?
9559	我买好了徐家汇附近的高层。	I bought a high-rise near Xujiahui.
9576	好的。房间里长途电话可以直拨吗？	Ok. The room can dial long distance calls you?
9581	这辆车去静安寺吗？	The car went Jing'an Temple it?
9584	我坐过站了，怎么办？	I sat and stood, how do?
9603	你要硬座还是卧铺？	You have to hard seat or sleeper?
9606	从上海坐火车到郑州需几个小时？	Zhengzhou train to take several hours from Shanghai?
9632	别忘了写邮政编码！	Do not forget to write zip code!
9643	那么硬卡怎么用呢？	So how hard card it?
9647	请您把这张旅行支票换成现钞。	Please put this traveler's check into cash.
9667	行。你住在什么地方？	Row. Where do you live?
9705	这么贵！能便宜些吗？	So expensive! You can be cheaper?
9723	行了！就十元买五斤吧。	okay! Just ten yuan to buy five pounds of it.
9724	你这个台秤有问题吗？	The scales have a problem you do?
9809	她打扮得妖里妖气，一副傻样！	She dressed seductive, a Shayang!
9826	胃口怎么样？想不想吐？	How about your appetite? I do not want to feel like vomiting?
9979	绿灯时，拐弯车要让人。	When the green light, turning the car to people.
9980	公车上要静了再静。	On the bus to be quiet and then quiet.
9986	环境卫生人人珍视。	Sanitation everyone cherishes.
10001	价钱包含早餐了吗 ?	The price includes breakfast yet?
10003	我记得见过皇后。	I remember seeing the Queen.
10022	安德森也很怕狗的。	Anderson was afraid of dogs.
10046	这个字是希腊语衍生出来的。	The word is derived from the Greek.
10082	您不想再喝点茶吗？	You do not want to drink tea?
10098	老人需要有人倾诉。	The elderly need someone to talk to.
10158	烟是肺部健康的敌人。	Tobacco is the enemy of healthy lungs.
10199	不好意思，现在线路繁忙。	Sorry, now the line is busy.
10204	我下个月要搬家了。	I want to move the next month.
10227	我们睡在我舅舅家。	We slept at my uncle's house.
10234	我的原珠笔没墨了。	My ballpoint pen is out of ink.
10242	丘陵沐浴在阳光下。	Hills bathed in sunlight.
10264	我同意帮助老太太。	I agreed to help the old lady.
10277	妈妈，我的手帕在哪里？	Mom, where's my handkerchief?
10289	中国人民非常勤劳。	Chinese people are very industrious.
10295	我们真的目睹了事故。	We really witnessed the accident.
10333	这是一把中式扇子。	This is a Chinese fan.
10352	他在工作中经验尚浅。	He inexperienced at work.
10390	他放弃了所有希望。	He gave up all hope.
10397	为什么不尝尝寿司？	Why not try sushi?
10430	她怕鱼，而且从来不吃。	She was afraid of fish, and never eat.
10442	我被迫签了那张纸。	I was forced to sign a piece of paper.
10459	把我的眼镜拿给我。	Give me my glasses.
10466	我不想晒黑。	I do not want to tan.
10468	他用水装满了瓶子。	He filled the bottle with water.
10480	我买了辆毕加索。	I bought a Picasso.
10487	我被踢出了棒球队。	I was kicked out of the baseball team.
10514	这房子并不是很大。	The house is not very big.
10519	我没办法联络到他。	I can not make contact with him.
10520	我无法与他联络上。	I can not get through with him.
10544	他给了以下的答复。	He gave the following answer.
10553	我们的饭菜很便宜。	Our food is cheap.
10591	我打算成为工程师。	I'm going to become an engineer.
10594	他钢琴弹得非常好。	He plays the piano very well.
10601	他的牙齿被烟熏黄了。	His teeth were yellow smoke.
10604	不干不净，吃了没病。	Sloppy, eating disease.
10605	这是曹操的奸计。	This is treacherous Cao Cao.
10609	对不起，馒头卖完了。	Sorry, bread sold out.
10617	你的学业怎么样了?	How your studies like it?
10625	他砸坏的是这扇窗。	He was smashed this window.
10626	我的梦想灰飞烟灭了。	My dream was dead.
10627	他代替我去了会议。	I went to his place of meeting.
10641	市长否认收受了贿赂。	Mayor denies accepting bribes.
10646	不要逃避我的问题。	Do not avoid my question.
10648	鸟儿是昆虫的天敌。	Birds are natural enemies of insects.
10652	他把狗拴在一棵树上。	He put the dog tied to a tree.
10654	我们拥有三架飞机。	We have three aircraft.
10655	汤姆，把烦恼忘掉吧。	Tom, Forget your troubles.
10671	他虽年轻，但十分英明。	Although he was young, but very wise.
10678	今天池里的水可真多。	Today, the pool water can be really.
10694	我们不怕任何困难。	We are not afraid of any difficulties.
10706	我不知道他的计划。	I do not know his plans.
10707	别忘了把香烟熄掉。	Do not forget to put out the cigarette.
10723	他一直盯着她的脸。	He had been staring at her face.
10743	他是个有为的青年。	He was a promising young man.
10752	学习是不分年纪的。	Learning regardless of age.
10768	你会读这个汉字吗？	You can read the Chinese character?
10777	他很有审美眼光。	He is very aesthetic vision.
10810	酒香不怕巷子深。	Sell ​​themselves.
10828	顺着你的感觉走吧！	Follow your gut feeling!
10886	欲加之罪，何患无辞。	A piece of cake speech.
10901	我忘了锁储藏室的门。	I forgot to lock the door of the storage room.
10914	希望不是一种策略。	Hope is not a strategy.
10930	他的眼睛是蓝色的。	His eyes are blue.
10940	你的行为让我惊讶。	Your behavior surprised me.
10949	这是住在隔壁的人。	This is the person living next door.
10955	彼得决定明天出发。	Peter decided to start tomorrow.
10970	你说的话完全正确！	You are saying absolutely correct!
10988	我听见男孩们唱歌。	I heard the boys singing.
11031	他接受了我的主意。	He accepted my idea.
11035	他是最后一个到的。	He was the last one to have.
11068	人越老，记忆力就越差。	The older people, memory worse.
11070	他感冒从来不吃药。	He never cold medicine.
11099	我试着用法语提问。	I tried to ask questions in French.
11128	妈妈叫我修剪草坪。	Mother told me to mow the lawn.
11162	我不允许你那样做。	I will not allow you to do that.
11187	我前天到达成田市。	I was the day before yesterday to Narita City.
11193	日本人喜欢集体旅游。	The Japanese like to travel.
11200	她的眼里充满了泪水。	Her eyes filled with tears.
11204	这兄弟俩长的很像。	This long like brothers.
11218	我叔叔现在生活很安逸。	My uncle now living very comfortable.
11226	他晒不黑。	He sun is not black.
11286	母亲去了逛街。	Mother went shopping.
11296	别瞧不起人。	Do not look down on people.
11330	我打排球的时候扭伤了手指。	Playing volleyball when I sprained my finger.
11331	用水沖洗灼伤的手指。	Rinse with water burns fingers.
11332	我想和你共渡余生。	I want to spend the rest of my life with you.
11354	他们要求市长辞职。	They demanded the resignation of the mayor.
11365	菊花很香。	Chrysanthemum sweet.
11383	道路向上通往村庄。	The road to the village up.
11386	不要太炫耀这个了。	Do not show off too much of this.
11424	太阳从海上升起了。	The sun rising from the sea.
11436	我没时间跟您碰头。	I do not have time to meet with you.
11451	他进来了，眼里闪着光。	He came in, eyes shining light.
11452	他跟着入室抢劫者。	He followed by burglary.
11460	我们接受电话预定。	We accept telephone reservations.
11462	他以为他们渴望荣耀。	He thought they crave glory.
11473	她喝了一杯牛奶。	She drank a glass of milk.
11489	她该学习自然科学。	She should take up science.
11497	灯里的油用完了。	Light in the oil runs out.
11508	他编造了一个借口。	He made up an excuse.
11512	她刚结束，就躺下打了个盹儿。	She just ended, lie down and nap on children.
11516	老实说，他被炒了。	Honestly, he was fired.
11526	他的房间一片狼借。	His room is a mess.
11555	不要再做缩头乌龟了。	Do not do the faint-hearted.
11561	我宁愿叫一杯啤酒。	I'd rather be called a beer.
11563	我看了他一段时间。	I watched him for a while.
11569	贫困让他无法上学。	Poverty can not let him go to school.
11574	我独自待在教室里。	I was alone in the classroom.
11585	他反对种族歧视。	He was opposed to racial discrimination.
11587	目前，他情绪沮丧。	He currently frustration.
11607	我们跟着鹿的踪迹。	We followed the trail of deer.
11622	她第一眼就吸引了我。	She first attracted me.
11624	这个俱乐部太大了。	The club is too big.
11631	您的订单确认如下。	Your order confirmation follows.
11633	我的真实地址如下。	My real address below.
11653	地铁在地下通行。	Subway underground passage.
11671	这个鱼铺卖的鱼还活蹦乱跳的。	The fish shop selling fish still alive and kicking.
11679	这个电影院有两层。	The cinema has two.
11684	汇率是多少？	Exchange rate?
11714	钻石被镶在一个金戒指上。	Diamonds are set in a gold ring.
11755	我受到了热烈欢迎。	I received a warm welcome.
11790	游泳锻炼肌肉。	Swimming muscles.
11800	我不久前出了车祸。	I recently had an accident.
11828	一分钟包含六十秒。	One minute contains sixty seconds.
11848	硬币是金属做的。	Coins are made of metal.
11871	他忘了还我字典了。	He forgot to return my dictionary a.
11877	少了一把勺子。	Less a spoon.
11878	我的字典非常有用。	My dictionary is very useful.
11897	她有很多手提行李。	She has a lot of baggage.
11935	你该摆脱你的坏习惯。	You get rid of your bad habits.
11936	您做了个坏榜样。	You made a bad example.
11937	你做了个坏榜样。	You made a bad example.
11942	您不喜欢爱情故事。	You do not like love stories.
11943	你不喜欢爱情故事。	You do not like love stories.
12018	你有什么冰冻饮料？	Do you have any frozen drinks?
12043	他没立遗嘱就死了。	He died without a will.
12047	您进房前必须脱鞋。	You must take off your shoes before entering the room.
12072	成功是没有捷径的。	Success is no shortcut.
12076	林肯反对奴隶制度。	Lincoln opposed slavery.
12105	我养的猫昨天死了。	My cats died yesterday.
12109	观察放大了一万倍的细菌。	Observing magnified 10,000 times bacteria.
12122	我们曾是隔壁邻居。	We were next-door neighbors.
12201	你还没洗手，不是吗？	You did not wash your hands, is not it?
12219	夏天我穿短袖衬衫。	I wear short-sleeved summer shirt.
12222	你怎么敢这样说话？	How dare you say something like that?
12234	你收拾好东西了没有？	Have you packed your stuff yet?
12255	那片云是鱼的形状。	At that cloud the shape of fish.
12257	那幅伦勃朗的画是件艺术品。	The photograph of Rembrandt's paintings are works of art.
12264	谣言可能是真的吗？	Rumor might be true?
12266	小姐！我觉得不舒服。	Miss! I feel uncomfortable.
12275	您也喜欢爵士乐吗？	You also like jazz?
12286	您参观过东京塔吗？	You visited Tokyo Tower do?
12299	国王下令把囚犯释放。	The king ordered that the prisoner release.
12302	正方形有四条边。	A square has four sides.
12304	这里要小心扒手。	Here we must beware of pickpockets.
12322	我逼他说出了真相。	I forced him to tell the truth.
12338	他被揭露是她的父亲。	He was revealed to be her father.
12347	您的牛排要几分熟？	Your steak?
12355	今年夏天我要出国。	This summer I want to go abroad.
12360	我把盒子扛在肩上。	I put the box on his shoulders.
12373	上周我得了重感冒。	Last week I got a bad cold.
12378	请小心月台与车厢之间的空隙。	Be careful of the gap between the platform and the carriage.
12382	我没听到您的姓。	I did not hear your name.
12393	孩子抓住了猫的尾巴。	Children caught the cat's tail.
12415	德国曾是意大利的同盟国。	Germany was the Italian allies.
12416	德国与意大利结盟了。	Germany and Italy an alliance.
12425	我的手被门夹到了。	My hand was caught in the door to.
12445	但我一直都太懒了。	But I've been too lazy.
12456	苹果作为甜点供应。	Apple dessert supply.
12497	你的回答是正确的。	Your answer is correct.
12512	她骑自行车去上学。	She goes to school by bike.
12573	您该申请这个职位。	Can you apply for this position.
12574	你该申请这份工作。	You should apply for the job.
12578	为什么您试着逃走？	Why did you try to escape?
12585	我的家乡非常漂亮。	My hometown is very beautiful.
12596	暴风雨会持续多久？	The storm will last?
12600	她母亲一直陪着她。	Her mother stayed with her.
12608	你昨天打网球了吗？	Do you play tennis yesterday?
12609	跟我说说您的计划。	Tell me about your plan.
12629	我们决定采用您的想法。	We decided to use your mind.
12671	这部小说很难读懂。	The novel difficult to read.
12691	来吧，我帮你盛。	Come on, I'll hold.
12701	我想给你提个建议。	I want to give you a suggestion.
12705	别边吃东西边说话！	Do not eating something while talking!
12726	您最喜欢哪个季节？	Which season do you like best?
12744	看，厨房里有一只猫。	Look, there is a cat in the kitchen.
12753	我的名字叫霍普金斯。	My name is Hopkins.
12764	你喜不喜欢日本菜？	Do you like Japanese food?
12793	它随时有可能发生。	It can happen at any time.
12822	花瓶被摔成了碎片。	Vase was smashed to pieces.
12852	我们把门涂成了绿色。	Our door painted green.
12866	路中间有一辆卡车。	Middle of the road a truck.
12927	他把手插进了口袋。	His hands in his pockets.
12939	我想买点阿司匹林。	I want to buy aspirin.
12944	继续说你的故事吧。	Continue to say your story.
12968	她收下了他的礼物。	She took his gift.
12999	那个茶壶很脏啊！	Teapot dirty ah!
13003	我们应该尊敬父母。	We should respect their parents.
13005	我很累，想早点睡觉。	I'm tired and want to go to bed early.
13047	有人轻轻扣了门。	Someone gently snap the door.
13059	您选哪个我无所谓。	I do not care what you choose.
13061	价格根据需求变化。	Prices vary according to demand.
13070	我们无法接近敌人。	We can not close to the enemy.
13082	有只猫坐在椅子上。	A cat sitting on a chair.
13094	我不想变得悲惨，我想要潇洒!!	I do not want to become miserable, I want chic !!
13104	自私不是我的本意。	Selfishness is not my intention.
13164	“啊！”是一个感叹词。	"Ah!" Is an interjection.
13192	“请把盐递给我。”“拿着。”	"Please pass the salt." "Hold."
13196	多亏你我胃口都没了。	Thanks to you I have no appetite.
13213	我试着消磨时间。	I tried to kill time.
13218	今晚我们要去教堂。	Tonight we go to church.
13252	为什么你不吃蔬菜？	Why do you eat vegetables?
13290	你让我失去理智了。	You make me lost my mind.
13292	你是不可抗拒的。	You're irresistible.
13307	我酷爱意大利宽面条。	I love Italian lasagna.
13312	不要失望，没有全丢。	Do not despair, not all lost.
13327	所有意见是真相和错误的综合。	All comments are comprehensive truth and error.
13337	你一天照几次镜子？	According to several times in the mirror of your day?
13441	不要再批评我了！	Do not criticize me!
13444	我再也没有灵感了。	I have no inspiration.
13497	光速比音速快很多。	The speed of light is much faster than the speed of sound.
13500	世界不是围着你转的。	The world is not revolve around you.
13510	我们早餐做了煎饼。	We made a pancake breakfast.
13515	我心里充满着快乐。	I was filled with joy.
13527	我等不及要去度假。	I can not wait to go on vacation.
13529	数学的本质，是自由。	The essence of mathematics is liberty.
13545	谁买这种艺术品？	Who buys this work of art?
13555	如何引起女人的渴望？	How to cause a woman's desire?
13572	我不一定相信翻译。	I do not necessarily believe in translation.
13575	生命不长，它是宽的！	Life is not long, it is wide!
13581	这个东西必须改变。	This thing must be changed.
13582	他的儿子今年八岁。	His son eight years old this year.
13591	在你们国家吃米饭吗？	Eat rice in your country?
13596	我的胆固醇很高。	My cholesterol is high.
13623	我俯身捡起了掉在地上的笔。	I leaned over to pick up a dropped pen.
13630	对不起， 我情不自禁。	I'm sorry, I can not help.
13637	这份工作不付钱的。	The job does not pay.
13654	我觉得今天会很热。	I think it will be very hot today.
13673	他们昨晚设宴招待了我们。	They entertained us to dinner last night.
13714	他手里拿着一本书。	He is holding a book.
13733	我妹妹没有说“你好”。	My sister did not say "hello."
13757	用尺来划直线很方便。	With a ruler to draw a straight line easily.
13767	不要对孩子太温柔。	Do not be too gentle with children.
13796	您知道您的尺寸吗？	Do you know your size?
13801	他在木头上刻了一个菩萨像。	He carved a Buddha image on the wood.
13833	他很可能赢得比赛。	He is likely to win the game.
13838	新娘好像非常漂亮。	The bride seemed very nice.
13845	他有一辆威驰。	He has a Vios.
13854	我做了个身体检查。	I had a physical examination.
13863	这个工作需要实践。	This job requires practice.
13874	用两只手捧住花瓶。	Vase with both hands live.
13881	我们都跪了下来祈祷。	We all knelt down to pray.
13911	你游泳很棒，不是吗？	You swim great, is not it?
13913	下周工厂可能会关。	Next week the plant may be shut.
13925	书从柜子上掉下来。	Books fell off the cupboard.
13935	我自愿加入中国共产党。	I voluntarily joined the Chinese Communist Party.
13937	我想和你共进早餐。	I want to have breakfast.
13960	她星期六不用上学。	She need not go to school on Saturdays.
13997	他们被直升机解救。	They were rescued helicopter.
13999	他喜欢地理和历史。	He likes geography and history.
14022	煤并不一定都是黑的。	Coal is not necessarily black.
14032	他患了不治之症。	He is suffering from an incurable disease.
14041	他从头到脚都是泥巴。	He mud from head to toe.
14046	中国发展得太快了。	China is developing fast.
14058	叫声渐渐地变弱了。	Sounds gradually weakened.
14132	三次测量，一次切除。	Three measurements, once removed.
14182	城市中央有一个公园。	There is a central city park.
14193	我们把小偷捉住了。	We caught the thief.
14194	他比我重十公斤。	He weighing ten kilos lighter than me.
14197	我想和你单独谈谈。	I want to talk to you alone.
14206	胜败是兵家常事。	Victory or defeat is standard issue.
14209	彩虹是一种自然现象。	The rainbow is a natural phenomenon.
14215	起初，神创造了天地。	In the beginning God created the heaven and earth.
14217	他是一个挑衅高手。	He is a master of provocation.
14234	火车里挤满了乘客。	The train was packed with passengers.
14277	那桩杀人案是这样发生的。	It is this pile murder occurred.
14328	蜡烛没有了芯，就不能算是蜡烛了。	Candles no core, it can not be regarded as a candle.
14346	警方正在搜寻一名逃犯。	Police are searching for a fugitive.
14359	他抱着一个大箱子。	He carried a large box.
14390	请填好这张申请表。	Please fill out this application form.
14398	两人之间的距离已拉近。	The distance between the two has narrowed.
14425	约翰离开了公司，另起炉灶。	John left the company, start all over again.
14453	我听到尖叫声。	I heard screams.
14469	他们的友情酝酿成爱情的果实。	Their friendship brewing into a fruit of love.
14476	天气是如此地美好。	The weather is so beautiful.
14498	我的兴趣是收集钱币。	My interest is to collect coins.
14506	我六个月前戒地烟。	Six months ago I quit to smoke.
14524	他全神贯注。	He absorbed.
14565	它至少要花五美元。	It takes at least five dollars.
14599	我不能再喝啤酒了。	I can not drink beer.
14610	水和油都是液体。	Water and oil are both liquids.
14646	第二天我的腿很酸。	The next day my legs very sour.
14647	他的父母经营一家酒店。	His parents ran a hotel.
14652	这里离上野有多远？	How far away from the Ueno here?
14680	他们不得不后撤。	They had to retreat.
14688	狗的嗅觉比人类敏锐得多。	Dog's sense of smell is much more sensitive than humans.
14694	飞机在云层上飞着。	Aircraft flying above the clouds.
14739	昨天的天气坏透了。	Yesterday's weather bad enough.
14757	我尝试用左手写字。	I try to write with his left hand.
14760	我喜欢在雨中漫步。	I like walking in the rain.
14761	你会说义大利语吗？	Do you speak Italian?
14769	请把正确答案圈出来。	Please circle the correct answer.
14775	请你给我一块面包。	Please give me a piece of bread.
14793	复制/粘贴是很有用的。	Copy / Paste is useful.
14794	很多美国人是肥胖的。	Many Americans are obese.
14810	男子从口袋中掏出枪，吓了我一跳。	Men's pocket and pulled out a gun, I was really surprised.
14822	你不必回复那封信。	You do not have to answer that letter.
14849	这饺子是什么馅的啊？	This is what stuffing dumplings ah?
14861	粮食供应十分充足。	Food supply is adequate.
14869	我很怀念我的童年。	I miss my childhood.
14873	我想和你说几句话。	I want to say a few words.
14875	放开我，你正在掐着我的脖子。	Let go of me, you're pinched my neck.
14923	她允许他一个人去。	She allowed him to go alone.
14942	一座岛屿映入眼帘。	An island in sight.
14957	我对化学略懂一二。	I have some knowledge in twelve pairs of chemistry.
14979	他在汽车站等候。	He waited at the bus station.
14997	这正是我想看的视频。	This is what I want to see the video.
15068	打架解决不了问题。	Fight not solve the problem.
15070	汤姆把黏土塑成了一个花瓶。	Tom worked the clay into a vase.
15077	他恳求我留下来。	He begged me to stay.
15119	我能看一下您的票吗？	May I see your ticket?
15120	这是午饭剩下来的。	This is left to the lunch.
15125	同类不相残。	Dog does not eat dog.
15127	我只是个老百姓。	I'm just ordinary people.
15131	他看上去脸色铁青。	He looked livid.
15220	他穿了一条牛仔裤。	He wore a pair of jeans.
15222	我每天早上刮胡子。	I shave every morning.
15235	燕子飞得非常快。	The swallow flies very fast.
15322	天呐，真好吃!	Gee, really delicious!
15323	埋埋散散，太好吃啦！	Buried buried San San, very good to eat them!
15325	美国的医疗费很高。	US high medical expenses.
15347	他从大陆回来了。	He came back from the mainland.
15378	农夫们在田地里忙碌地耕种。	Farmers are busy in the fields farming.
15393	他听到某人叫救命。	He heard someone motions on others.
15394	请遵循护士的指导。	Please follow the instructions of nurses.
15399	我才不听你说的呢！	I did not hear you say it!
15415	这趟航班六点起飞。	This flight took off at six.
15425	今晚你打算做什么？	What are you going to do tonight?
15427	他们经历了艰难困苦。	They went through hardships.
15436	去年我得了中风。	Last year I had a stroke.
15441	他将得到最高的平均分。	He will get the highest average.
15442	他名声远扬。	His notoriety.
15444	他有酗酒的问题。	He had a drinking problem.
15475	他被罚了一万日元。	He was fined ten thousand yen.
15500	她真是个好姑娘。	She's a good girl.
15510	一起算还是分开算？	Together or separately?
15550	我开车送你回家吧。	I'll drive you home.
15552	工程的第一阶段已经完成了。	The first phase of the project has been completed.
15564	猫在垫子上。	Cat on the mat.
15594	有人喊我的名字。	Someone call my name.
15604	你是党员吗？	Are you a Party member?
15607	意大利是一个半岛。	Italy is a peninsula.
15609	那个责任对他是个包袱。	That responsibility is a burden to him.
15622	你经常把它擦光吗？	You often put it polish it?
15628	我刚刚吃完了午饭。	I've just finished lunch.
15633	我听不懂他的笑话。	I do not understand his jokes.
15646	上有天堂下有苏杭。	There is heaven, there are Suzhou and Hangzhou.
15707	这栋别墅的主人是谁？	Who the owner of the villa?
15722	该死的！你吓死我了！	damn it! You scared me!
15730	他们的旗五颜六色。	Their colorful flag.
15755	最贵的车多少钱？	How much is the most expensive car?
15757	我买了他一条领带。	I bought him a tie.
15759	不怕一万，只怕万一。	Afraid of ten thousand, I'm afraid in case.
15760	比上不足，比下有余。	Better than some, worse than.
15774	她常常开我的玩笑。	She often make fun of me.
15777	他差点在雪中冻死。	He almost froze to death in the snow.
15781	他姐姐比我哥哥大。	His sister older than me brother.
15791	不管谁说，这个不对。	No matter who says this is wrong.
15868	将军下令杀死了所有的战俘。	General ordered the killing of all prisoners of war.
15931	给我看看你哪里痛。	Show me where it hurts you.
15956	很遗憾你们不能来。	I'm sorry you can not come.
15987	这两本都是宋本。	Both are present in this song.
15998	我等了你五个小时。	I waited for you for five hours.
15999	大象被猎人杀死了。	Elephants killed by hunters.
16010	中国的人口已经超过了十三亿。	China's population has exceeded 1.3 billion.
16035	显然她害怕待在这里。	Apparently she was afraid to stay here.
16036	这对我来说很重要。	It is very important to me.
16040	这种威士忌太烈了。	This whiskey is too strong.
16060	他访问过法国三次。	He visited France three times.
16077	我打算绝不再喝酒。	I intend never to drink again.
16102	我不需要贷款了。	I do not need loans.
16114	铜和银都是金属。	Copper and silver are metal.
16119	超级市场在十点开门。	Supermarkets open at ten o'clock.
16121	肯尼亚曾经是英国的殖民地。	Kenya was once a British colony.
16141	我喝水因为我渴了。	I drink water because I'm thirsty.
16144	昨天晚上，我惊慌失措。	Last night, I panicked.
16149	这篇文章没有价值。	This post has no value.
16164	少了运气无法航行。	Less luck can not sail.
16170	它也会杀死庄稼。	It will kill the crops.
16179	船开过苏伊士运河。	Boat over the Suez Canal.
16190	妈妈买了一条面包。	Mom bought a loaf of bread.
16199	她把苹果切成两半。	She cut the apple in half.
16204	墙头草，两面倒。	Fence, two down.
16206	万事俱备只欠东风。	All is ready except for the opportunity.
16220	阅览室里禁止说话。	Prohibit the reading room to talk.
16221	你要来点儿沙拉吗?	Do you like some salad?
16232	我在机场被海关人员搜查。	I was searched at the airport customs officers.
16257	吃人嘴软,拿人手短。	Eat soft in the mouth, take a short staff.
16272	体育场里人山人海。	The stadium was packed with people.
16274	这家公司生产电脑晶片。	The company makes computer chips.
16282	我是企业家。	I'm an entrepreneur.
16320	总线速度逐步回升。	Bus speed gradually picked up.
16347	我从来没去过广岛。	I've never been to Hiroshima.
16373	把辣根削皮再削成签。	Peel the horseradish and then whittled sign.
16392	我刷牙，我梳头发。	I brush my teeth, comb my hair.
16402	他们围在壁炉旁边。	They gathered around the fireplace.
16408	爱来不来，悉听尊便。	Love comes or not, as you wish.
16424	我爱你胜过你爱我。	I love you more than you love me.
16430	他们保存了这建筑。	They saved this building.
16446	她欣然用车送我回家。	She is pleased to drive me home.
16447	他们企图暗杀总统。	They attempted to assassinate the president.
16491	我和一些朋友喝酒。	I and some friends to drink.
16507	你看都出血了，我扶你起来吧。	You see all bleeding, and I help you get up.
16516	在苏联，句子写你！	In the Soviet Union, the sentence you write!
16541	人们会选择你或我。	People will choose you or me.
16561	他明天抵达京都。	He arrived in Kyoto tomorrow.
16621	我对我自己感到惭愧。	I felt ashamed of myself.
16639	请出示您的票子。	Please show your ticket.
16640	请给我看看另一个。	Please give me another.
16643	我是从新加坡来的。	I'm from Singapore.
16668	我想咨询点儿事情。	I want to consult a little thing.
16699	她住在一个村子里。	She lives in a village.
16728	他飞到南方。	He flew to the south.
16743	她在海边有所房子。	She has a house by the sea.
16753	他去百货公司购物。	He went to a department store shopping.
16774	她早上七点起床的。	She got up at seven in the morning.
16806	你认识布朗先生吗?	You know Mr. Brown?
16807	一只老鼠跑过房间。	A mouse ran across the room.
16830	水果以苹果为最佳。	Apple is the best fruit.
16849	我焦急地在等着去聚会。	I am anxiously waiting to party.
16852	这水被石油污染了。	This water is polluted oil.
16880	庆祝春节俗称过年。	To celebrate the Chinese New Year, commonly known as Chinese New Year.
16894	问题是, 太阳能太贵了。	The problem is that solar energy is too expensive.
16941	这冰够厚可以在上面走。	This ice can be thick enough to walk on.
16976	水面浮着一片落叶。	A leaf floating in the water.
16986	这些布是全羊毛的。	These are all-wool cloth.
16994	我将担任您的导游。	I will serve as your guide.
16999	这份杂志每个月出刊两次。	The magazine's issue twice a month.
17027	给面包的人不会饿。	People will not be hungry for bread.
17035	吧杯子放在桌子上。	Right cup on the table.
17074	他睡得像朵玫瑰花。	He slept like roses.
17116	我承认了我的错误。	I admit my mistake.
17136	桂林山水甲天下。	Semiotic.
17151	周末他平常不在家。	On weekends he usually does at home.
17171	我装了个心脏起搏器。	I installed a pacemaker.
17172	它在我的舌尖上。	It is on the tip of my tongue.
17176	今天比昨天多风。	Windy today than yesterday.
17182	我不想买这张地毯。	I do not want to buy this carpet.
17186	花瓣浮在水面上。	Petals floating on the water.
17188	他们坐车去芝加哥。	They traveled to Chicago.
17192	五百年前是一家。	Five hundred years ago is one.
17215	没有联系他的方式。	There is no way to contact him.
17225	他买不起新的汽车。	He can not afford a new car.
17245	她捡起了一块鹅卵石。	She picked up a pebble.
17253	我为你煮马铃薯。	I cook potatoes for you.
17257	你看到什么拿什么。	What you see what means.
17261	我要去看恐怖电影。	I want to see a horror movie.
17308	人生不是甜的包子。	Life is not sweet buns.
17332	冰融了就会化成水。	Ice will melt into the water.
17351	个子矮的人心眼多。	Sawed-eye and more people.
17354	他们扩阔了帝国的领土。	They broadened the territory of the empire.
17407	别把鲜花插在牛粪上。	Do flowers inserted in cow dung.
17416	先到先得, 额满即止。	First-come, first-served basis.
17456	工程要怎么见效？	To project how effective?
17515	这种鸟被称为布谷鸟。	This bird is called cuckoo.
17519	我的脚踏车被偷了。	My bike was stolen.
17524	熊猫是中国的国宝。	Panda is national treasure of China.
17525	在台湾人们工作很努力。	People work very hard in Taiwan.
17539	我骑脚踏车去上班。	I ride my bike to work.
17546	滚出去! 你们所有的人!	Get out! All of you!
17558	春天播种秋天收获。	Spring planting autumn harvest.
17572	你看过红色的河吗？	Have you seen the red river?
17595	她友善的为我指路。	Her friendly for directions.
17598	战争进入最后阶段。	War entered its final stages.
17602	她的言讲非常好听。	Her words speak very nicely.
17606	他是个着名的画家。	He was a famous painter.
17616	为溅出的牛奶哭也没用。	As spilled milk crying is useless.
17660	这葡萄酒非常好喝。	This wine is very tasty.
17684	电影在十点钟开演。	The movie opens on ten o'clock.
17689	我们立即开始施工。	We begin construction immediately.
17695	今天是无聊的一天。	Today is boring day.
17716	这床看起来很稳固。	The bed looks very solid.
17745	她的美丽终将消失。	Her beauty will eventually disappear.
17746	有人推我到里面。	Someone pushed me into it.
17748	他哥哥仍然比较高。	His brother is still relatively high.
17771	那并没有打击到他。	It did not hit him.
17811	大多数吉他有六根弦。	Most guitars have six strings.
17816	他竟然叫你笨蛋。	He went so far as to call you a fool.
17837	用两只手拿好花瓶。	Well vase held with both hands.
17856	日本有多少个县?	Japan, the number of counties?
17870	手术是最佳解决方案。	Surgery is the best solution.
17911	我的一个包弄丢了。	I lost a bag.
17923	这本小册子是免费的。	This booklet is free.
17934	我父亲无法抬起它。	My father could not lift it.
17941	这只老鼠跑进洞里。	The mouse into its hole.
17959	我从来没有见过他。	I've never seen him.
17961	这些是无用且冗长的会议。	These are useless and lengthy meetings.
17965	他毫不犹豫地参加了会议。	He did not hesitate to participate in the meeting.
17990	咱们玩儿捉迷藏吧。	Let's play hide and seek.
18005	你每年捐多少钱？	How much do you donate each year?
18018	伤者被救护车载送。	The injured were ambulance transfer.
18036	他闯入一间房子。	He broke into the house.
18044	让我们再聚在一起!	Let us together again together!
18087	我会想念你的厨艺。	I will miss your cooking.
18100	贝蒂喜欢古典音乐。	Betty likes classical music.
18110	我想喝点儿热汤。	I like to drink hot soup.
18125	生活中有高低起伏。	Life there are ups and downs.
18137	对不起, 我没有零钱。	I'm sorry, I did not change.
18158	天使畏惧处, 愚人敢闯入。	Where angels fear to dare to break into fools.
18174	他不遗余力帮助我。	He spared no effort to help me.
18177	她哭得肝肠寸断。	She cried Ganchangcunduan.
18201	很遗憾你不相信我。	I'm sorry you do not believe me.
18231	你想要这件衬衫吗？	You want this shirt for me?
18232	哈利今年才四十岁。	Harry only four years old this year.
18276	这世界就是疯子的仓库。	The world is a crazy warehouse.
18282	胡锦涛的生日谁知道啊？	Hu Jintao's birthday who knows ah?
18294	她的回答是否定的。	Her answer is no.
18306	她当选为委员会主席。	She was elected as Chairman of the Committee.
18309	别抱怨了。你必须去。	Stop complaining. You have to go.
18314	我过着放荡的生活。	I lived a dissolute life.
18322	法律不应受到侵犯。	The law should not be violated.
18346	你要小心别惹他生气。	You have to be careful not offend him angry.
18357	你知道怎么煮肉吗?	You know how it boiled pork?
18367	我怀疑这是辆黑车。	I suspect this is the black car vehicles.
18396	星期一你必须缴交报告。	You have to pay a report Monday.
18397	你应该光荣地辞职。	You should resign honorably.
18460	你不妨告诉我一切。	You might as well tell me everything.
18475	他对老婆言听计从。	His toe to his wife.
18477	他没有最好的名声。	He did not have the best reputation.
18509	也许你舔了它?	Maybe you lick it?
18526	我的邻居叫邓大平。	My neighbor called Deng Taiping.
18542	一个地方, 完全娱乐。	A place full of entertainment.
18550	认识他的人都爱他。	Who knew him love him.
18557	他让我气得头疼了。	He made me so angry headache.
18558	他被殴打得快死。	He was beaten to death quickly.
18613	您可以示范一下吗?	You can demonstrate about it?
18624	元旦就在眼前。	New Year's Day is at hand.
18625	老太太皱着眉头。	The old lady frowned.
18632	永远要对自己诚实。	Always be honest with yourself.
18635	多听不多言, 里外人不嫌。	Listen few words, was never too outsiders.
18639	南西邀请他去派对。	Nancy invited him to the party.
18652	这把枪是属于谁的?	This gun belongs to whom?
18669	严以律己, 宽以待人。	Yanyilvji wide to others.
18683	灵魂赋予肉体生命。	Soul giving physical life.
18684	这可怜的女孩瞎了。	This poor girl blind.
18691	我希望你做血液检查。	I want you to do a blood test.
18723	这个孩子不再哭了。	The child stopped crying.
18737	笨得像块木板一样。	As stupid as a block of wood.
18739	一毛钱也没有。	Not a dime.
18770	他不知道怎么回答。	He did not know how to answer.
18823	我遇到的人都很仁慈。	People I met very kind people.
18831	经验是最好的老师。	Experience is the best teacher.
18861	我会给你注射止痛药。	I'll give you an injection painkillers.
18866	最后我们达成了协议。	Finally, we reached an agreement.
18868	我阿姨有三个孩子。	My aunt has three children.
18894	他是委员会主席。	He is the Chairman of the Committee.
18903	他的脉搏正常吗？	His pulse is normal?
18920	我终于拥有了一整套!	I finally have a set!
18935	这不是血。这是甜菜。	It's not blood. This is the beet.
18940	我立刻打电话给她。	I immediately called her.
18947	彼得的农舍非常大。	Peter farmhouse is very large.
18961	真正的爱没有勉强。	True love is not reluctant.
19016	每次下雨屋顶就漏水。	The roof leaks every time it rains.
19017	正午时分钟声响起。	Noon bell rings.
19027	从骏河湾看, 富士山很美丽。	Look from Suruga Bay, Mount Fuji is very beautiful.
19051	他们状告政府赔偿损失。	They sued the government for compensation losses.
19061	它发出巨响爆炸了。	It sends a loud explosion.
19068	让我们试着逆流而上。	Let us try to upstream.
19090	我的土地紧靠河边。	My land close to the river.
19098	他们玩牌来杀时间。	They play cards to kill time.
19100	这超出了我的想像范围。	This is beyond the scope of my imagination.
19117	这房子位于山坡上。	The house is located on the hillside.
19132	这只狗长的像匹马。	The dog long as the horse.
19135	哎呀- 我忘了我的药。	Oops - I forgot my medicine.
19168	我紧紧地抱着他哭。	I hugged him tightly cry.
19179	英雄总是来得太迟。	The hero always comes too late.
19206	他被任命为驻英国大使。	He was appointed ambassador to Britain.
19225	他会是个好丈夫的。	He would be a good husband.
19227	鲸鱼是哺乳动物。	Whale is a mammal.
19232	小心不要着凉。	Be careful not to catch cold.
19243	请告诉我你的地址。	Please tell me your address.
19247	他们对结果很满意。	They are very satisfied with the results.
19276	你知道分辨好坏吗？	You know how to interpret it good or bad?
19340	那幅画有多少年了？	How old is that picture?
19356	把配料好好混一下。	The ingredients look good mix.
19370	你是不是刚认识他？	You are not just met him?
19377	拍照片光线不够亮。	Light is not bright enough pictures.
19400	这种做法极不公平。	This practice is extremely unfair.
19411	我该在哪儿付煤气费？	Where do I pay the gas bill?
19414	他试着赢得竞赛。	He tried to win the race.
19430	你去过墨西哥吗？	Have you been to Mexico yet?
19456	他们不断地摸索。	They continue to explore.
19464	我的头皮非常痒。	I have very itchy scalp.
19477	我们买了一磅的茶。	We bought a pound of tea.
19498	我觉得我快昏倒了。	I think I'm going to faint.
19499	谋事在人, 成事在天。	Man proposes, God disposes.
19522	我觉得你太过分了。	I think you went too far.
19538	我接种了流感疫苗。	I was vaccinated against influenza vaccine.
19552	我对此一窍不通。	I know nothing about this.
19578	我想跟你老婆睡觉。	I want your wife to sleep.
19599	花园里的草发芽了。	The garden grass sprouted.
19617	他们有相同的嗜好。	They have the same hobby.
19622	摸这条蛇安全吗?	Touch this snake safe?
19637	美国的首都是华盛顿。	US capital Washington.
19641	她的态度是反对我。	Her attitude is against me.
19643	你们应该多吃纤维。	You should eat more fiber.
19669	我痛恨他的黄段子。	I hated his yellow piece.
19671	这明显就是靠关系...	This is obviously rely on relations ...
19672	他在监视着。	He watched.
19707	请问售票处在哪里？	Will the ticket office where?
19708	请拼一下您的名字。	Please spell your name.
19741	请给我同样的东西。	Please give me the same thing.
19761	你也是其中一个吧！	You are one now!
19779	贾克说英语。	Jacques speak English.
19780	下一趟火车几点开？	The next train leave?
19783	那家工厂生产玩具。	That factory manufactures toys.
19785	咱们去那里见他吧。	Let's go there to see him.
19799	他潜心研究音乐。	He studied music.
19817	我的房间就在楼下。	My room downstairs.
19818	我的房间就在楼上。	My room is just upstairs.
19851	我宁可死也不屈服。	I would rather die than surrender.
19854	他跌倒弄伤了他的手。	He fell hurt his hand.
19857	一公斤香蕉多少钱?	One kilogram of bananas how much money?
19858	他很盼望看到你。	He was looking forward to seeing you.
19898	学习是学生的工作。	Learning is the student's work.
19902	满招损, 谦受益。	Pride hurts, to benefit him.
19907	骄傲是人类的弱点。	Human pride is human weakness.
19957	牛要牵到哪里去?	To pull cattle go?
19961	为什么不驱逐他?	Why do not you expel him?
19964	我今年没钱买新车。	I have no money to buy a new car this year.
19980	我觉得这难以置信。	I find this hard to believe.
19989	这是我仅有的一本书。	This is my only book.
19997	他走路或者骑车过来。	He came walking or cycling.
20002	我不明白他说的话。	I do not understand what he said.
20017	我喜欢看虚幻勇士。	I like to watch fantasy warriors.
20079	他只顾自己的利益。	His lack of interest.
20082	我们必须遵纪守法。	We must abide by the law.
20096	告诉我正确的答案。	Tell me the correct answer.
20098	我想要点当日套餐。	I'd like some day packages.
20126	她进屋前擦了鞋。	Before she entered the room rubbing his shoes.
20127	立竿见影。	Immediate.
20161	你应该得到这个奖金。	You should get this bonus.
20165	我是一个自由的人。	I am a free man.
20186	你们都准备好了吗?	Are you all ready?
20195	也给我一些牛奶。	Give me some milk.
20236	我为你的殿，心里焦急，如同火烧。	My heart anxious for your house, as it were fire.
20243	我特别喜欢这一幕。	I particularly like this scene.
20253	你估计听众有多少?	How much do you estimate the audience?
20291	国王摧毁了他的敌人。	The king destroyed his enemies.
20307	能否请你说慢一点?	Could you please speak more slowly?
20341	他们的牛都很肥。	Their cattle are very fat.
20361	我设法让他明白了。	I managed to make him understand.
20364	他设法使收支平衡。	He managed to make ends meet.
20386	请帮我叫宾馆保安。	Please help me to call the hotel security.
20447	他正在筹备一次旅行。	He is preparing for a trip.
20453	这个程序缺陷满多。	This bug more than full.
20456	这个诉讼程序缺陷满多。	The proceedings full of many defects.
20458	汤姆发动了引擎。	Tom started the engine.
20459	他裁开了那个信封。	He cut open the envelope.
20469	十间房屋被烧毁了。	Ten houses were burned down.
20475	我在大学主修哲学。	I majored in philosophy at the University.
20516	“我觉得这太讽刺了。”“怎么会？”	"I think this is too ironic." "But how?"
20520	梦想能让我疯狂。	Make me crazy dream.
20525	这房子和土地属于我。	The house and the land belongs to me.
20529	日本有很多温泉。	Japan has many hot springs.
20532	我在大学主修化学。	I majored in chemistry at the university.
20535	我正在寻找一位老人。	I'm looking for an old man.
20547	他收集了一些讯息。	He collected some of the messages.
20568	我的脚起水泡了。	The blisters on my feet.
20569	我为一家银行工作。	I work for a bank.
20572	你想要来些炒蛋吗？	You want to do some scrambled eggs?
20578	电流可以产生磁性。	It can generate a magnetic current.
20580	他善用了这个机会。	He take advantage of this opportunity.
20582	我们用木材做雕像。	We do wood statue.
20591	她跟医生预约看诊了。	Her appointment with the doctor to see the doctor up.
20603	他又喝了一碗汤。	He drank a bowl of soup.
20604	我们在树荫下休息。	We rest in the shade.
20607	我和她聊得很愉快。	She and I talk very happy.
20616	昨晚下了一场大雨。	Last night was a heavy rain.
20617	昨晚雨势很大。	Last night a big rain.
20619	今天早上天气严寒。	This morning cold weather.
20644	那个女人矫揉造作。	The woman affectation.
20654	他们好像在摆架子!	They seemed to put on airs!
20663	我们坐在草地上吧。	We sat on the grass on it.
20669	这是个创新的解法。	This is a innovative solution.
20723	我们在箱根过了夜。	We spent the night in Hakone.
20729	个人自由是民主的精髓。	Personal freedom is the essence of democracy.
20766	世界各地都说英语。	English is spoken all over the world.
20773	把想法付诸实践是困难的。	The idea into practice is difficult.
20782	洋葱比马铃薯快熟。	Onions than instant potatoes.
20783	对事情比较正经严肃。	Things are more serious to serious.
20784	放点盐到滚水里。	Put some salt to the boiling water.
20791	水从破裂的水管倾泻而出。	Water pouring out from the broken pipe.
20811	进攻是最好的防御。	Offense is the best defense.
20821	万一发生火灾，按铃。	In case of fire, ring the bell.
20823	十支队伍竞逐奖项。	Ten teams compete for prizes.
20829	忽然天气转为多云。	Suddenly it became cloudy.
20830	神户是着名的港口。	Kobe is famous harbor.
20832	苏格兰以其羊毛纺织品而着名。	Scotland is famous for its woolen textiles.
20905	突然就下起了大雨。	Suddenly it began to rain.
20911	到村庄只有两英里。	Only two miles to the village.
20930	携带武器是违法的。	It is illegal to carry weapons.
20943	纽约位在哈得逊河。	New York located in the Hudson River.
20947	日本依赖进口原料。	Japan's dependence on imported raw materials.
20951	恭子正躺在草地上。	Kyoko was lying on the grass.
20961	把邮票贴在信封上。	The stamp on the envelope.
20972	务必要买一些牛奶。	Be sure to buy some milk.
20973	从地上捡起这支铅笔。	From the ground to pick up the pencil.
20974	树不会长在草原上。	Tree does not grow on the prairie.
20978	训练狗是不容易的。	Dog training is not easy.
20982	躺下来休息一会儿。	Lie down and rest for a while.
21010	切除这块肉的脂肪。	Cut the meat fat.
21013	在夜间发生了火灾。	A fire broke out during the night.
21015	军人必须履行他们的命令。	Soldiers must fulfill their orders.
21023	所有花园里的花朵都枯萎了。	All garden flowers have withered.
21025	一个人影也看不到。	A figure can not see.
21034	保存在阴凉的地方。	Keep in a cool place.
21044	问那边的警察岗哨。	I asked the policeman over sentry.
21046	在服务台另外预约。	Also make an appointment at the reception.
21051	它发生在十一点一刻。	It happened at a quarter past eleven.
21059	红绿灯一直在运作。	Traffic lights has been in operation.
21061	别闲聊了，开始工作。	Do not chat up and start working.
21065	对不起，我拨错了号码。	I'm sorry, I dialed the wrong number.
21067	说实话，我感到孤独。	To be honest, I feel lonely.
21077	警察命令他们停手。	The police ordered them to stop there.
21093	烧的时候加黄酒把腥味去掉。	Add rice wine burned when the smell removed.
21116	汽车的数量在增长。	The number of cars is growing.
21118	许多事情靠的是结果。	Many things rely on the results.
21165	一个球正顺流而下。	It is a ball down the river.
21182	花园里有竹子在生长。	There are growing bamboo in the garden.
21186	嘲笑别人是无礼的。	It is rude to laugh at others.
21190	玩牌作弊是错误的。	Cheat at cards is wrong.
21191	保持在较低的温度。	Maintained at a lower temperature.
21204	对不起，我没讲清楚。	I'm sorry, I did not speak clearly.
21205	我想兑换旅行支票。	I'd like to cash traveler's checks.
21214	我的白发越来越多。	My white hair more and more.
21229	万一下雨，我就不去。	In case it rains, I will not go.
21234	看不到任何一棵树。	I do not see any tree.
21256	这对我是很大的震撼。	This is a great shock to me.
21265	医生立刻被请来了。	The doctor was immediately invited.
21272	今天非常热，不是吗?	Very hot today, is not it?
21281	今天不比昨天闷热。	Today better than yesterday sultry.
21296	我对她的评价很好。	I rate her very well.
21308	我猜那应该可以的。	I guess it should be.
21348	她用苹果做了果酱。	She made apple jam.
21351	他聪明到不会娶她。	He is smart enough not to marry her.
21374	我设法穿过了人群。	My way through the crowd.
21380	他一点礼貌也没有。	He did not a little courtesy.
21382	我们种植各种的作物。	We grow a variety of crops.
21401	她浑身湿透了。	She soaked to the skin.
21418	我从她那里得到这些旧钱币。	I get these old coins from her.
21428	我的眼睛进了些沙。	My eyes a bit into the sand.
21451	这个老人挡了她的路。	The old man blocked her way.
21520	你就是我永远的挚爱。	You are my forever love.
21530	他看到她就脸红了。	He saw her blush.
21623	我被很多的蚊子叮了。	I was a lot of mosquito bites.
21624	他得到了法律硕士学位。	He got a master's degree in law.
21635	他擅长应付小孩子。	He was good at dealing with children.
21645	世界上许多人在挨饿。	Many people in the world starving.
21648	没有人可以共侍二主。	No one can serve two masters were.
21694	我没明白那个笑话。	I did not understand the joke.
21712	给我弹一曲肖邦。	Give me Dan Yiqu Chopin.
21714	她羞怯地看了一眼那个年轻人。	She shyly looked at the young man.
21793	她轻轻地推了门。	She shoved the door.
21810	卓别林是有预见力的人。	Chaplin are visionaries.
21811	我希望考试能录取。	I hope to be able to admission exam.
21813	工作政策是个失败。	Work policy was a failure.
21825	你会前途无量的。	You've got a future.
21833	你找错了零钱给我。	You gave me the wrong change.
21839	他给了我正式批准。	He gave me approval.
21847	他坐在一座金矿上。	He was sitting on a gold mine.
21848	这个项目是一块金。	This project is a piece of gold.
21862	这个男人是大股东。	This man is the majority shareholder.
21876	他排挤了他的对手。	He squeezed his opponent.
21886	她亲自过问了此事。	She personally involved in the matter.
21893	他习惯了团队合作。	He used to teamwork.
21921	我习惯在早上洗澡。	I used to take a bath in the morning.
21925	真可惜你不能来！	What a pity you can not come!
21931	有没有尾巴的猫。	There is no tail cat.
21937	这条河流向太平洋。	This river to the Pacific.
21940	这个论点值得强调。	This point is worth emphasizing.
21942	我悠闲的吃早餐。	I eat a leisurely breakfast.
21945	他目击了那件意外。	He witnessed the accident that piece.
21954	他坚持原来的计画。	He insisted on the original plan.
22046	获人赠马，休看马口。	A person to whom a gift horse, Hugh watch horses mouth.
22050	凡事行中庸之道。	Everything OK moderation.
22054	雄辩如银，沉默如金。	Speech is silver, silence is gold.
22061	人皆有错，唯圣者能恕。	Fallibility, only saints can forgive.
22067	没有不冒烟的火。	No fire without smoke.
22076	每朵云都披着银衣。	Every cloud wrapped in Yin Yi.
22081	凡事要预先准备好。	We have to be prepared in advance.
22084	子女是穷人的财富。	Children are the wealth of the poor.
22110	弥补永远不会太晚。	Never too late to make up.
22111	面包比鸟的鸣唱好。	Bread is better than singing birds.
22117	元旦是一年的关键。	New Year's Day is a critical year.
22127	你该打扫你的房间。	You should clean your room.
22144	我不会卖这个树影。	I will not sell the shadows.
22178	这女生不喜欢洗碗。	This girl does not like washing dishes.
22204	知识不是遗传的。	Knowledge is not hereditary.
22233	上梁不正下梁歪。	上梁不正下梁歪.
22237	毫无希望，白费心思。	There is no hope, white bother.
22257	他没有他弟弟聪明。	He did not his brother clever.
22277	你不喜欢赌博，是吗？	You do not like to gamble, is not it?
22291	他的大脑仍然很活跃。	His brain is still very active.
22296	你妄想。上床睡觉去！	You delusion. Go to bed!
22299	该建筑高一百公尺。	The building is 100 meters high.
22308	红旗代表存在危险。	Red flag indicates the presence of danger.
22313	谁躲在帘子后面？	Who hid behind the screen?
22316	在门口的女孩是谁？	Who is the girl at the door?
22322	日本最长的隧道在哪里？	Where is Japan's longest tunnel?
22354	您无需通晓多国语言。	You do not need multi-lingual.
22401	这是我在报纸看的。	This is what I see in the newspaper.
22448	你每天研读英语吗？	You study English every day?
22450	他每天研读英语吗？	He studied English every day?
22517	他完全沉浸在书里。	He completely immersed in the book.
22524	他磕碎了下巴，掉了几颗牙。	He knocked his broken jaw and lost some teeth.
22538	鱼与熊掌不可兼得。	Fish and can not have both.
22591	宣传由我来负责。	Promote me to be responsible.
22603	我不喜欢吃辣的。	I do not like spicy food.
22632	这本书在英国印刷。	The book printed in England.
22633	你该考虑他的年纪。	You should consider his age.
22637	一道闪电划破天空。	A bolt of lightning pierced the sky.
22706	他游到不能游为止。	He could not swim to swim so far.
22711	我怎么才能发胖？	How can I gain weight?
22739	他急忙出了办公室。	He hurried out of the office.
22742	他是个有教养的人。	He is a cultured man.
22746	润滑系统设计得不好。	Lubrication system badly designed.
22759	花园里开满了黄花。	Garden full of yellow flowers.
22767	种的是风，而收获的是旋风。	Sow the wind, and the harvest is the whirlwind.
22793	我七点半会在那里。	I'll be there at half past seven.
22798	拳不离手，曲不离口。	Fist their hands, music comes up.
22834	星期五是乔迁派对!	Friday is the housewarming party!
22853	雨是自云落下的水。	Rain is falling from the cloud water.
22872	他的计划被驳回了。	His plan was rejected.
22887	她在她花园里种西红柿。	She planted tomatoes in her garden.
22919	饥饿的猪梦到橡树子。	Hungry Pig dream of acorns.
22926	有些人负债累累。	Some people heavily in debt.
22958	猫弓起背，伸了个懒腰。	Cat arched back, stretched.
22967	别对我放肆，小姑娘!	Do not give me presumptuous, little girl!
22979	现在握个手和解吧。	Now shake hands reconciliation it.
23014	情况正在改善，所以振作起来！	The situation is improving, so cheer up!
23017	我们取笑了他这一点。	We make fun of him this.
23072	让我们来打棒球吧！	Let's play baseball now!
23103	我真的很倒霉！	I was really unlucky!
23151	贞子对着他们微笑。	Sadako smiled at them.
23213	罢工影响了国家经济。	Strike affecting the national economy.
23231	毒品是国际性的问题。	Drugs are an international problem.
23235	众人纷纷结伴跳起了舞来。	People have danced to together.
23244	新疆有许多风景优美的地方。	Xinjiang has many scenic places.
23280	他专注于他的研究。	His research focused on him.
23321	它的滋味真的很好。	It taste really good.
23390	我会研究你的报告。	I will study your report.
23398	南希看起来很疲惫。	Nancy looked tired.
23408	那只鸟叫什么名字？	What's the name of that bird?
23481	最近物价已经下降。	Recent prices have gone down.
23492	他的计划是危险的！	His plan is dangerous!
23508	那些都是我的裤子。	Those are my pants.
23509	每个人都抨击我的意见。	Everyone attacked my opinion.
23515	他看起来很强壮。	He looks very strong.
23517	这个袋子里是什么？	What is this in the bag?
23544	那是一个仿造品。	It was an imitation.
23556	他怠忽职守了。	He was a neglect of duty.
23567	他划了一根火柴。	He struck a match.
23645	这些书是贤治的吗？	These books are Kenji do?
23696	这房子正在燃烧着。	The house is burning.
23716	她始终没致电给我。	She never did give me a call.
23747	优胜者不使用药物。	Winners do not use drugs.
23763	这副眼镜多少钱？	How much is this pair of glasses?
23813	你最好听取他的意见。	You'd better listen to his advice.
23814	你最好马上去睡觉。	You'd better get to bed.
23821	好好睁大眼睛看着!	Good stared!
23835	我为我儿子感到骄傲。	I am proud of my son.
23836	广泛的安全措施实施了。	Extensive security measures implemented.
23847	洗衣机有些不对劲。	Washing machine something was amiss.
23864	海啸的警报解除了。	Tsunami alert lifted.
23871	她既没钱，也不出名。	She neither money nor fame.
23875	他用胶合剂填满了裂缝。	He fills the cracks with an adhesive.
23882	士兵们撤离了他们的阵地。	The soldiers withdrew from their positions.
23990	我迅速地吃了午饭。	I quickly ate lunch.
24006	真是物美价廉。	Really cheap.
24028	我是左撇子。	I'm left-handed.
24077	麻烦再一瓶葡萄酒。	Trouble again a bottle of wine.
24090	他毕业于东京大学。	He graduated from the University of Tokyo.
24097	美丽的夕阳，不是吗？	Beautiful sunset, is not it?
24099	你喜欢黑色的猫吗？	Do you like the black cat?
24104	你有医疗保险吗？	Do you have medical insurance?
24121	你应该更努力学习。	You should study harder.
24127	安网球打得非常好。	Ann plays tennis very well.
24143	他拿出了他的护照。	He took out his passport.
24180	你裁切纸张了吗？	Cut the paper you yet?
24184	你能生吃牡蛎吗？	Can you eat raw oysters do?
24187	邮差已经来过了吗？	Postman has been yet?
24196	他反对我们的计划。	He opposed our plan.
24207	你喜欢莫扎特的音乐吗？	Do you like Mozart's music?
24210	他有资格当选总统。	He is qualified to be elected president.
24224	他在大学读经济学。	He read economics at the university.
24234	请你称一下这个的重量好吗？	Please weigh this weight right?
24244	司机应该系安全带。	Drivers should wear seat belts.
24252	你还在收集邮票吗？	Are you still collect stamps?
24274	他今晚将抵达函馆。	He will arrive in Hakodate tonight.
24292	我不记得他的名字。	I do not remember his name.
24302	别那么猴急，年轻人。	Do not be so hurry, young man.
24331	你相信神话传说吗？	Do you believe in myths and legends it?
24339	你认识布朗先生吗？	You know Mr. Brown?
24351	不要犹豫去问问题。	Do not hesitate to ask questions.
24376	天黑以后不要出门。	Do not go out after dark.
24382	他终于如愿以偿了。	He finally got his wish.
24389	他的衣服总是很臭。	His clothes are always very smelly.
24393	安非常喜欢巧克力。	Ann likes chocolate.
24478	我依稀记得见过他。	I vaguely remember seeing him.
24484	吉儿和杰克订婚了。	Jill and Jack are engaged.
24490	我也喜欢这个颜色。	I also like the color.
24512	珍自己写了这封信。	Jane wrote this letter.
24526	今天很温暖，不是吗？	Very warm today, is not it?
24574	我的祖父非常健康。	My grandfather is very healthy.
24575	我父亲喜欢浓咖啡。	My father likes strong coffee.
24578	让我们开车到湖边。	Let's drive to the lake.
24591	我会给你这个坠饰。	I will give you this pendant.
24674	梅格同意肯的计划。	Meg agreed to Ken's plan.
24703	我的公寓在这附近。	My apartment in this neighborhood.
24710	已经很长一段时间了。	It has been a long time.
24742	我还没做完练习。	I have not finished the exercises.
24767	吉隆坡值得一游。	Kuala Lumpur is worth a visit.
24769	我羡慕他的新房子。	I envy his new house.
24808	我想给她一个惊喜。	I want to give her a surprise.
24810	我喜欢在夜晚走路。	I like to walk at night.
24818	我付了两百元含税。	I paid two hundred yuan tax.
24829	麻烦我要一张收据。	Trouble I have a receipt.
24852	铃声在八点钟响起。	The bell rang at eight o'clock.
24890	哪一位法官审理此案？	Which one of the judges hearing the case?
24923	他没有遵循我们的忠告。	He did not follow our advice.
24951	那个牧场有十英亩大。	That ten-acre ranch.
24957	你可以载我回家吗?	You can take me home?
24998	你很勇敢，不是吗？	You are very brave, are not you?
25090	多做多得。少做多失。	Do little more. Less do more to lose.
25119	得理要饶人，理直要气和。	Tegretol to forgive, and air to straighten.
25131	人事的艰难与琢磨，就是一种考验。	Personnel difficult to digest, is a test.
25136	是非当教育，赞美作警惕。	When the non-education, praise for vigilance.
25141	发脾气是短暂的发疯。	Anger is temporary insanity.
25214	把你的外套挂在钩子上。	Put your coat hanging on a hook.
25222	那是我妹妹的照片。	It is a picture of my sister.
25224	最近的电话亭在哪里？	Where is the nearest telephone booth?
25225	你要再来颗苹果吗？	You have to come back teeth apples?
25230	你有任何淡啤酒吗？	Do you have any light beer?
25243	你在正确的轨道上。	You are on the right track.
25258	日本大使馆在哪里？	Where is the Japanese Embassy?
25261	他今天从雪梨回来。	He came back from Sydney today.
25270	几乎没有任何书籍。	Hardly any books.
25281	你应该小心不要着凉。	You should be careful not to catch a cold.
25305	试衣室正在占用着。	Fitting room is occupied with.
25341	你姑姑是做什么的？	Your aunt is doing what?
25350	请给我们更多讯息。	Please give us more information.
25356	警察逮捕了窃贼。	The police arrested the thief.
25390	这本书非常厚。	This book is very thick.
25393	他们正在挖一个洞。	They're digging a hole.
25397	这台自动贩卖机故障了。	This vending machine has broken down.
25407	你星期六要上学吗？	Saturday you want to go to school?
25425	他故意打破了窗户。	He deliberately broke the window.
25447	他们已经宣布订婚了。	They have announced the engagement.
25453	价格一直在稳定地攀升。	Prices have been rising steadily.
25454	她大约跟我同年纪。	She told me about the same age.
25456	她对孩子很有一套。	She has a child.
25486	山不一定是绿色的。	Mountains are not necessarily green.
25491	他很快地气喘吁吁了。	He quickly out of breath.
25492	昨天我买了两个馒头。	Yesterday I bought two buns.
25514	他责备了我的疏忽。	He blamed the oversight on my part.
25520	他虚岁三十七岁。	He nominal age thirty-seven.
25561	这真的是个好天气。	It really is a good weather.
25577	水对人是很重要的。	Water is very important for people.
25582	苏是一个美国学生。	Sue is a American students.
25606	他们用枪武装自己。	They arm themselves with guns.
25632	大家都说我是错的。	Everyone says I'm wrong.
25659	清理镜子上的灰尘。	Clean the dust on the mirror.
25662	你应该参观京都的。	You should visit Kyoto.
25668	红绿灯变成绿色了。	A traffic light turns green.
25671	你不能打一点折吗？	You can not discount it a little?
25674	我和他竞争冠军。	I compete with him champion.
25679	会议厅座无虚席。	Conference hall packed.
25691	他们要发送木材给我们。	They timber to be sent to us.
25692	她去了邮局寄包裹。	She went to the post office parcel.
25698	他让我把盐递给他。	He asked me to pass the salt to him.
25710	我们没有收到电报。	We did not receive telegrams.
25715	要买些水果和蔬菜。	To buy some fruit and vegetables.
25736	他早上总是有点脾气暴躁。	He was always a bit grumpy in the morning.
25761	你应该支持解除武装。	You should support disarmament.
25765	废水经常污染海洋。	Marine Pollution by waste water often.
25771	他母乳喝得不够。	He does not drink enough breast milk.
25774	孩子们在海滩边用沙子堆砌城堡。	The kids piled in the beach sand castles.
25780	秘书冷漠地回答了我。	Secretary coldly answered me.
25795	不要踩在碎玻璃上。	Do not step on broken glass.
25801	谢谢您今晚的光临。	Thank you for coming tonight.
25840	你有比较大的尺寸吗？	Do you have a relatively large size it?
25849	许多花在三月份绽放。	Many spent March bloom.
25897	到利物浦的票价多少钱？	How much is the fare to Liverpool?
25924	这是你唯一的机会。	This is your only chance.
26001	医生检查了病人。	The doctor examined the patient.
26003	你有止咳药吗？	You have a cough medicine?
26097	弘美正穿着一件新衣服。	Hiromi is wearing a new dress.
26107	他把钱投资于股票。	He put the money to invest in stocks.
26138	他把门漆成了白色。	He painted the door of the white.
26141	他五点左右会回来。	He'll be back around five o'clock.
26166	他敲了敲紧闭的门。	He knocked on the closed door.
26184	他因酒后驾驶而被捕。	He was arrested for drunken driving.
26228	我打了他的肚子。	I hit him in the stomach.
26230	他往他自己身上泼了一盆冷水。	He came to his own body poured cold water.
26289	我非常爱我的祖母。	I love my grandmother.
26347	他的村屋在海岸上。	His village house on the coast.
26350	山坡上有一个茅屋。	There is a hut on the hillside.
26356	桥对面有一间小屋。	Across the bridge there is a hut.
26360	他们住一个大居室。	They live in a large room.
26364	他们布置了一个暖房。	They arranged a greenhouse.
26373	他不会违背他的原则。	He would not go against his principles.
26455	我昨天非常想念你。	I miss you very much yesterday.
26478	他坐在溪流旁边。	He sat next to streams.
26503	他是个很体贴的人。	He is a very thoughtful person.
26504	他的房子在街对面。	His house across the street.
26520	他为一家广告公司工作。	He works for an advertising company.
26523	我在东京站换火车。	I changed trains at Tokyo Station.
26547	他的房子遭到雷击。	His house was struck by lightning.
26555	他就住在马路对面。	He lives across the street.
26559	他坐汽车到波士顿。	He took the car to Boston.
26560	他受到学生的欢迎。	He was welcomed by students.
26565	他跑得跟你一样快。	He runs as fast as you.
26573	他居住在国外多年。	He lived abroad for many years.
26575	我对你毫无隐瞒。	I have nothing to hide you.
26587	我为她作钢琴伴奏。	I was on the piano for her.
26591	我每隔一天去购物。	I go shopping every other day.
26604	他在大学主修戏剧。	He majored in drama at the University.
26609	他对我的提议不屑一顾。	He dismissed my proposal.
26635	我从广播中听到它。	I heard it on the radio.
26641	他很年轻就开始秃头了。	He started very young bald.
26691	我匆忙地吃了午饭。	I hurried to eat lunch.
26695	一双红筷子破断了。	Breaking a pair of red chopsticks.
26733	我弹钢琴为她伴奏。	I played the piano for her accompaniment.
26749	但愿我可以帮助你。	I wish I could help you.
26797	请给我一卷彩色胶片。	Please give me a roll of color film.
26807	她在他耳边低声说话。	She whispered in his ear.
26814	请向服务台询问。	Ask your desk.
26831	不要在课室里奔跑。	Do not run in the classroom.
26837	今天下午非常炎热。	Very hot afternoon.
26853	我看见她进了房间。	I saw her enter the room.
26864	让我们明年再相聚。	Let's get together again next year.
26875	许多人在排队等候。	Many people waiting in line.
26906	打开你的书到第九页。	Open your book to page nine.
26913	她去了高须诊所。	She went to the Takasu clinic.
26939	我的手和脚都肿了。	My hands and feet are swollen.
26945	深吸一口气然后屏住气。	Take a deep breath and hold it.
26948	今天上午很凉爽，不是吗？	This morning is cool, is not it?
26986	我妹妹比你矮。	My sister is shorter than you.
26995	他的继母很凶恶。	His stepmother was evil.
27003	她对古董很感兴趣。	She is very interested in antiques.
27010	我明年想学普通话。	Next year I want to learn Mandarin.
27028	我想喝点热的饮料。	I want to drink hot beverages.
27031	她的英文成绩很好。	She did very well in English.
27081	这辆车陷在泥里了。	This car stuck in the mud.
27082	让我量量你的血压。	Let me take your blood pressure.
27085	凶手承认了自己的犯罪。	Killer admitted his crime.
27093	我要去换我的衬衫。	I'm going to change my shirt.
27147	我是在北京学的中文。	I was in Beijing to learn Chinese.
27165	她上楼到她的卧室。	She went upstairs to her bedroom.
27173	她每两天探访我们。	She visits us every other day.
27177	她聘请他作程式设计师。	She hired him as a programmer.
27186	梅格连看都不看我。	Meg did not even look for me.
27206	请原谅我的鲁莽。	Please forgive my rudeness.
27232	我哥哥是一名教师。	My brother is a teacher.
27240	她最近增加了体重。	She recently gained weight.
27257	请先填写这张表格。	Please fill out this form.
27320	我刚刚抵达了机场。	I had just arrived at the airport.
27331	今天是你的生日，不是吗，尤里？	Today is your birthday, is not it, Yuri?
27343	狗子还有佛性也无？	There are no Gouzi Buddha nature?
27378	你将要把我逼疯了！	You will make me crazy!
27392	他受到严重的虐待。	He was severely abused.
27413	凤凰城是亚利桑那州的首府。	Phoenix is ​​the capital of Arizona.
27442	我十年前参观了福冈。	Ten years ago I visited Fukuoka.
27453	咱们走吧，他对我说。	Let's go, he said to me.
27492	她清晨离开了。	She left early in the morning.
27507	我要一夸脱的牛奶。	I want a quart of milk.
27562	纽约充满着高楼大厦。	New York is full of high-rise buildings.
27565	她不想涉入其中。	She did not want involved in it.
27594	你看起来健康如昔。	You look healthy as ever.
27595	她买的东西很昂贵。	She bought something very expensive.
27617	茶太浓了，加点水吧。	The tea is too strong, add some water.
27690	这架飞机安全着陆了。	The plane landed safely.
27695	你在这里逗留多久?	How long will you stay here?
27707	印度的人口有多少？	What is the population of India?
27716	这个手提箱是谁的?	Who's this suitcase?
27752	她有一颗纯洁的心。	She has a pure heart.
27762	流水不腐，户枢不蠹。	Sweep your own door.
27778	她的眼神里充满了悲哀。	Her eyes filled with sorrow.
27815	游泳选手们冻僵了。	Swimmers are frozen.
27829	这个城市毁于火灾。	The city was destroyed by fire.
27832	这堵墙长三十码。	The wall thirty yards long.
27834	太阳升出了地平线。	The sun rose over the horizon.
27836	这本书充满了错误。	This book is full of errors.
27846	请您再说一遍好吗？	Please say that again, please?
27860	这个男孩喜欢绘画。	The boy likes to paint.
27861	这班飞机准时起飞。	This flight took off on time.
27868	他们不怕艰苦的工作。	They are not afraid of hard work.
27872	她跟你说了什么悄悄话？	What did she say to you whisper?
27881	马克有我的书。	Mark has my book.
27896	庄的派对像是个追悼会。	Zhuang party like a memorial service.
27936	昨天东京是阴天吗?	Tokyo yesterday it is cloudy?
27957	这个计划彻底的失败了。	This plan completely failed.
27961	他们决定建一座桥。	They decided to build a bridge.
27984	你的建议有点极端。	Your suggestion bit extreme.
27999	我们爬到了半山腰。	We climbed halfway up the mountain.
28004	今天的汇率是多少？	What is the exchange rate today?
28006	选你最喜欢的颜色。	Choose your favorite color.
28011	你对批评太敏感了。	You are too sensitive to criticism.
28034	时钟在壁炉的上方。	Clock above the fireplace.
28064	你想再来些牛肉吗？	You want to come back some beef it?
28104	这条街铺上了柏油。	This street paved with asphalt.
28129	火箭发射进入太空。	Rocket launch into space.
28130	安没有朋友陪她玩。	Ann has no friends to play with her.
28184	他们选出了新政府。	They elected a new government.
28187	你想再来些酱汁吗？	You want to come back some sauce it?
28207	这本书是图书馆的。	This book is the library.
28208	每条规则都有例外。	Each rule has an exception.
28243	你打算在哪里留宿？	Where are you going to stay?
28260	这条绳子能撑多久?	This rope can sustain long?
28302	这个花叫什么名字？	What is the name of this flower?
28334	我们在花园里摘花。	We pick flowers in the garden.
28342	日本的人口是多少？	The population of Japan is how much?
28348	你院子里有桌子吗?	You yard table?
28371	请您稍后再来好吗？	Please come back later, okay?
28379	他们闯进了珠宝店。	They broke into the jewelry store.
28392	我们必须拔除杂草。	We must remove weeds.
28424	你很适合这份工作。	You are very suitable for the job.
28428	他们正在拆这面墙。	They are taking down this wall.
28429	访客坐在我的对面。	Visitors sitting across from me.
28473	我想跟你叔叔谈谈。	I want to talk to your uncle.
28489	他现在在伦敦洽公。	He is now business trip in London.
28499	他故意踩我的脚。	He deliberately stepped on my foot.
28500	你们两个无聊胚子！	You two bored Cotyledons!
28590	一日不见如隔三秋。	One day not seeing as every Sanqiu.
28625	他住在松江七年了。	He lived in Matsue for seven years.
28649	我喜欢在乡间散步。	I like country walks.
28650	我听说南西很漂亮。	I heard that Nancy is very beautiful.
28654	他住在我们街对面。	He lives across from our street.
28688	他带她出去兜风了。	He took her out for a drive.
28707	她们买了一盒饼干。	They bought a box of cookies.
28708	他们是基督教徒。	They are Christians.
28754	我花了五元买这本书。	I spent five yuan to buy the book.
28755	他有丰富的经验。	He has a wealth of experience.
28760	每年滨松有风筝节。	Hamamatsu kite festival.
28779	他从不在深夜出门。	He never went out at night.
28829	他放火烧了校舍。	He set fire to a school building.
28871	我一点也不要香蕉。	I do not have bananas.
28878	他住在东京郊区。	He lives in the suburbs of Tokyo.
28880	他翘着二郎腿坐在那里。	He tilted his legs sitting there.
28926	他告诉我要说慢一点。	He told me to say a little slower.
28936	它看起来像一只鸭子。	It looks like a duck.
28977	给我一些纸来写字。	Give me some paper to write.
28997	瞅个空她又来到了钱小红家。	Look empty she went to Qian Xiaohong home.
29000	阿尔卑斯山地跨欧洲八国。	Alpine Mountain across eight European countries.
29006	您要什么样的蛋？	What kind of eggs you want?
29016	我看见他游过了河。	I saw him swim across the river.
29026	你今晚想吃寿司吗？	You want to eat sushi tonight?
29051	这个小孩不知好歹。	The ungrateful child.
29054	他愿意为别人工作。	He is willing to work for someone else.
29067	我明年要去夏威夷。	I'm going to Hawaii next year.
29092	到火车站有多远？	How far is the train station?
29099	他有很好的幽默感。	He has a good sense of humor.
29111	他有强烈的责任感。	He has a strong sense of responsibility.
29124	他至少有一千本书。	He has at least a thousand books.
29166	我不时地觉得难过。	I feel sad from time to time.
29188	满天星斗尽收眼底。	Starry panoramic view.
29189	他平日都很早回家。	He usually are home early.
29195	拉巴河水又再度泛起了白浪。	Raba river again thrown up whitecaps.
29238	暂时收手不代表忘记。	Temporarily close hand does not mean to forget.
29251	落井下石乃人之天性。	Adding insult to injury is human nature.
29253	我们不是她的亲戚。	We are not her relatives.
29268	我得承认你是对的。	I have to admit that you are right.
29281	我们身处核能时代。	We live in the era of nuclear energy.
29283	没人管束或开导他。	Nobody beam or enlighten him.
29289	他在战争中牺牲了。	He was killed in the war.
29327	通过实验来证明它。	By experiments to prove it.
29328	他伸长了他的右手。	He stretch his right hand.
29329	这是三十年代以来最干旱的六月。	This is the driest June since the thirties.
29337	他面临着许多困难。	He faces many difficulties.
29355	我几乎被车撞到了。	I was almost hit by a car.
29369	他摔断了椅子当柴火。	He broke his chair as firewood.
29373	你会说克林贡语吗？	Do you speak Klingon it?
29377	你好，你是小川先生吗？	Hello, are you Mr. Ogawa it?
29398	那是无稽之谈。只有傻瓜才会相信。	That is nonsense. Only a fool would believe it.
29404	那些图画是他画的。	Those pictures he painted.
29440	他要抚养一大家人。	He wants to raise a large family.
29471	他不肯听我的劝告。	He would not listen to my advice.
29478	他经常在晚上熬夜。	He often stays up late at night.
29544	他挟着一个包裹。	He buttressed by a parcel.
29580	我住在东京郊区。	I live in the suburbs of Tokyo.
29581	他的头撞到了一根柱子。	His head hit a post.
29643	他保守着这个秘密。	He kept it secret.
29647	她总是化了妆。	She always dressed up.
29701	他挑肥拣瘦。	He choosers.
29750	惠子，你有奶油吐司吗？	Keiko, you have butter toast it?
29761	我怕她可能得了腮腺炎。	I was afraid she might got the mumps.
29770	我晚上十点钟就寝。	I go to bed at ten o'clock.
29814	江山易改，本性难移。	Leopard can not change its spots.
29818	这棵大树遭到雷击。	This tree was struck by lightning.
29820	我不喜欢让事情悬而未决。	I do not like to keep things pending.
29842	再往火里添些木柴。	Beyond some wood in the fire.
29854	她要求我们别吵她。	She asked us to hush her.
29912	这些巴士都不去新宿。	These buses do not go to Shinjuku.
29929	我遇见谁都无所谓。	I met no one indifferent.
29954	我想打个国际电话。	I want to make international calls.
29958	我是游泳社的成员。	I am a member of the swimming club.
29980	她帮我清除积雪。	She helped me to clear snow.
30037	我想要一楼的座位。	I want to first floor seats.
30051	她榨了许多柳橙汁。	She squeezed a lot of orange juice.
30082	我的车子很耗油。	My car is very fuel.
30083	我的房子靠近公园。	My house is close to the park.
30185	我妈妈现在在医院。	My mother's in the hospital.
30278	谢谢你来跟我见面。	Thank you for coming to meet with me.
30286	这对夫妻手牵手走路。	This couple hand in hand walking.
30287	您吃了什么样的膳食？	You eat what diet?
30325	告诉他别多管闲事。	Tell him not nosy.
30354	我们很节省地旅行。	We are saving to travel.
30402	小男孩跑进了房间。	The little boy ran into the room.
30424	你不能在沼泽地上建造建筑物。	You can not build a building in the swamp.
30478	你会参加这个仪式吗?	You will participate in the ceremony it?
30487	摇篮里学的带到坟墓。	The cradle to the grave of the school.
30497	在伤口上洒盐。	Sprinkle salt on the wound.
30500	小心。路上有一个洞。	Be careful. There is a hole in the road.
30505	所有的牛奶都溢出去了。	All the milk overflow to go.
30506	所有的牛奶都洒出去了。	All the milk spilled out.
30573	她们享有崇高的威望。	They enjoy high prestige.
30609	唵嘛呢叭咪吽	Om Mani Padme Hum
30618	水在摄氏零度时结冰。	Water freezes at zero degrees Celsius.
30655	树下有一些男孩。	There are some boys under the tree.
30685	路边装了许多雷达。	The street has a lot to radar.
30690	这口井里的水很少。	This well is very little water.
30705	我们期望今年丰收。	We expect a good harvest this year.
30727	你想加入哪一组？	Which group you want to join?
30747	他嘴里一口方言。	His mouth speaks a dialect.
30777	乌克兰的首都是基辅。	The capital of Ukraine is Kiev.
30793	她的宠物是什么？	What her pet?
30812	这是日本最高的塔。	This is Japan's tallest tower.
30908	蛋的价格正在上涨。	Egg prices are rising.
30929	好好想想，开动脑筋。	Think about it, their brains.
30933	别多罗嗦。	Do more wordy.
30934	他从热那亚来。	He came from Genoa.
30937	哼我送给你，乞丐。	Well I gave you, beggar.
31096	洪水造成了很大的损害。	Flood caused a lot of damage.
31104	这个湖里有很多鱼。	There are a lot of fish in this lake.
31130	这本书的作者是谁?	Who is the author of this book?
31138	你要我解释一下吗？	You want me to explain?
31140	你最喜欢什么科目?	What subjects do you like most?
31149	她有时变得心情抑郁。	She sometimes becomes depression.
31180	他剃了八字胡。	He shaved his mustache.
31205	我欣赏你的无知。	I appreciate your ignorance.
31304	我没做不寻常的事。	I did not do something unusual.
31313	你爷爷住在哪里？	Your grandfather live?
31317	老师说地球是圆的。	The teacher said that the earth is round.
31348	他打牌很容易被骗。	He play cards very easily deceived.
31351	我会弹萧邦。	I can play Chopin.
31368	请开车开慢一点。	Please drove slowly.
31369	我现在要去这家商店。	I'm going to the store.
31374	格雷厄姆格林是我最喜欢的作家。	Graham Greene is my favorite writer.
31394	但它闻起来很奇怪。	But it smells very strange.
31409	今天早上我看到了利兹。	This morning I saw Leeds.
31410	这个月有很多工资。	This month there are a lot of wages.
31411	这个月的薪水很多。	This month a lot of salary.
31436	这完全是浪费时间。	This is a complete waste of time.
31447	在山巅上有一个村庄。	There is a village in the mountains.
31532	打开你的心胸。	Open your mind.
31544	贺都非常喜欢运动。	It is very fond of sports.
31583	上帝赐予我健康的身体。	God gave me a healthy body.
31590	警察会把你关在牢里。	The police will get you in jail.
31591	我昨天去看了电影。	I went to the movies yesterday.
31601	这个角度会过于狭窄。	This angle would be too narrow.
31675	我可以打开这扇窗。	I can open this window.
31720	宇宙浩瀚无边。	Limitless universe.
31723	你从桌下爬出来吧！	Come on you climbed out from under the table!
31733	那个包包看起来好贵	That looks good in your bag
31745	我欠你一千美元。	I owe you a thousand dollars.
31746	好像我快要昏倒了。	As if I was going to faint.
31816	队员称他为刀把脸。	Players call him the knife face.
31824	我加上一些最后的润饰。	I add some finishing touches.
31855	马、狮、犬、羊：这些是动物。	Horses, lions, dogs, sheep: These are animals.
31875	你用哪一个浏览器？	Which browser you use?
31879	效果让我爸爸满意。	Effects let my father satisfied.
31881	早上七点我去上课。	Seven in the morning I go to class.
31886	阴茎进入了阴道。	The penis into the vagina.
31898	他拼了命的要靠岸。	His mad to shore.
31908	我们到了春分去。	We go to the spring equinox.
31915	他们正在焚书。	They're burning of the books.
31930	这套书共四十八册。	The books were forty-eight.
31948	无事掘小，小事掘大。	No matter dig small, little things big dig.
31953	她省钱为了去国外。	She went abroad to save money.
31960	请读第四十九页。	Please read page forty-ninth.
32007	他兴奋得颤抖了起来。	He was too excited to shaking up.
32014	在哪能买到入场券？	Where can I buy tickets?
32017	衣食住是生存的基础。	Food and clothing are the basis for survival.
32079	父亲和儿子在一起，真温馨啊。	Father and son together, really warm ah.
32082	去得早不如去得巧。	Go early is better to get clever.
32088	我点了青蛙加面条。	I ordered frog plus noodles.
32091	羊群在草地上吃着草。	The sheep grazing on the grass.
32109	这个小孩身体很烫。	The child body is very hot.
32116	那顿饭简直好极了。	The meal is simply great.
32119	这对我没什么差别。	It makes no difference to me.
32126	她把头发拍整齐了。	She took her hair neat.
32135	你可以和我一起练习日语吗？	You can practice with me Japanese?
32232	他拄着手杖。	He walks with a cane.
32294	遣词造句都很贴切。	Words and sentences are appropriate.
32317	你还挺了解他的嘛？	Well you kinda know him?
32333	她喜欢吃杨梅。	She likes to eat bayberry.
32351	飞机在云上飞翔。	Aircraft flying in the clouds.
32354	我屏气观看眼前光景。	Watch the scene in front of my breath.
32359	我对他的行径难以忍耐。	I can not bear for his acts.
32360	今年中秋节是星期一吗？	Mid-Autumn Festival is Monday, right?
32366	今夜，星光燃亮天际。	Tonight, the stars light up the sky.
32369	他已形同行尸走肉。	He was just like a zombie.
32399	我把这包饼吃完了。	I put the bag cake finished.
32405	她跟你说着顽儿的。	She spoke stubborn child with you.
32476	教授他教英语会话。	Professor He taught English conversation.
32496	这个世界是灿烂的吗？	The world is brilliant it?
32502	我今天鼻子流血了 。	I bloody nose today.
32521	要就要，不要就拉倒。	Take it or leave it.
32562	我刚看到一颗流星。	I just saw a shooting star.
32563	不要同时爱两个人。	Do not love two people at the same time.
32607	我们今天放假一天。	We have a day off today.
32618	脏手不要碰我的书。	Dirty hands do not touch my book.
32634	我有一副太阳眼镜。	I have a pair of sunglasses.
32661	他想找一位金发碧眼的欧洲女人。	He wanted a blond European woman.
32666	我去你那蹭饭吃。	I went Cengfan that you eat.
32696	我很想吃饺子。	I want to eat dumplings.
32735	她英语说得挺不错。	She speaks English quite well.
32748	汤姆不会吹短笛。	Tom does not blow piccolo.
32763	我劝你告诉他实话。	I advise you to tell him the truth.
32767	你有出国过吗？譬如说，美国？	You have to go abroad before? Instance, the United States?
32787	头脑的结构很复杂。	The structure of the mind is very complex.
32792	大家都是企业家。	We are all entrepreneurs.
32819	事故没减少而增加。	No accidents decreases.
32889	这个成语用得真恰当。	This idiom was really appropriate.
32907	你是怎么知道绅士	How do you know a gentleman
32915	我们看着夕阳西下。	We watched the sunset.
32952	谋事在人，成事在天。	Man proposes, God disposes.
32956	你信仰上帝么？	What you believe in God?
32975	友谊与快乐不可分。	Friendship and happiness can not be separated.
32989	他的眼里流出了泪水。	His eyes shed tears.
32997	把烧水壶立起来。	The kettle stand up.
33006	我无法判断距离。	I can not judge distance.
33027	我可不想卷入这场纷争中去。	I do not want involved in the dispute to go.
33052	图像在镜片中呈反向。	The image is reverse in the lens.
33086	大象是巨大的动物。	The elephant is a huge animal.
33093	主人死后车子归谁呢？	After the death of the owner of the car who owns it?
33166	他们队又输了。	Their team has lost.
33167	我姥姥只喝了点儿汤。	My grandmother only had a little soup.
33178	吴大夫的孙女刚会走路。	Dr. Wu's granddaughter toddler.
33184	小刘买了一枝钢笔。	Liu bought a pen.
33187	陈同学去邮局寄封信。	Mr Chan to the post office to send the letter.
33198	一共有十多个学生。	There are more than a dozen students.
33226	罐头里没有砂糖了。	There is no sugar Canned up.
33286	我虽然嘴巴贱，但心地不坏。	While my mouth cheap, but not bad heart.
33287	俏妞的死亡计程车是个不错的团。	Death Cab babes are a good group.
33296	贝诗不过是个孩子。	Tony poetry but a boy.
33309	我在补习班工作。	I work in cram school.
33317	你会待在牛津多久？	How long will you stay in Oxford?
33325	这房间有两个衣橱。	The room has two closets.
33331	继母对仙杜瑞拉冷冷一笑。	Stepmother Xianduruila cold smile.
33403	他们常在这儿打羽毛球。	They often play badminton here.
33433	船现在在港口这边。	Now the ship in the port side.
33439	我对这个单词不熟。	I'm not familiar with this word.
33484	我朋友邀我共赴晚餐。	My friend invited me to ride dinner.
33512	不要触碰这些货物。	Do not touch these goods.
33525	我想结束这场争执。	I would like to end this dispute.
33530	我见过狗游泳渡河。	I've seen a dog to swim across the river.
33626	火山灰阻碍航运。	Ash hinder shipping.
33650	坚持不懈地努力!	Unremitting efforts!
33667	洗甲水的味道很难闻。	A wash water smells awful.
33674	图书馆里有很多书。	The library has many books.
33675	她才是真正的巫婆！	She is the real witch!
33745	细节成就伟大的想法。	Details the achievements of great ideas.
33752	他曾处在死亡的边缘。	He was on the verge of death.
33784	我们能看见远去的军舰。	We can see the ship away.
33785	爸爸使我重拾自我	Dad made me regain self
33789	而我此时在利沃夫！	And I now in Lviv!
33811	说得愈多，做得愈少。	Say more, do more and less.
33839	你看我是不是很酷？	You see I'm not that cool?
33908	他适应了新的生活。	He adapted to the new life.
33966	土壤被雨水冲走了。	The soil is washed away by rain.
33982	他邀请我去一个宴会。	He invited me to a party.
33984	我的打字机故障了。	My typewriter broke down.
33994	他向穷人们伸出了援手。	He lent a helping hand to the poor.
34023	我们应该把垃圾放哪？	We should refuse to put what?
34055	你不必要呆在医院。	You do not stay in the hospital.
34132	现在圣诞节多么近。	What is now nearly Christmas.
34159	他把那视作了委婉的批评。	He was regarded as a tactful criticism.
34167	她没有一点礼仪。	She did a little ritual.
34188	爱民主就是爱平等。	Love of democracy is equality.
34200	他不肯给我涨工资。	He refused to give me a raise.
34209	她建议他每天锻炼。	She advised him to exercise every day.
34237	他每个月挣多少？	How much he earns each month?
34241	五千元是一大笔钱。	Five thousand yuan is a lot of money.
34268	货车的载货量超过了三吨。	The amount of cargo trucks over three tons.
34272	我懂得的都已经倾囊相授了。	I know of have a purse.
34285	男孩赤裸着上身。	The boy naked to the waist.
34288	今年的时尚潮流完全不同于去年。	This year's fashion trend is completely different from last year.
34294	细菌微小到无法用肉眼看到。	To tiny bacteria can not be seen with the naked eye.
34316	我想要一把螺丝刀。	I want a screwdriver.
34362	车缓缓地停下了。	Car slowly stopped.
34408	她很好地演绎了这首情歌。	Her good interpretation of the love song.
34451	他把奖杯高高举起。	He put the trophy aloft.
34459	对于他的死，我有嫌疑。	For his death, I suspect.
34486	埃菲尔铁塔镶嵌在巴黎的中心。	Eiffel Tower embedded in the center of Paris.
34491	一只老虎在附近出没。	A tiger spotted in the vicinity.
34506	你给我推荐几个吧。	I recommend you give it a few.
34556	我忽然停下了脚步。	I suddenly stopped.
34562	他抓住了孩子的手。	He grabbed the child's hand.
34568	我女儿喜欢吃蛋黄。	My daughter likes to eat the yolk.
34571	我们要在海边烤肉。	We want to barbecue at the beach.
34572	你会当我女婿。	When my son you will.
34576	你们他妈的下地狱!	Fuck you to hell!
34579	她的皮肤白得像雪。	Her skin is as white as snow.
34581	德语是综合语。	German is a synthetic language.
34600	我被这情景吓到了。	This scene I was scared.
34606	这个男孩很有前途。	The boy promising.
34617	他拔起杂草就扔掉。	He pulled up weeds thrown away.
34666	上床睡觉前要刷牙。	Brush your teeth before going to bed.
34669	展览现在已经开放。	Exhibition is now open.
34700	我的寂寞是一条蛇。	My loneliness is a snake.
34713	她是个二年级学生。	She is a sophomore.
34741	我父亲经营外贸多年。	My father engaged in foreign trade for many years.
34747	他将协助这个计划。	He will assist in this program.
34753	他沉醉于喜悦之中。	He drunk with joy.
34754	这个艺术家画国画。	The artists painted traditional Chinese painting.
34764	孙女和她爷爷一起阅读。	Her grandfather and granddaughter reading together.
34780	人们怀疑他是间谍。	It is suspected that he was a spy.
34841	我不想弄脏我的手。	I do not want to dirty my hands.
34850	我宁愿吃药，也不打针。	I would rather take medicine, no injections.
34871	会议将在下周日召开。	Meeting will be held next Sunday.
34890	蜜蜂在花丛中飞行。	Bees fly from flower to flower.
34908	她虚弱的样子让我捏了一把汗。	She let me look weak to sweat.
34925	她过着富足的日子。	She lived a rich life.
34934	他以君子之道生活。	He lived with the gentleman.
34935	没有其他人伸出援手。	No one else to help.
34941	他后来写信给总统。	He later wrote to the president.
34949	但是农夫对他笑了。	But the farmer smiled at him.
34973	他完全丧失了责任心。	He completely lost the sense of responsibility.
34974	这条路是去机场的。	This road is to the airport.
34982	她小心翼翼地走。	Carefully, she walked.
34983	司机笑的笑，喊的喊。	The driver laugh laugh, shout shout.
34989	每个人都感到悲观。	Everyone is pessimistic.
34996	女孩与我擦肩而过。	Girl pass me.
34997	这件衬衫卖十二英镑。	This shirt is selling sterling XII.
35010	珊瑚礁是这个地区的主要景点。	Coral reefs are the area's main attractions.
35039	我关机前忘了存盘。	I forgot to save before shutdown.
35072	她不靠谱因为她经常说谎。	She did not fly because she often lie.
35092	他的朋友都尊敬他。	His friends respected him.
35097	你觉得我在干吗呢？	Do you think I'm doing?
35145	他们想参加奥运会。	They want to participate in the Olympics.
35204	我买不起这么贵的轿车。	I can not afford an expensive car.
35233	我窘得想找个洞钻进去。	I was too embarrassed looking for a hole to dig into.
35255	我们之间有个叛徒。	There is a traitor among us.
35265	我母亲很活跃.	My mother is very active.
35298	随着通货膨胀的发展美元贬值了。	With the development of inflation depreciation of the dollar.
35335	我不会再违法了。	I will not be violated.
35343	考试前夕，他特别焦虑。	On the eve of the exam, he was particularly anxious.
35344	那国家的气候很严峻。	That climate of the country is very serious.
35348	我住在兵库县。	I live in Hyogo Prefecture.
35349	我会向朱迪写封信。	I will write a letter to Judy.
35415	她给了他一个耳光。	She gave him a slap in the face.
35450	靠右侧通行。	On the right of passage.
35458	吃着碗里，看着锅里。	Eating a bowl, watching the pot.
35531	女孩凝视着洋娃娃。	Girl stared doll.
35570	他在火旁烘干他的湿衣服。	He dried his wet clothes by the fire.
35573	我喜欢用开源软件。	I like to use open source software.
35575	这是谁的坟墓？	Whose grave?
35582	所有人都喜欢偷懒。	Everyone likes to be lazy.
35599	她把他从烂泥中拽出来了。	She pulled him from the mud out.
35612	她的皮肤比雪还白。	Her skin was whiter than snow.
35647	出去钓鱼前，他挖出一些虫子当饵。	Before going out fishing, he dug up some of the worms for bait.
35700	英语是沟通的工具。	English is a tool of communication.
35701	他是个顽固的人。	He is a stubborn man.
35729	我能在这里学习吗？	I can learn it here?
35750	你也许会染上疾病。	You may be infected with the disease.
35771	我想要像这样的一把剑！	I want a sword like this!
35797	仔细回答我的问题。	Careful to answer my question.
35816	她亲吻他的脸颊。	She kissed him on the cheek.
35826	细致地选择一本书。	Carefully selected a book.
35844	这个城市人口众多。	Many of the city population.
35865	稍微冷一点没关系。	It does not matter a little bit cold.
35903	这一点我不赞成你。	I agree with you at this point.
35906	他看起来健康强壮。	He looks healthy and strong.
35908	趁汤没凉之前喝下。	Tang did not drink before taking advantage of cool.
35945	十二月有三十一天。	December thirty day.
36021	我仅仅吃了口面包。	I only ate bread mouth.
36025	我悄悄把信给了他。	I slipped the letter to him.
36047	恐怕我现在得走了。	I'm afraid I have to go now.
36057	从这儿看景色很美。	From here, look at the beautiful scenery.
36067	灯笼在树枝上吊着。	Lanterns hanging on a tree branch.
36068	为何大声喧嚷？	Why the hubbub?
36086	你怎样作出的解释？	Explain how you make?
36095	他能为你暗箱操作。	He secret operations for you.
36120	我感到房子在摇动。	I felt the house shake.
36146	语言是人类特有的。	Language is unique to humans.
36161	早睡早起身体好。	Zaoshuizaoqi good health.
36200	母亲给我们沏茶。	Mother gave us tea.
36262	她谎称自己怀孕了。	She pretended to be pregnant.
36270	哲学就是爱智慧。	Philosophy is love of wisdom.
36321	大城市有很多诱惑。	Big cities have many temptations.
36333	你国家的人吃米吗?	Your country people eat rice it?
36334	吃早餐之前先浇花。	First the flowers before eating breakfast.
36379	她恰巧知道他的地址。	She happens to know his address.
36392	“我喜欢旅游。“ ”我也是。“	"I like to travel." "Me, too."
36408	没有谁比你们辛苦。	No one is harder than you.
36446	他的画被悬挂在墙上。	His paintings were hung on the wall.
36478	忍一时,风平浪静. 让一步, 海阔天空.	Forbearance a moment, calm. Give and take, a brighter future.
36484	不思就说等于无的放矢。	I do not think to say equal pointless.
36508	我们午后吃了顿饭。	We had a meal in the afternoon.
36514	图书馆位于市中央。	Library is located in the center of the city.
36546	他是位有名的白案师傅。	He is well-known case of the white master position.
36555	你怎么周六学习呀！	How you learn it on Saturday!
36692	她给他做了个按摩。	She gave him a massage.
36700	他跑着追上他哥哥。	He ran to catch up with his brother.
36712	这条规定不许例外。	This provision allowed exceptions.
36722	晚上避开这个话题。。。	At night to avoid the topic. . .
36757	你什么时候放暑假？	When you put a summer vacation?
36765	正在开花桃树很美。	Peach blossom is beautiful.
36863	她穿的衣服总是很朴素。	She always wears very simple.
36864	她习惯了勤俭的生活	She got used to thrifty life
36887	苹果可以连皮吃。	Apple can eat with skin.
36922	我想不起那首歌的旋律。	I can not remember the melody of that song.
36947	不要岔开我的问题。	I do not diverge problem.
36950	鞋底磨了个窟窿。	Wear a hole in the sole.
36990	他对钱财很贪婪。	He was very greedy for money.
36994	她是幼儿园里的保育员。	She is a kindergarten nurse.
36995	横街的那端有一个幼儿园。	End of the street there is a kindergarten.
37177	他直言不讳	He bluntly
37179	我不太能嚼东西。	I'm not able to chew.
37187	两个棍棒相互摩擦能起火。	Friction between two sticks can create a fire.
37189	严惩棒打、鞭打尤用以惩戒、责打。	Breaking punished, whipped, especially for discipline, spanking.
37191	他们试图用一根铁棒撬开锁。	They tried to pry open the lock with an iron bar.
37212	情侣很舍不得离开.	Couple very reluctant to leave.
37232	他去了名古屋公干。	He went to Nagoya on business.
37234	水果放久了，就会收缩。	Fruits put a long time, it will shrink.
37241	用圆周能不能求得直径？	Can be obtained with a circumference diameter?
37273	大号的还是中号的？	Large or medium size?
37310	我每天早晨吃一碗麦片粥。	I eat a bowl of cereal every morning.
37311	到洗涤槽去帮忙洗碗盘吧！	To the sink to wash the dishes to help it!
37321	导游草拟出了一个坐位表。	Tour guide roughs out a seating plan.
37330	真是精神可嘉！	Really spirit is commendable!
37332	他做的这件事真是精神可嘉！	He did it is really commendable!
37360	东京比北京还热闹。	Tokyo also lively than Beijing.
37368	太阳都要下山了。	The sun should be down the mountain.
37380	我才不会被你们抓到咧！	I would not be caught your blanket!
37381	大熊又跑到哪混了！	I went to Big Bear where mixed up!
37392	真的凑巧，这两样现在还在维修。	Really Coincidentally, these two is still maintenance.
37410	为甚么一直绕远路？	Why has detour?
37414	你又在欺负弱小了！	You're in a bullying!
37444	一定是大雄捡回来吧。	Nobita must retrieve Come on.
37478	晚餐我会准备刺身。	I'll prepare sashimi dinner.
37493	到底躲到哪里去了？	Where in the end I have been hiding?
37508	这样是行不通的啦。	This is not going to work it.
37526	哇、你在干什么啊？	Wow, what are you doing ah?
37571	只有和平能够拯救世界。	Only peace can save the world.
37613	暂时藏在仓库里好了。	Temporarily hidden in the warehouse better.
37666	胖虎喜欢上某个女孩？	Gian love with a girl?
37691	午睡醒来愁未醒。	Wake up unhappy unawakened nap.
37726	成千上万的人死于瘟疫。	Thousands of people died of the plague.
37733	空气被废气污染了。	Exhaust air is polluted.
37795	我要去补习班了。	I'm going to cram up.
37809	中国幅员辽阔,因而茶的品种繁多。	China's vast territory, which tea variety.
37848	人若德行，如水之清。	If a man of virtue, such as water clear.
37855	由于下雨，野餐泡汤了。	Because of rain, the picnic wasted.
37888	可是电视正精彩呢！	But TV is wonderful too!
37934	我想我会一辈子单身。	I think I'll always single.
37955	碰到狠角色了。	Reviving the encounter.
37973	我是喝这个潜入的。	I sneak a drink of this.
37988	她答应了要嫁给他。	She agreed to marry him.
38012	他是个捕鱼好手。	He was fishing players.
38035	我无法遏制住我的怒火。	I can not curb my anger.
38038	铃声将我唤醒。	Ringtone woke me up.
38047	招聘服务员。	Recruiting staff.
38049	墙上沾满了血。	Walls covered with blood.
38095	直角是九十度。	Right angle is ninety degrees.
38138	防止山火，人人有责。	Prevent fires is everyone's responsibility.
38145	我听不懂同学说的粤语。	I do not understand Cantonese students say.
38156	永远不要相信媒体。	Never trust the media.
38158	亚伯拉罕·林肯是名人。	Abraham Lincoln is a celebrity.
38181	我真同情那可怜的狗。	I really sympathize with that poor dog.
38184	迄今，一切妥当。	So far, everything is in order.
38208	多亏了你，我还活着。	Thanks to you, I'm alive.
38214	我不喜欢看穿越剧。	I do not like to see through opera.
38236	他天天在论坛上灌水。	His daily irrigation at the forum.
38241	他是一个衣冠禽兽。	He is a Yiguanqinshou.
38254	我最讨厌背诵课文了。	I hate to recite the text.
38309	你我的问题很相似。	My question is very similar to you.
38349	你煮饭用瓦斯还是电？	You cook with gas or electricity?
38360	这么点苦都吃不起！	Such a point of bitter not afford to eat!
38370	每天都这样岂不是很无聊！	All this not very boring day!
38389	你们也太大胆了吧！	You too bold it!
38403	我感到凄清与孤独。	I feel sorrow and loneliness.
38431	有钱能使鬼推磨。	Money talks.
38432	我想做一个程序员。	I want to be a programmer.
38441	咦，押韵喔！	Hey, rhyme Oh!
38447	你应该向他征求意见。	You should ask him for advice.
38456	我这是在抛砖引玉。	This is my start a discussion.
38473	你需要重新启动电脑。	You need to restart your computer.
38504	这就是国民的劣根性吗？	This is the national evil it?
38506	阳台上坐着一盆花。	A potted plant sitting on the balcony.
38551	不要低估我的力量。	Do not underestimate my power.
38567	他掏出几枚硬币。	He pulled out a few coins.
38570	他爽快地同意了。	He readily agreed.
38589	现在后悔也没用了。	Now regret is useless.
38593	不要侵犯她的隐私。	Do not infringe on her privacy.
38594	他侵犯了她的隐私。	He violated her privacy.
38597	唉呀！我差点忘记了！	Oh! I almost forgot!
38644	她侮辱了他。	She insulted him.
38654	你必须秉公裁决这个案子。	You have to judge the case.
38690	缺少运动有害健康。	Lack of exercise is harmful to health.
38693	我的右眼不太舒服。	My right eye uncomfortable.
38697	不要掉了这个杯子。	Do not out of this cup.
38791	爷爷叼着烟管跟我说话。	Grandfather smoking a pipe and talk to me.
38796	吊带是最安全的。	Sling is the safest.
38797	他用手撑着下巴，听着。	He put his hand propped his chin, listening.
38828	昨天去酒吧有艳遇吗？	Yesterday, go to bars Aventure it?
38860	要善待恨你们的人.	To treat people who hate you.
38877	伍德先生没有儿子。	Mr. Wood had no sons.
38878	坦率地说，他错了。	Frankly, he was wrong.
38904	算盘起源于中国吗？	Abacus originated in China?
38951	他告诉我她生病了。	He told me she was sick.
38980	她生气的背过身去。	Her anger turned backwards.
39003	说得精辟。	Put it brilliantly.
39007	我不喜欢这种糖果。	I do not like candy.
39050	桌子上有一本关于舞蹈的书。	There is a book on dance on the table.
39067	基辅是乌克兰的首都。	Kiev is the capital of Ukraine.
39080	我晚上一般很早睡。	I go to bed early at night very general.
39084	我睡觉很浅，容易醒。	I sleep very shallow, easy to wake up.
39086	这个门会自己上锁。	The door will lock itself.
39119	这首诗是昨晚写的。	This poem was written last night.
39179	确实有网瘾这回事。	Indeed addiction thing.
39184	他被奖励了一块金表。	He was rewarded with a gold watch.
39213	世界语是友谊的语言。	Esperanto is a language of friendship.
39278	那位帅哥是我们的老师。	Handsome young man is our teacher.
39329	你有一个大鼻子。	You have a big nose.
39404	离放暑假还有五天。	From the summer holidays there for five days.
39405	仲有五日就放暑假喇。	Zhongyou five days on summer vacation La.
39419	这是一部五幕歌剧	This is a five-act opera
39430	他们组装飞机。	They assemble the aircraft.
39489	我们正点播报新闻。	We punctuality broadcast news.
39490	麻烦给我点晕机药。	Give me some trouble airsickness pills.
39549	马可后悔做了错事。	Mark regret doing something wrong.
39558	年轻人常穿怪衣服。	Young people often wear strange clothes.
39560	我坚信他会帮我的。	I am sure he will help me.
39572	他的生命受到了威胁。	His life was threatened.
39585	没有人能剥夺你的人权。	No one can take away your rights.
39612	自行车冲向了终点。	Toward the end of the bicycle.
39628	我在读短篇小说	I was reading short stories
39644	我们昨晚吃撑了。	We ate last night stays.
39653	判决对他不利。	Judgment against him.
39664	他很帅，还是运动健将。	He is very handsome, or athletes.
39735	我们得体谅她年轻。	We have to understand her young.
39737	我纯粹只是喜欢交朋友。	I purely like to make friends.
39775	他们总是吵个不停。	They are always fighting.
39800	他的威信日渐衰落。	His prestige was dying.
39801	把你假面具撕下来。	Put your mask torn.
39838	楚虽三户，亡秦必楚。	Although the three Chu, Chu Doomed.
39848	你可以从银行贷款。	You can borrow from the bank.
39892	他虽然年轻，但是位好医生。	Although he is young, but bit the good doctor.
39909	你必须付三个月的房租作为押金。	You have to pay three months rent as a deposit.
39944	我终于感到被赏识了。	I finally feel appreciated up.
39974	大伙儿玩得高兴吗？	Everybody enjoying yourself?
39997	我劝他别老想着啃老。	I told him not to keep thinking about eating the old.
40018	汤姆把他揍得满地找牙。	Tom beat him Mandizhaoya.
40053	这是一个伟大的时刻。	This is a great moment.
40171	他和我哥差不多高。	He and my brother nearly as high.
40172	箭头指出了前进的方向。	The arrows indicate the direction forward.
40202	我把自己当成你的监护人。	I think of myself as your guardian.
40234	广东的夏天很长。	Guangdong summer long.
40244	他赚的比我多三倍。	He earned three times more than I do.
40301	我受不了他那态度。	I can not stand his attitude.
40310	她讲话非常俗气。	She spoke very tacky.
40317	这名老人一只眼盲了。	The old man of a blindness.
40322	丝绸是很珍贵的。	Silk is very precious.
40357	昨天强盗闯进了店里。	Yesterday the robbers broke into the store.
40358	大使被从华沙召回。	The ambassador was recalled from Warsaw.
40471	那个孤僻的人以观察蚂蚁取乐。	The private person to observe ants fun.
40505	我要给我妈妈一个卉。	I want to give my mother a Hui.
40514	我要给我妈妈一个盆栽。	I want to give my mother a potted plant.
40537	他们垄断了原物料供应，并开天价。	They monopolized the supply of raw materials, and open price.
40557	喝了一碗热汤，心情舒畅。	Drink a bowl of hot soup and happy.
40574	上周末我爬山去了。	Last weekend I went hiking.
40578	国会已经在讨论了。	Congress has been discussed.
40584	水流的强力把桥给冲垮了。	The strong flow of water to the bridge washed out.
40590	我为我父亲而自豪。	I am proud of my father.
40604	我们还在烧炭取暖。	We're still warm charcoal.
40712	美日安保条约涵盖钓鱼台。	US-Japan security treaty covers Diaoyutai.
40750	他的观点毫无价值。	His views worthless.
40753	她的行为很粗俗。	Her behavior is very vulgar.
40761	你知道为什么吗？是猫的缘故。	Do you know why? Cat's sake.
40784	别掺和他的事。	Do not blending his business.
40794	这种人注定惨败。	This man is destined to defeat.
40795	你很儒雅，关于唐诗什么都知道。	You are very refined, Tang know everything about.
40829	这臭味真是令人作呕。	It is really sickening odor.
40854	龙猫说： “我不会说中文。”	Chinchilla said: "I do not speak Chinese."
40903	桌子上有个痕迹。	There is a mark on the table.
40923	他被活生生地埋葬。	He was buried alive.
41010	这样辉煌的成绩，是如何取得的？	Such brilliant results, is how to get in?
41065	意料之外，收获颇丰。	Unexpected and rewarding.
41082	今门天怎么能么朦。	Today the gate of heaven how it can deceive.
41086	他用绷带包扎了伤口。	He bandaged the wound.
41149	物理是基础自然科学。	Physics is a fundamental natural science.
41168	他强迫我到那里去。	He forced me to go there.
41172	他忧心地开始看钟。	He began to worry about looking at the clock.
41268	那本书含有很多页。	The book contains a lot of pages.
41288	老鼠繁殖得很快。	Mice reproduce quickly.
41309	溪流潺潺，催我入眠。	Gurgling streams, lull me to sleep.
41325	我一天吃了三次黑米粥！	I eat three black rice!
41344	我们已经原谅你了。	We have forgiven you.
41349	你们有止咳药吗？	Do you have a cough medicine?
41390	您可以按小时租船。	You can rent a boat by the hour.
41392	日本人普遍很内敛。	Japanese generally very restrained.
41437	你若安好，便是晴天。	your happiness is the sun in my world.
41450	你卧室里有电视吗？	Your bedroom have a TV?
41503	筷子怎么用？	How to use chopsticks?
41510	我想要五个肉丸。	I want five meatballs.
41535	这水的味道很难闻	This water smells awful
41593	白痴，你脑子进水了？	Idiot, What were you thinking?
41603	外面打雷了，我很害怕！	Thunder outside, I'm afraid!
41661	晚上我们去吃饺子，好吗？	At night we eat dumplings, okay?
41673	药物缓解了他的痛苦。	Drugs to ease his pain.
41676	马上就要入秋了。	Soon the autumn.
41681	我们需要有才华的人。	We need talented people.
41701	谁也不要摸这个。	Who do not touch this.
41763	在这点上他泄露了秘密。	At this point he spilled the beans.
41779	汤姆和我之间的秘密被曝光了。	Secret between Tom and I have been exposed.
41781	男孩向我鞠了个躬。	The boy bowed to me.
41796	这条法律依然有效。	This law is still valid.
41945	它长得很茂盛。	It thrives.
41957	发生了非常八卦的事情。	Very nosy thing happened.
42155	这个岗位不合适小姑娘。	This post is inappropriate little girl.
42310	那面墙摸上去很凉。	The wall feels cool.
42315	州政府剥夺了市民的权利。	State government denied the rights of the public.
42356	培养政治意识要花费时间。	Political awareness training takes time.
42399	每个傍晚我都会喂我的狗狗们。	Each evening I will feed my dogs.
42458	这条裙子很适合你的气氛	This dress suits your mood
42489	我不能掩饰我的心情。	I can not hide my feelings.
42531	她有咬指甲的习惯。	She has a habit of biting.
42563	我坐出租车火车站	I take a taxi to the train station
42589	销售人员坚持到底	Sales staff adhere to in the end
42604	五一黄金周大家好像都宅在家里。	Golden Week it seems to stay home.
42627	她是个很坦率的人。	She is a very frank person.
42665	我想学标准的英语。	I want to learn standard English.
42676	我看见他们胳膊挽着胳膊地走路。	I saw them walking arm to arm in arm.
42694	小明读书是为了陶冶情操。	Xiao Ming reading is to cultivate character.
42718	做媒体请对得起自己的良心。	Please do media worthy of their own conscience.
42729	小明性格很张扬。	Xiao Ming character is very unassuming.
42733	官僚的工作，真是吃力不讨好。	Bureaucratic work is really a thankless task.
42750	这辆车停在银行前。	The car stopped in front of the bank.
42766	毛巾完全没起作用。	Towel completely did not work.
42796	昨天在家宅一天。	Yesterday at the family home one day.
42823	先下手为强，后下手遭殃。	Pre-emptive, after the start suffer.
42888	这笔账单漏洞百出。	This bill full of loopholes.
42889	没人愿意接管这个烂摊子。	No one is willing to take over this mess.
42906	擦掉你额头上的汗。	Wipe the sweat from your brow.
42908	画框比画还值钱。	Frame gesture even more valuable.
42928	感谢你的鼎力支持。	Thank you for your support.
42937	自恋是为了更自信。	Narcissism is to be more confident.
42962	店前排起了长龙。	Store front in a long queue.
43072	最坏的情境是什么？	What is the worst situation that?
43101	我没看到任何损坏。	I did not see any damage.
43155	明天天气晴转阵雨。	Tomorrow sunny with showers.
43164	权力之争，非我即敌。	Power struggle, that is not my enemy.
43166	你已经喂狗了吗？	You have to feed the dog yet?
43216	你吹风机带来了吗？	Your hair dryer with you?
43248	哇，不说真是不知道啊！	Wow, really do not know do not say ah!
43273	那天很冷，而且还下起了雨。	That day was cold, but also began to rain.
43301	绵羊提供我们羊毛。	Sheep provide us with wool.
43306	狮子听从驯兽师的指挥。	Obey the command of a lion trainer.
43322	有人纵火烧了房子。	Someone set fire to the house.
43353	很多学生考试没过。	Too many students failed the exam.
43382	我的手指头有一根刺。	There are a thorn in my finger.
43387	她坚持自己的分析是正确的。	She insisted that his analysis is correct.
43398	她有几百本书。	She has hundreds of books.
43427	最近，恶性的诈骗案可真多啊。	Recently, the vicious fraud can be really ah.
43441	我们需要买醋。	We need to buy vinegar.
43451	短裙不时髦了。	Skirt out of fashion.
43536	他付了两倍的费用。	He paid double the cost.
43570	他们让我当了队长。	They made me a captain.
43622	我是上个月来的北京。	I came last month in Beijing.
43625	我昨天买了这头猪。	I bought a pig yesterday.
43670	下班前别忘了打卡。	Do not forget to punch before get off work.
43687	您有孙子、孙女吗?	You have grandchildren it?
43693	他带着崇拜的眼神看她。	He took the worship of eyes to look at her.
43712	那是她第一份工作。	It was her first job.
43733	他受到专家的训练。	He was trained experts.
43761	一艘船被暴风雨掀翻了。	A boat was overturned storm.
43794	汤姆总是旷课。	Tom always absent.
43812	我的哥哥在树下。	My brother under a tree.
43871	我把日历挂在墙上。	I put the calendar on the wall.
43880	你知道怎么煮龙虾吗?	Do you know how to cook lobster it?
44007	鸟一点一点地筑巢。	Little by little the bird nest.
44017	为什么学习克林贡语？	Why learn Klingon?
44045	你在哪里锯开他们?	Where you saw them?
44056	数学是神用来撰写宇宙的语言。	Mathematics is the language God used to write the Universe.
44081	这把椅子是塑料做的。	This chair is made of plastic.
44110	这把塑料椅子很便宜。	This is the very cheap plastic chairs.
44174	上帝保佑乌克兰！	God bless Ukraine!
44191	走向前去，为荣耀！	Go forth, for the glory!
44247	他们的关系有些暧昧。	Their relationship is somewhat ambiguous.
44254	颜色渐趋深暗。	Color is becoming darker.
44284	他最近好像瘦了。	He recently seemed lost.
44293	车辆往来昼夜不停。	Vehicular traffic around the clock.
44331	她在海边卖贝壳。	She sells seashells by the seashore.
44339	魔鬼逼我这么做的。	The devil forced me to do so.
44368	这真是彻底的虚伪！	This is completely false!
44417	我们需要减缩开支。	We need to reduce cost.
44421	这个电影很有争议。	The film is very controversial.
44463	每人心里都有牢骚。	Each person has a heart complaint.
44517	酒精会损害肝脏。	Alcohol can damage the liver.
44523	他告诫了他的学生。	He warned his students.
44593	她留着一头辫子。	She had a braid.
44597	这会威胁到你的安全。	This is a threat to your safety.
44632	价格反映着需求。	Prices reflect the demand.
44639	你要跟我玩围棋吗?	You go with me to play it?
44675	这个食物太咸了。	The food is too salty.
44729	今天是六一儿童节。	Today is Children's Day.
44784	请先不要挂上电话。	Please do not hang up.
44809	我们找我们的护照。	We are looking for our passports.
44884	你应该想想你退休。	You should think about your retirement.
44896	他背疼，不能弯腰。	His back hurts, you can not bend over.
44902	摩天大楼在市中心。	Skyscrapers in the city center.
44910	眼睛火辣辣地痛。	Eye pain, burning places.
44961	这是不是豆腐？	This is not a tofu?
44975	篮子里有很多鸡蛋。	There are a lot of eggs in the basket.
44982	水果对身体非常好。	Fruit of the body is very good.
44991	我觉得她很勇敢。	I think she is very brave.
44999	我的专业是宗教学。	I majored in religious studies.
45087	你什么时候去上课？	When did you go to school?
45234	指南针指向北边。	Compass pointing north.
45247	你可以给我折扣吗?	Can you give me a discount?
45363	你别再跟他争吵了。	You would not quarrel with him.
45373	你就只抄了这么多张啊？	You only so many sheets of copy ah?
45390	我太阳穴处疼极了。	I temple was very painful.
45463	他吃了毒蘑菇。	He ate poisonous mushrooms.
45526	我们应该互相帮助。	We should help each other.
45576	人体的组织是由细胞构成的。	Human tissue is made up of cells.
45701	她不想让他玩扑克。	She did not want him to play poker.
45708	今天的天气晴间多云。	Today's Weather Partly cloudy.
45712	他知道怎么玩扑克。	He knows how to play poker.
45723	特快火车正驶进轨道。	Express train was pulled into orbit.
45726	这个海峡对游艇来说太窄了。	This is too narrow strait on the yacht.
45761	请在那个拐角左转。	Please turn left at that corner.
45766	他有着奇妙的想法。	He has a wonderful idea.
45824	我背上能够驮这个箱子	I can pack the box back
45837	孩子搂在妈妈怀里,听妈妈讲故事。	Hug children in her arms, listening to Mama story.
45861	保养类的面膜 可以不清洗。	Maintenance class mask can not be cleaned.
45912	他给车罩上一层车罩。	He cast a vehicle car cover.
45995	我在学习缅甸语。	I learn Burmese.
45999	屠夫的刀子在抽屉里	Butcher knife in the drawer
46013	山坡让滔滔的洪水往西流	Let the surging flood flow hillside west
46110	我希望你去波士顿。	I want you to go to Boston.
46118	你为何没有在牢里？	Why you are not in prison?
46138	我是个自由摄影师。	I'm a freelance photographer.
46210	别浪费时间做那个。	Do not waste time doing that.
46292	这人最不像话，随地吐痰。	This is the most outrageous, spitting.
46314	这就是我们烹调米的方法。	This is the way we cook the rice.
46346	小心！车差点撞到你。	Be careful! Car almost hit you.
46463	我的钱包被抢了。	My wallet was robbed.
46477	今年你会去跨年吗?	This year you will go to New Year's Eve it?
46478	你要去哪里跨年?	Where are you going New Year's Eve?
46530	来这享受阳光吧。	Come here and enjoy the sunshine.
46559	干燥的叶子很容易燃烧。	The dried leaves can easily burn.
46603	这条延长线太短了。	This extension cord is too short.
46608	面条下锅前要先掰成小块。	First break it into small pieces before the pasta pot.
46619	我们请女孩带着募捐箱来到舞台。	We invite girls to the stage with a collection box.
46678	戴维先生好像很累。	Mr. David seemed very tired.
46726	为什么总是我碍事儿呢？	Why do I always get in the way children do?
46729	我在马来西亚居住。	I live in Malaysia.
46737	我可以触摸这个吗？	I can touch this?
46758	用大锅煲汤。	With soup cauldron.
46776	靠！我咬到自己舌头了。	by! I bite his own tongue out.
46788	桥在重压之下倒塌了。	Bridge collapsed under the weight.
46812	打扰了，这个多少钱？	Excuse me, how much is this?
46832	银行周日不营业。	Banks are closed on Sundays.
46858	你也不是省油灯。	You are not a province of the lamp.
46890	别对我大吼大叫。	Do not shout at me.
46972	他是家族中的异类。	He is a heterogeneous family.
46985	观众似乎觉得无聊。	The audience seemed bored.
47007	肥皂可以清除脏污。	Soap can remove dirt.
47110	她挠了挠头。	She scratched his head.
47114	你的嘴唇很漂亮。	Your lips are beautiful.
47177	椅子对我来说太低了。	Chair for me too low.
47231	我要订官舱。	I'll take the official cabin.
47235	你这个畜牲，给我滚开！	You beast, Tige!
47257	他们称这个星球为「地球」。	They call this planet is "Earth."
47272	家庭是社会的核心。	The family is the nucleus of society.
47275	他耸了耸肩。	He shrugged.
47279	我的大儿子在念书。	My oldest son in school.
47336	他有一个数学硕士学位。	He has a master's degree in mathematics.
47394	女人的舌头是她的剑。	Woman's tongue is her sword.
47397	乌鸦就和碳一样黑。	And carbon black as crows.
47402	可惜我没看到这个。	Unfortunately, I did not see this.
47495	多么漂亮的景色啊！	What a beautiful scenery ah!
47554	拜托，别留我一个人。	Please, do not leave me alone.
47557	他们搬到了新房子。	They moved to a new house.
47575	病人的生命一度垂危。	The patient's life was dying.
47620	床占了很多空间。	Bed occupied a lot of space.
47632	你在自相矛盾。	You are self-contradictory.
47707	他个不高，但很有劲。	He is not a high, but very fresh.
47748	他回答说他不知道。	He replied that he did not know.
47751	她是个女程序员吗？	She is a woman programmers do?
47752	克拉娃嫉妒柳霞。	Carat baby jealous Neuxar.
47780	听到消息，她晕倒了。	Heard the news, she fainted.
47879	岳母是老婆的母亲。	Mother is the wife's mother.
47882	这句话需要纠正。	This sentence needs to be corrected.
47896	这把圈椅很舒适。	This is the chair very comfortable.
47934	天空中有数十亿的星星。	Several billions of stars in the sky.
47940	我偏好结局圆满的小说。	I prefer happy ending novel.
47957	她是最后一个客人。	She was the last guest.
47961	请签署契约。	Please sign the contract.
48039	无人可以返老还童。	No one can rejuvenate.
48044	体积大不代表重量大。	Does not mean that a large volume of heavy weight.
48069	长颈鹿有很长的脖子。	Giraffe have a long neck.
48099	这些树挡住了风景。	These trees blocking the view.
48172	不要被外貌蒙蔽了。	Do not be fooled by the appearance.
48176	谢谢您的迅速回复。	Thank you for your prompt reply.
48213	非常时期需要非常措施。	Desperate times call for desperate measures.
48237	你喜欢吃牛肉面吗?	Do you like to eat beef noodles?
48274	生产日期在盖子上。	Production date on the cover.
48292	今天的温差有点大。	Today's temperature difference a little big.
48305	他打扮得像女人一样。	He dressed as a woman.
48323	你令人难以抗拒。	You irresistible.
48330	我最近压力有点大。	I recently pressure a bit big.
48385	我们买了张舒适的扶手椅。	We bought a comfortable armchair.
48471	汤姆拧干毛巾挂起来晾干。	Tom wrung towel hung up to dry.
48493	你还信奉你的宗教吗？	Do you believe in your religion?
48510	你熟悉这个领域吗？	Are you familiar with this area do?
48525	真的令人丧气。	Really frustrating.
48549	我打心底里感激你。	I hit the bottom of my heart thank you.
48577	平均一天睡六个小时。	Sleep six hours a day on average.
48586	你太谦虚了。	you are too humble.
48606	我跟不上你的逻辑。	I can not follow your logic.
48614	她在他的背上戳了一下。	She poked at his back.
48661	不列颠也是一座岛。	Britain is an island.
48662	我对东方陶瓷有兴趣。	I'm interested in Oriental ceramics.
48677	我不是故意吓唬你的。	I did not mean to frighten you.
48682	你扫完以后，我会拖地。	After you Saowan, I'll mop the floor.
48878	你也觉得锤子手机很酷啊！	You also feel a hammer mobile phone cool ah!
48893	经鉴定，此人三观不正。	It was identified that this person Three views is not correct.
48913	她就是所谓的书虫。	She is known as a bookworm.
48915	我曾两次试图自杀未遂。	I have twice tried to commit suicide attempts.
48967	可以，但可能性不大	Yes, but unlikely
48987	现在我开始发铜牌。	Now I began to bronze.
49049	他瞄准了，却没命中。	He aimed, but no hits.
49069	妈妈有一张残缺的脸。	Mom has a mutilated face.
49071	我们依然做得很好。	We are still doing very well.
49079	你有着漂亮的腿。	You have beautiful legs.
49140	这是一个巨大的挑战。	This is a huge challenge.
49150	他们工作的很辛苦。	They work very hard.
49167	我们现在缺乏库存。	We now lack inventory.
49196	我们应该一起庆祝。	We should celebrate together.
49257	这也只是嘴上说说。	This is just talking about it.
49297	我不会说孟加拉语。	I can not speak Bengali.
49368	不好意思，我弄错了。	Sorry, I made a mistake.
49443	请问小姐芳龄？	Will Miss Christina?
49478	我们坐出租车去吧！	We take a taxi to go!
49502	我能用一下电脑吗？	I use the computer?
49565	他对生活感到很无奈。	He was helpless in life.
49568	我无奈只得跟随着她。	I was compelled to follow her.
49655	可以给我优惠券吗？	I can give you a coupon?
49710	汤姆勾引女人有一套。	Tom seduce a woman set.
49751	他们被老师训斥了。	They were teacher reprimanded.
49863	可以告诉我理由吗？	Can you tell me the reason?
49867	这所房子不时进行扩建。	The house from time to time be expanded.
49890	我不知道那种舞蹈。	I do not know the kind of dance.
49917	别忘了把垃圾拿出去。	Do not forget to take out the trash.
50007	难不成你漏了什么了？	Authors you missed anything?
50022	我想过扇你一巴掌。	I thought about you a slap fan.
50046	这片区域很少下雪。	This area rarely snows.
50063	跟你没半毛钱关系。	Not a cent relationship with you.
50064	这好比大海捞针。	This is like needle in a haystack.
50072	他不过是个无名小卒而已。	He is just a nobody nothing.
50075	甲之蜜糖，乙之砒霜。	The honey A, B of arsenic.
50098	改邪归正。	Repented.
50186	他的政治生涯完蛋了。	His political career is finished.
50236	你说话像个当官的。	You talk like an officer.
50246	那背后是什么意思？	What is the meaning behind it?
50447	给点厉害让他瞧瞧。	Let him look bad to the point.
50499	我们在学校穿校服。	We wear uniforms at school.
50503	古今万国纲鑑	Ancient and modern nations Gang Kam
50523	你爸爸是一个大猩猩。	Your father is a gorilla.
50537	我先想跟你见个面。	I first want to meet with you.
50581	他们有时候有矛盾冲突	They sometimes have conflicts
50589	不要为这事发愁。	Do not worry about this thing.
50672	这是什么旗帜？	What is the flag?
50696	他拖着自己的书。	He dragged his book.
50698	一些女士不穿文胸。	Some women do not wear a bra.
50719	心脏在胸腔内。	Heart in the chest.
50742	树投下长长的影子。	Trees cast long shadows.
50813	伦敦被轰炸过许多次。	London was bombed many times.
50864	昨晚我去了体育场。	Last night I went to the stadium.
50914	胡安支持政治改革。	Juan support political reform.
50954	帮我搓一下背好吗？	Help me to rub it back, okay?
51035	我奶奶失去了记忆。	My grandmother lost her memory.
51092	我告诉他们你饿了。	I told them you're hungry.
51211	真爱不渝。	Enduring love.
51281	那是个坚固的栏杆。	It was a sturdy railings.
51341	这让我非常愤怒。	It makes me very angry.
51360	我爱接骨木果汁。	I love elderberry juice.
51379	孩子们喜欢喝果汁。	The children like to drink fruit juice.
51388	这个苹果汁是纯的。	This is pure apple juice.
51439	汤姆从来不富裕。	Tom never wealthy.
51444	这档案在哪也找不到。	This file where to be found.
51518	我能坐在你旁边吗？	I can sit next to you?
51523	一只鹰的翅膀断了。	Eagle's wings are broken.
51571	你应该说得更清楚。	You should have said it more clearly.
51573	他的阿姨有三只猫。	His aunt had three cats.
51574	他们把他奉为领袖。	They put him as leader.
51584	有二十五座的车吗？	There twenty-five car?
51591	这点例句是不够的。	This sentence is not enough.
51633	爱不是无限的资源。	Love is not unlimited resources.
51642	你的想法难以实践。	Your idea is difficult to practice.
51677	事业会很快重振。	Career will soon revive.
51679	你应该把这句话放进括号。	You should put this sentence in parentheses.
51710	你可以在地上挖土。	You can digging in the ground.
51712	我留在希尔顿宾馆。	I stayed at the Hilton hotel.
51716	马克给他的儿子买了辆车。	Mark to his son bought a car.
51722	愚蠢骑着没有闸的单车。	Riding a bicycle brake is not stupid.
51754	化学给了我们塑胶。	Chemistry gave us plastic.
51884	别倚着墙。	Do not leaning against the wall.
51936	我过了难挨的一天。	I had a hard time of day.
51941	汤姆看来难缠。	Tom seems intractable.
51958	相互理解能促进和平。	Mutual understanding and promote peace.
52014	我知道怎么设陷阱。	I know how to set traps.
52142	空间技术还在幼儿期。	Space technology is still in early childhood.
52199	你没打算耍我，对吧？	You did not intend kidding me, right?
52260	我会让你提前知道。	I will let you know ahead of time.
52261	列车停下前别下车。	Do not get off before the train stopped.
52263	他跟他们干脆地断绝来往了。	He decided to break off with them from the.
52274	她错过了最后期限。	She missed the deadline.
52280	要是有东西坏了呢。	If something is broken it.
52313	你能用圆珠笔写吗？	You can use a ballpoint pen to write it?
52349	嘿，你的狗刚咬了我。	Hey, your dog just bit me.
52376	她照顾可怜的小鸟。	She takes care of poor bird.
52406	我们还是脆弱不堪。	We still fragile.
52416	我们必须学会与自然和谐共处。	We must learn to live in harmony with nature.
52418	他通过努力挣了大笔钱。	He earned a fortune through hard.
52424	他们忙于社会改革。	They are busy social reform.
52452	我今晚感觉良好。	I feel good tonight.
52454	汤姆往炖菜里加了西兰花。	Tom Riga to stew broccoli.
52457	她确实年轻貌美，但她体质娇弱。	She really young and beautiful, but her delicate constitution.
52459	个人电脑非常有用。	PC very useful.
52463	我必须偿还债务。	I have to repay the debt.
52583	横穿马路时你要留心。	You have to pay attention when crossing the street.
52717	脏袜子散发臭气。	Dirty smelly socks.
52826	这是搭帐篷的好地方。	This is a good place to take the tent.
52839	我感谢你帮助澄清。	I thank you for helping to clarify.
52843	我凭韧性克服了困难。	I'm with the toughness to overcome the difficulties.
52874	我将去柬埔寨生活。	I will go to live in Cambodia.
52940	你有除锈的东西吗？	Do you have anything rust do?
52962	每个人都爱呜呜塞拉！	Everyone loves Sierra whining!
53024	你喜欢盗版电影吗？	Pirated movies do you like?
53044	我曾经像猪一样吃。	I used to eat like a pig.
53046	那是场精彩的会议。	It was wonderful meeting field.
53099	这块钻石像是真的。	This is really like a diamond.
53138	包括早饭吗？	It includes breakfast?
53195	丹甚至没有上过基础解剖课。	Dan had not even on the basis of anatomy class.
53221	端午节要吃粽子。	Dragon Boat Festival to eat dumplings.
53222	端午节要赛龙舟。	Dragon Boat Festival Dragon Boat Race.
53256	他踢了一个乌龙球。	He kicked an own goal.
53271	我喜欢挪威语言。	I like the Norwegian language.
53380	她的成功让她成为嫉妒心的靶子。	Her success made her a target of jealousy.
53476	我是演员，不是模特。	I'm an actor, not a model.
53528	我们有一堆吃的。	We have a bunch of food.
53541	我经常去重庆吃香肠	I often go to eat sausage Chongqing
53551	有两千小学生到校。	Two thousand school children to school.
53572	我们已经将它做了分析。	We have it do the analysis.
53590	他们已经取消了罢工。	They have canceled the strike.
53603	工作之前先收好思绪。	First, collect his thoughts before work.
53613	无数星星在天上闪烁。	Countless stars twinkled in the sky.
53626	她的袜子是灰色的。	Her socks are gray.
53641	我认为要保持平衡。	I think that to keep a balance.
53757	这是个没有柄的平锅。	This is not the handle of the pan.
53773	这是我的驾驶执照。	This is my driver's license.
53910	你慢慢享用美食吧！	You enjoy good food and bar!
53962	谁都不想看我的投稿	No one wanted to look at my submission
54029	元宵节要吃元宵。	Lantern Festival Lantern eat.
54047	他在用渔网捕鱼。	He was fishing with nets.
54054	你的这双拖鞋很萌。	This pair of slippers you very Meng.
54112	我试着阻止它发生。	I tried to stop it from happening.
54134	已经取得巨大进展。	Huge progress has been made.
54201	这两个词容易混淆。	These two words confusing.
54329	我对那事很是感激。	I was very grateful for that.
54396	重新启动你的电脑。	Restart your computer.
54408	觉得渴了就喝点。	I feel thirsty to drink.
54414	我们从阿根廷进口了肉类。	We import meat from Argentina.
54420	用筷子吃饭难吗？	It is difficult to eat with chopsticks?
54427	我们认为这不严肃。	We think it's not serious.
54428	你现在可以删除它。	You can now delete it.
54431	这看起来似曾相识。	This looks familiar.
54459	塞维利亚下了大雨。	Sevilla heavy rains.
54560	他有我的三倍的书。	He has three times my book.
54574	我们要在萨拉戈萨转车。	We have to change at Zaragoza.
54605	他喜欢男扮女装。	He likes dresser.
54614	天阴了，要下雨了。	Overcast, rain.
54630	你实际上想说什么？	What are you actually trying to say?
54648	我不能控制我的愤怒。	I can not control my anger.
54659	我想她想要的是束缚与支配。	I think she wanted was to bondage and domination.
54714	我们一直是很好的炮友。	We have been a good booty.
54726	你找到你的票了吗？	Have you found your ticket yet?
54785	我从一个大家庭来。	I come from a big family.
54803	我发誓我什么也没做。	I swear I did not do anything.
54804	我的腿有什么毛病？	What's wrong with my legs?
54810	她被查出有结膜炎。	She was found to have conjunctivitis.
54857	她太累了学不动了	She was too tired to school no more
54924	那是值得自豪的事。	That is something to be proud of.
54977	警察找到指纹了吗？	The police found fingerprints yet?
55021	我没看见什么弹孔。	I did not see any bullet holes.
55049	古代中国没有椅子。	Ancient Chinese no chairs.
55095	这套教材简直是误人子弟。	This textbook is simply fraught.
55112	我们称一斤花枝吧。	We call it a pound squid.
55131	你的学校有多远？	How far is your school?
55154	现在是旅游旺季。	Now is the peak tourist season.
55179	您已经投了票了吗？	You've voted yet?
55187	她被蒙上了眼睛。	She was blindfolded.
55215	他是男子双杠选手。	He is the men's parallel bars players.
55237	他在做上古音的重构。	He was doing the reconstruction of Middle Chinese.
55252	“腾”和“乘”是叠韵关系。	"Teng" and "multiply" is the vowel rhyme relationship.
55254	他把小车倾侧倒空了。	He tilted the car emptied.
55275	篮球可真是有意思。	Basketball is really interesting.
55282	这个设计很人性化。	The design is very user-friendly.
55443	我不知道要穿什么。	I do not know what to wear.
55510	这本书二十三块五。	This book twenty-three V.
55550	明天是晴天，很热。	Tomorrow is sunny, very hot.
55599	是的，我是何塞。您是？	Yes, I'm Jose. you are?
55707	她穿着芭蕾舞高跟鞋。	She was wearing high heels ballet.
55723	他穿着一双棉袜。	He was wearing a pair of cotton socks.
55774	我们在跟时间斗争。	We struggle with time.
55796	我想让你歇歇。	I want you to rest.
55803	汤姆给玛丽抛了个媚眼。	Tom gave Mary thrown a flirtatious.
55819	我被淋成了落汤鸡。	I was pouring became a drowned rat.
55832	你说你有重要新闻。	You say you have important news.
55898	他在玩俄罗斯方块。	He was playing Tetris.
55907	病毒让我的电脑瘫痪了。	Let my computer virus paralyzed.
55912	他穿着一双新袜子。	He was wearing a new pair of socks.
55913	他袜子的后跟破了。	His socks heel broke.
55918	他买了一双及膝袜。	He bought a pair of knee-high socks.
56022	搅拌蛋清知道其变硬。	Stir egg whites know it hardens.
56089	她是喂我们的狗的人。	She is feeding our dog.
56114	关爱生命，请勿嬉水。	Care for life, do not splash.
56130	我有脑肿瘤。	I have a brain tumor.
56136	在这儿冬天下大雪。	Here winter under the snow.
56181	欢迎来到你的新家。	Welcome to your new home.
56190	大卫认识了一个人。	David met a man.
56191	大卫吃了很多东西。	David eat a lot.
56206	今天不热，今天很冷。	Not hot today, cold today.
56241	木匠带着他的工具。	Carpenter with his tools.
56287	我有乳糖不耐症。	I am lactose intolerant.
56288	这瓶酸奶不含乳糖。	This bottle lactose-free yogurt.
56319	汤姆头发蓬乱。	Tom disheveled.
56338	她不喜欢吃椰子味的东西。	She does not like to eat coconut thing.
56377	她买了一件新抹胸。	She bought a new Bra.
56574	他们两个都喝醉了。	Both of them were drunk.
56638	汤姆吃了多少橘子？	Tom how much to eat oranges?
56662	找到法迪勒并不难。	Fadhil is not difficult to find.
56665	你会说纳美语吗？	Do you speak Na'vi language do?
56831	列车晚到了十分钟。	Train as late as ten minutes.
56838	今天晚上吃糖醋排骨。	Tonight eat sweet and sour pork ribs.
56844	未来很渺茫。	Future are slim.
56970	雷克雅维克是纬度最高的首都。	Reykjavik is the capital of the highest latitude.
56990	土匪们把她的嘴塞住了。	The bandits took her mouth gagged.
57018	你好胡安，我叫明惠。	Juan Hello, my name is Ming Hui.
57026	傍晚我喜欢沿着湖边散步。	I like evening walks along the lake.
57027	帆船沿着海岸航行着。	Sailing along the coast.
57065	现代人太仰赖手机。	Modern people rely on mobile phones too.
57071	违反者可能受到舆论与良心谴责。	Violators may be subject to public opinion and conscience.
57092	是不是应该换个伺服器?	Should another server?
57145	你能解开这个谜吗？	Can you solve the riddle?
57189	这里没人会打扰你。	Here no one will bother you.
57198	我们有特殊联系。	We have a special relationship.
57261	她是个中年胖女人。	She was a middle-aged fat woman.
57296	林峰，你认识他吗？	Raymond, you know him?
57300	你好，我叫林峰。	Hello, my name is Raymond.
57405	是人都知道冷战是两国的对峙。	People know that the Cold War confrontation between the two countries.
57407	我需要去查一下档案。	I need to go check files.
57486	他的双脚被交叉捆绑着。	His feet were tied with a cross.
57490	我喜欢喝天然的矿泉水。	I like to drink natural mineral water.
57500	这个铝铸件需要重刷一遍.	The need to re-brush again aluminum castings.
57642	您寄航空还是海运？	You send it by air or by sea?
57654	这些鞋不合我的脚。	These shoes are not to my feet.
57662	没有人强迫你帮我。	No one forced you to help me.
57664	我会替你照顾你的后宫的。	I'll take care of your harem for you.
57733	总理大臣昨日辞职。	Prime Minister resigned yesterday.
57751	我去，人跑哪儿去了，蹲坑掉坑里了？	I went, where people are going to run, pit fall into the pit?
57764	他不愿意为同胞作证。	He did not want to testify compatriots.
57800	接受现金捐赠。	Accept cash donations.
57813	这人因谋杀被通缉。	This man is wanted for murder.
57836	他给了我一头大蒜。	He gave me a garlic.
57863	这个岛屿即将被淹没。	The island is about to be submerged.
57892	我快要到高潮了。	I'm going to orgasm.
57901	有今天有点头疼。	I have a headache today.
57910	越来越多的人迁往乡村。	More and more people move to the country.
57977	他的思维方式很幼稚。	His way of thinking is very naive.
57997	我在窗户上看见了我的映像。	I saw my image on the window.
58043	此产业迎来了井喷式发展。	This industry ushered in the blowout development.
58136	那位技师技术很好。	That technician is a good technique.
58140	他们正在准备考试。	They are preparing for the exam.
58161	他的婚姻观很畸形。	His views on marriage very much distorted.
58175	嫉妒是骨中的朽烂。	Jealousy is rottenness of the bones.
58191	我们的性生活不是十分和谐。	Our sex life is not very harmonious.
58265	功课可不可以借我抄？	Can you lend me a copy homework?
58287	那些花儿安慰了她。	Those flowers to comfort her.
58292	我们在安慰他母亲。	We comforted his mother.
58318	把平底锅从火上拿开。	Take the pan away from the fire.
58336	我累得酣然入梦。	I'm too tired to fall asleep soundly.
58359	我举起手拦出租车。	I raised my hand stopped a taxi.
58409	参赛门槛非常高。	Entry threshold is very high.
58461	它发生在一眨眼之间。	It happened between the blink of an eye.
58539	你想靠窗还是走廊？	Do you want a window or an aisle?
58550	这个故事有一个悲惨的结局。	This story has a tragic ending.
58571	你不懂基本逻辑吗？	You do not understand the basic logic of it?
58613	这是格林纳达的国旗。	This is the flag of Grenada.
58718	这朵花的颜色是紫色。	Flower color is purple.
58723	台湾是一个国家。	Taiwan is a country.
58817	我们在跟日本打仗。	We are at war with Japan.
58859	那是个美好的瞬间。	It was a beautiful moment.
58887	我在写演讲的草稿。	I wrote a draft of the speech.
58950	汤姆砍了他门前的树。	Tom cut him in front of the tree.
59065	我不太渴了。	I'm not thirsty.
59070	汤姆很笨拙。	Tom is very clumsy.
59079	汤姆孩子们在阁楼。	Tom children in the attic.
59105	汤姆是糖尿病患者。	Tom is diabetic.
59109	你送我的茶真好喝！	You gave me tea is really delicious!
59113	好忧愁的一个男人。	Good grief of a man.
59135	他用毛巾弄干自己。	He dries himself with a towel.
59137	你买了往返的票吗？	You buy a round-trip ticket?
59251	无视历史的人往往会重蹈覆辙。	People tend to ignore history to repeat.
59431	我们将会输了吗？	We will lose yet?
59481	西葫芦是绿色的。	Zucchini is green.
59489	我特别喜欢小扁豆汤。	I especially like the lentil soup.
59494	我玉米过敏。	I'm allergic to corn.
59497	我不喜欢玉米。	I do not like corn.
59534	杯子里的水干净吗？	Glass of water clean?
59549	有二百十四康熙部首。	There are two hundred fourteen Kangxi radicals.
59560	日蚀只会偶尔发生。	Eclipses occur only occasionally.
59569	德国被韩国淘汰。	Germany was out of South Korea.
59582	他的照牌号是多少？	His grades according to how much?
59593	她在看一本娱乐杂志。	She was reading entertainment magazines.
59673	连他的仆人都鄙视他	Even his servants despise him
59700	天上飘过一片彩云。	A drifting clouds of heaven.
59701	祭祀结束之后，天就晴了。	After the ritual, it turned out fine.
59747	雨滴敲打窗户玻璃。	Raindrops beat window glass.
59753	商人们只看中利益。	Business people look at the benefits.
59764	他污蔑我说我撒了谎。	He slandered me that I had lied.
59821	我们没理由害臊。	We have no reason to be ashamed.
59837	我腰疼，不能打网球。	I have back pain, you can not play tennis.
59922	他终于恢复了理智。	He finally regained his senses.
59947	你说的东西是胡扯。	You say something is nonsense.
60004	你想保持匿名身份。	You want to remain anonymous identity.
60020	美酒是诸神的礼物。	Wine is a gift of the gods.
60200	天空晴朗，布满了星辰。	The sky was clear and full of stars.
60253	我们一直抓不住他。	We always catch him.
60303	布拉赫为一千多颗恒星做了编目。	Brahe made cataloging more than a thousand stars.
60312	他四月十八日来了。	He April 18 came.
60320	机器蒙上了一层灰。	Covered with a layer of ash machine.
60391	你是个优秀的记者。	You're a good reporter.
60430	你看起来累了。你该歇息一会儿了。	You look tired. You should rest a while.
60440	这么讲很种族主义。	Say so very racist.
60450	他辞了职，并参了军。	He resigned and joined the army.
60562	他的组织能力很糟。	His organizational skills badly.
60629	登月是一项里程碑式的成就。	Moon is a landmark achievement.
60669	这活儿我干了一辈子。	I did this job for a lifetime.
60722	豆腐配清酒很合适。	Tofu with Sake very appropriate.
60813	这匹斑马是你的吗？	It zebras are yours?
60817	等父母老了，我会赡养他们。	Parents and other old, I'd maintenance them.
60874	你什么时候吃火鸡？	When do you eat turkey?
60903	我的吊带衫都旧了。	My halter top are old.
60918	有人说牛油果蘸酱油很好吃。	Some say avocado dipped in soy sauce delicious.
60919	藕就是莲花的根部。	Lotus is the lotus root.
60923	汉堡我都吃腻了。	I eat greasy burgers.
60924	鲨鱼皮比金枪鱼皮粗糙多了。	Tuna than shark skin rough skin and more.
60945	停止霸凌！	Stop bullying!
60980	能把胡椒递给我吗？	Can you pass me the pepper?
60986	乌云正掠过这座城市。	Black clouds are passing the city.
61036	滞纳金是多少？	How much is the late fee?
61087	我在市场营销部门。	I was in the marketing department.
61119	今年我们会盈利的。	This year we will be profitable.
61127	我们试过阻止他了。	We tried to stop him.
61142	你媳妇怎么样，汤姆？	Your wife how, Tom?
61164	我还没看过那段视频。	I have not seen that video.
61222	我趴着睡觉。	My tummy to sleep.
61254	他告诉我他不怕蛇。	He told me he was not afraid of snakes.
61290	没有剩下一滴水。	Not a drop of water remaining.
61317	汤姆躲在棚里。	Tom hid in the shed.
61345	我们一起去小酌几杯吧。	We went to have a drink now.
61348	马铃薯是土豆，西红柿是番茄。	Potatoes are potatoes, tomatoes, tomato.
61364	她把他形容为侦探。	She described him as a detective.
61400	把遥控器递给我。	Hand me the remote control.
61431	这份工作工资很高。	Job wages high.
61469	我想介绍你给他认识。	I'd like to introduce you to his understanding.
61505	各尽所能、按需分配。	Do everything according to need.
61567	我不挑剔，我什么都吃。	I'm not picky, I eat anything.
61582	此人与描述相符。	This person consistent with the description.
61583	这个描述太抽象了。	This description is too abstract.
61594	农民是国家的心脏。	Farmers is the heart of the country.
61595	她与他相濡以沫。	Her profound feelings with him.
61597	我爱添好运的点心。	I love Tim dessert luck.
61615	谢谢。真的拜托你了。	Thank you. Really please you.
61618	我急忙开始挣扎。	I quickly began to struggle.
61634	详情请向接待处咨询。	For details, please consult reception.
61746	汤姆是个寡欲的人。	Tom is a man of few desires.
61785	证据确凿了。	The evidence.
61794	她为了他竭尽所能。	She do everything we can for him.
61829	我每三个月献一次血。	I offer blood once every three months.
61986	他牺牲生命，出卖组织。	He sacrificed life, betrayed the organization.
62235	这会损害我们的信誉。	This will damage our credibility.
62250	她雇佣我来帮助她	She hired me to help her
62284	他感到寒气刺骨。	He was chilled to the bone.
62299	麻雀正在树上唱歌。	Tree sparrows are singing.
62312	别慌。这没什么的。	Do not panic. It's nothing.
62339	这台电脑的屏幕很清晰	This computer screen is very clear
62359	他真的很想做穆斯林	He really wanted to do Muslim
62460	你买猫粮了吗？	You buy cat food yet?
62477	你的晚餐在烤箱里。	Your dinner in the oven.
62483	这个机器出故障了。	The machine is out of order.
62505	多行不义必自毙。	Unjust is doomed to destruction.
62549	我的包裹怎么还没到？	How my package has not arrived yet?
62582	她用手捂住了电话的话筒。	She hand over the microphone of the telephone.
62586	因为堵车， 我开会迟到了。	Because of traffic jams, I'm late for the meeting.
62613	他从窗帘后出来了。	He came out from behind the curtains.
62628	我觉得这里挺好的。	I feel very good here.
62678	汤姆握紧了铲子。	Tom clenched his shovel.
62681	他有明显的肌肉线条。	He has a clear muscles.
62682	汤姆被宰了。	Tom fleeced.
62723	你低估了你的魅力。	You underestimate your charms.
62734	请给我两杯苹果汁。	Please give me two glasses of apple juice.
62750	德国将禁止雇主在脸书上偷窥。	Germany would ban employers spying on face book.
62755	酒被放在桶里发酵。	Wine is fermented in barrels.
62826	那里有八块小圆石。	There are eight small boulders.
62832	人要衣装，佛要金装。	Clothes make the man, Buddha to gold.
62833	这个木薯又嫩又好吃。	The cassava tender and delicious.
62860	你要苹果还是桃子？	You want an apple or peach?
62893	洗手间的灯坏掉了。	Bathroom lights broken.
62939	感叹号是标点符号。	The exclamation point is a punctuation mark.
62954	习惯的力量是伟大的。	The force of habit is great.
63013	喷泉在那里。	Fountain there.
63014	他因谋杀罪被绞死。	He was hanged for murder.
63046	新冠病毒很危险的。	The new crown virus very dangerous.
63055	你爷爷的名字是什么？	What is your grandfather's name?
63100	我的女朋友甩了我。	My girlfriend dumped me.
63102	我为你的订婚祝贺。	My congratulations on your engagement.
63120	让我们堆个雪人吧。	Let snowman it.
63121	你不好象很害怕的。	You do not seem very afraid.
63167	一两天是没办法逛完东京的。	Twelve days is no way to walk around Tokyo.
63182	他的袜子是紫色的。	His socks are purple.
63209	他拉开裤子的拉链。	He unzipped pants.
63211	他们是基督徒着。	They are the Christians.
63221	屋漏偏逢连夜雨。	House seemingly endless rain.
63227	别唠叨！我需要学习。	Do not nag! I need to learn.
63235	这个芒果很甜。	The mango is very sweet.
63267	他们年龄相仿。	They age.
63292	我们真的得加紧步伐了。	We really have to step up the pace.
