# Significados en español de las palabras HSK 3.0 de varios caracteres (todos los niveles, 1 a 7-9).
# Traducción de las acepciones de CC-CEDICT (CC BY-SA 4.0), hecha con ayuda de IA y pensada
# para estudiantes. Para corregir una, edita la línea y vuelve a correr construir_db.py.
palabra	significado_es
爱好	afición; pasatiempo; gustar de
爸爸	papá; padre
白天	de día; durante el día
半年	medio año
半天	medio día; un buen rato
帮忙	ayudar; echar una mano
包子	baozi (bollo relleno al vapor)
杯子	vaso; taza
北边	norte; lado norte
北京	Pekín (Beijing)
本子	cuaderno; libreta
别的	otro; lo demás
别人	los demás; otra persona
病人	enfermo; paciente
不大	no muy; no mucho
不对	incorrecto; no está bien
不客气	de nada; no hay de qué
不用	no hace falta
常常	a menudo; con frecuencia
唱歌	cantar (una canción)
车票	boleto (de autobús o tren)
车上	en el coche; a bordo
车站	estación; parada
吃饭	comer
出来	salir (hacia aquí); aparecer
出去	salir (hacia fuera)
打车	tomar un taxi
打电话	llamar por teléfono
打开	abrir; encender
打球	jugar a la pelota
大学	universidad
大学生	estudiante universitario
得到	obtener; recibir; conseguir
地点	lugar; sitio
地方	lugar; sitio; zona
地上	en el suelo
地图	mapa
弟弟	hermano menor
第（第二）	prefijo de ordinales (第二 = segundo)
电话	teléfono; llamada
电脑	computadora
电视	televisión
电视机	televisor
电影	película; cine
电影院	cine (sala)
东边	este; lado este
东西	cosa; objeto
动作	movimiento; acción
读书	leer; estudiar
对不起	perdón; lo siento
多少	¿cuánto?; ¿cuántos?
儿子	hijo
饭店	restaurante; hotel
房间	habitación; cuarto
房子	casa
放假	estar de vacaciones
放学	salir de clases
飞机	avión
非常	muy; sumamente
干净	limpio
干什么	¿qué haces?; ¿para qué?
高兴	contento; alegre
告诉	decir; contar; avisar
哥哥	hermano mayor
工人	obrero; trabajador
工作	trabajar; trabajo
关上	cerrar; apagar
国家	país; nación
国外	el extranjero
还是	todavía; mejor; ¿o…? (en preguntas)
还有	además; todavía queda
孩子	niño; hijo
汉语	idioma chino
汉字	carácter chino
好吃	rico; sabroso
好看	bonito; bueno (película, libro)
好听	agradable de oír
好玩儿	divertido
后边	detrás; parte de atrás
后天	pasado mañana
回答	responder; respuesta
回到	volver a
回家	volver a casa
回来	volver (hacia aquí)
回去	volver (hacia allá)
火车	tren
机场	aeropuerto
机票	boleto de avión
鸡蛋	huevo (de gallina)
记得	recordar; acordarse
记住	memorizar; no olvidar
家里	en casa
家人	familiar; la familia
见面	verse; encontrarse
教学楼	edificio de aulas
姐姐	hermana mayor
介绍	presentar; presentación
今年	este año
今天	hoy
进来	entrar (hacia aquí)
进去	entrar (hacia allá)
觉得	creer; sentir; parecer
开车	manejar; conducir
开会	tener una reunión
开玩笑	bromear
看病	ir al médico; atender a un paciente
看到	ver
看见	ver; alcanzar a ver
考试	examen; presentar un examen
课本	libro de texto
课文	texto (de una lección)
来到	llegar
老人	anciano; persona mayor
老师	maestro; profesor
里边	dentro; interior
楼上	arriba; el piso de arriba
楼下	abajo; el piso de abajo
路口	cruce; esquina
路上	en el camino
妈妈	mamá; madre
马路	calle; carretera
马上	enseguida; de inmediato
没关系	no importa; no pasa nada
没什么	no es nada; no importa
没事儿	no pasa nada; estar libre
没有	no tener; no haber; no (pasado)
妹妹	hermana menor
门口	entrada; puerta
门票	entrada; boleto
们（朋友们）	sufijo de plural (朋友们 = amigos)
米饭	arroz (cocido)
面包	pan
面条儿	fideos
名字	nombre
明白	entender; claro
明年	el año que viene
明天	mañana
哪里	¿dónde?
哪儿	¿dónde?
哪些	¿cuáles?
那边	allá; por allá
那里	allí; ahí
那儿	allí; ahí
那些	esos; aquellos
奶奶	abuela (paterna)
男孩儿	niño; muchacho
男朋友	novio
男人	hombre
男生	chico; alumno
南边	sur; lado sur
你们	ustedes; vosotros
牛奶	leche (de vaca)
女儿	hija
女孩儿	niña; muchacha
女朋友	novia
女人	mujer
女生	chica; alumna
旁边	al lado; junto a
朋友	amigo
起床	levantarse (de la cama)
起来	levantarse; ponerse de pie
汽车	coche; automóvil
前边	delante; parte de enfrente
前天	anteayer
钱包	cartera; monedero
请假	pedir permiso (para faltar)
请进	pase, por favor
请问	disculpe, ¿podría preguntarle…?
请坐	siéntese, por favor
去年	el año pasado
认识	conocer; reconocer
认真	serio; concienzudo; tomar en serio
日期	fecha
商场	centro comercial
商店	tienda
上班	ir a trabajar
上边	arriba; encima
上车	subir (al coche, autobús)
上次	la última vez
上课	ir a clase; dar clase
上网	conectarse a internet
上午	mañana (antes del mediodía)
上学	ir a la escuela
身上	en el cuerpo; encima (de uno)
身体	cuerpo; salud
什么	¿qué?; algo
生病	enfermarse
生气	enojarse
生日	cumpleaños
时候	momento; cuando
时间	tiempo; hora
是不是	¿es o no es?; ¿verdad?
手机	celular; teléfono móvil
书包	mochila (escolar)
书店	librería
水果	fruta
睡觉	dormir; acostarse
说话	hablar
他们	ellos
她们	ellas
天气	clima; tiempo
听到	oír
听见	oír
听写	dictado
同学	compañero de clase
图书馆	biblioteca
外边	fuera; exterior
外国	país extranjero
外语	lengua extranjera
玩儿	jugar; divertirse
晚饭	cena
晚上	noche; por la noche
网上	en internet
网友	amigo de internet; internauta
忘记	olvidar
我们	nosotros
午饭	almuerzo; comida del mediodía
西边	oeste; lado oeste
洗手间	baño; servicio
喜欢	gustar
下班	salir del trabajo
下边	abajo; debajo
下车	bajar (del coche, autobús)
下次	la próxima vez
下课	terminar la clase
下午	tarde
下雨	llover
先生	señor; esposo
现在	ahora
小孩儿	niño
小姐	señorita
小朋友	niño (forma cariñosa)
小时	hora
小学	escuela primaria
小学生	alumno de primaria
谢谢	gracias
新年	Año Nuevo
星期	semana
星期日	domingo
星期天	domingo
休息	descansar
学生	estudiante; alumno
学习	estudiar; aprender
学校	escuela
学院	facultad; instituto
爷爷	abuelo (paterno)
衣服	ropa
医生	médico
医院	hospital
一半	mitad
一会儿	un rato; enseguida
一块儿	juntos
一下儿	un momento; un poco
一样	igual; lo mismo
一边	un lado; mientras (…一边…)
一点儿	un poco
一起	juntos
一些	algunos; un poco
有的	algunos
有名	famoso
有时候	a veces
有（一）些	algunos; un poco
有用	útil
右边	derecha; lado derecho
再见	adiós; hasta luego
在家	estar en casa
早饭	desayuno
早上	por la mañana (temprano)
怎么	¿cómo?; ¿por qué?
找到	encontrar
这边	aquí; este lado
这里	aquí
这儿	aquí
这些	estos
真的	de verdad; real
正在	estar (haciendo algo)
知道	saber
知识	conocimiento
中国	China
中间	en medio; entre
中文	idioma chino
中午	mediodía
中学	escuela secundaria
中学生	alumno de secundaria
重要	importante
准备	preparar; preparación
桌子	mesa; escritorio
子（桌子）	sufijo de sustantivos (桌子 = mesa)
走路	caminar; ir a pie
最好	lo mejor; más vale
最后	último; al final
昨天	ayer
左边	izquierda; lado izquierdo
坐下	sentarse
爱情	amor (romántico)
爱人	cónyuge; esposo o esposa
安静	tranquilo; silencioso
安全	seguro; seguridad
白色	blanco (color)
班长	jefe de grupo; delegado
办法	manera; solución; recurso
办公室	oficina
半夜	medianoche
帮助	ayudar; ayuda
报名	inscribirse; apuntarse
报纸	periódico
北方	el norte
比如	por ejemplo
比如说	por ejemplo
笔记	apuntes; tomar notas
笔记本	cuaderno; laptop
必须	tener que; deber
变成	convertirse en
表示	expresar; indicar; mostrar
不错	no está mal; bastante bien
不但	no solo (… sino también)
不够	no alcanza; insuficiente
不过	pero; sin embargo; solo
不太	no muy
不要	no (hagas); no quiero
不好意思	qué pena; disculpa
不久	poco después; pronto
不满	insatisfecho; descontento
不如	no ser tan bueno como; más vale
不少	bastantes; muchos
不同	diferente; distinto
不行	no se puede; no sirve
不一定	no necesariamente
不一会儿	al poco rato
部分	parte; porción
菜单	menú
参观	visitar (un lugar)
参加	participar; asistir
草地	pradera; césped
差不多	casi; más o menos
常见	común; frecuente
常用	de uso común
超过	superar; exceder
超市	supermercado
车辆	vehículo
称1	llamar; pesar
成绩	calificaciones; resultados
成为	convertirse en
重复	repetir
重新	de nuevo; otra vez
出发	partir; salir
出国	salir del país; ir al extranjero
出口	salida; exportar
出门	salir de casa
出生	nacer
出现	aparecer; surgir
出院	salir del hospital
出租	alquilar; rentar
出租车	taxi
春节	Fiesta de la Primavera (Año Nuevo chino)
春天	primavera
词典	diccionario
词语	palabra; expresión
从小	desde pequeño
答应	responder; aceptar; prometer
打工	trabajar por horas; trabajo temporal
打算	planear; pensar hacer; plan
打印	imprimir
大部分	la mayor parte
大大	enormemente
大多数	la gran mayoría
大海	mar; océano
大家	todos
大量	gran cantidad
大门	puerta principal
大人	adulto
大声	en voz alta
大小	tamaño
大衣	abrigo
大自然	naturaleza
带来	traer; ocasionar
单位	unidad; lugar de trabajo
但是	pero
当时	en aquel momento
到处	por todas partes
道理	razón; sentido; principio
道路	camino; vía
得出	sacar (una conclusión)
的话	si (…的话)
等到	esperar hasta; para cuando
等于	ser igual a; equivaler
地球	la Tierra
地铁	metro
地铁站	estación de metro
点头	asentir con la cabeza
东北	noreste; Noreste de China
东方	el Oriente; el este
东南	sureste
冬天	invierno
懂得	entender; saber
动物	animal
动物园	zoológico
读音	pronunciación
短信	mensaje de texto
队长	capitán (de equipo)
对话	diálogo; conversar
对面	enfrente
多久	¿cuánto tiempo?
多么	¡qué…!; cuán
多数	mayoría
多云	nublado
而且	además; y también
发现	descubrir; darse cuenta
饭馆	restaurante
方便	cómodo; práctico
方便面	fideos instantáneos
方法	método; manera
方面	aspecto; lado
方向	dirección
放下	dejar; soltar
放心	quedarse tranquilo
分开	separar; separarse
分数	calificación; puntuación; fracción
分钟	minuto
服务	servir; servicio
复习	repasar
改变	cambiar
干杯	¡salud! (brindis)
感到	sentir
感动	conmover; emocionarse
感觉	sensación; sentir
感谢	agradecer; gracias
干活儿	trabajar; hacer faena
刚才	hace un momento
刚刚	justo ahora; recién
高级	avanzado; de alto nivel
高中	preparatoria; bachillerato
个子	estatura
公共汽车	autobús
公交车	autobús (transporte público)
公斤	kilogramo
公里	kilómetro
公路	carretera
公平	justo; imparcial
公司	empresa; compañía
公园	parque
故事	cuento; historia
故意	a propósito
顾客	cliente
关机	apagar (un aparato)
关心	preocuparse por; cuidar
观点	punto de vista
广场	plaza
广告	anuncio; publicidad
国际	internacional
过来	venir (hacia aquí)
过年	celebrar el Año Nuevo
过去	el pasado; pasar (hacia allá)
海边	orilla del mar; playa
好处	ventaja; beneficio
好多	muchos
好久	mucho tiempo
好人	buena persona
好事	algo bueno; buena acción
好像	parecer; como si
合适	adecuado; apropiado
黑板	pizarrón
黑色	negro (color)
红色	rojo (color)
后来	después; más tarde
忽然	de repente
护照	pasaporte
花园	jardín
画家	pintor
画儿	dibujo; cuadro
坏处	desventaja; perjuicio
坏人	mala persona; villano
欢迎	bienvenido; dar la bienvenida
黄色	amarillo (color)
回国	volver al propio país
活动	actividad; moverse
或者	o; tal vez
机会	oportunidad
计划	plan; planear
计算机	computadora
加油	¡ánimo!; cargar gasolina
家（科学家）	sufijo de especialista (科学家 = científico)
家庭	familia; hogar
家长	padres (de un alumno); cabeza de familia
假期	vacaciones
检查	revisar; examinar
见到	ver; encontrarse con
见过	haber visto
健康	salud; sano
讲话	hablar; discurso
交给	entregar a
交朋友	hacer amigos
交通	tráfico; transporte
角度	ángulo; punto de vista
饺子	jiaozi (empanadillas chinas)
叫作	llamarse
教师	maestro; docente
教室	salón de clases
教学	enseñanza
教育	educar; educación
接到	recibir
接受	aceptar
接下来	a continuación
接着	luego; seguir
节目	programa (de TV o radio)
节日	festividad; día festivo
结果	resultado; al final
今后	de ahora en adelante
进入	entrar en
进行	llevar a cabo; realizarse
经常	a menudo; con frecuencia
经过	pasar por; proceso
经理	gerente
酒店	hotel
就要	estar a punto de
举手	levantar la mano
举行	celebrar (una reunión, ceremonia)
句子	oración; frase
开机	encender (un aparato)
开心	contento; pasarla bien
开学	empezar las clases
看法	opinión
考生	candidato (de un examen)
科学	ciencia; científico
可爱	lindo; adorable
可能	posible; quizá
可怕	terrible; espantoso
可是	pero
可以	poder; estar permitido
客人	invitado; cliente
课堂	salón de clases; clase
空气	aire
快餐	comida rápida
快点儿	¡más rápido!
快乐	feliz; alegre
快要	estar a punto de
筷子	palillos (para comer)
来自	venir de
蓝色	azul (color)
篮球	baloncesto
老（老王）	prefijo de confianza ante el apellido (老王)
老年	vejez
老朋友	viejo amigo
老是	siempre (con fastidio)
离开	irse; dejar
礼物	regalo
里头	dentro; interior
理想	ideal; sueño
例如	por ejemplo
例子	ejemplo
练习	practicar; ejercicio
凉快	fresco (agradable)
零下	bajo cero
留下	dejar; quedarse
留学生	estudiante extranjero
流利	fluido (al hablar)
流行	de moda; popular
路边	borde del camino
旅客	viajero; pasajero
旅行	viajar; viaje
旅游	turismo; viajar
绿色	verde (color)
满意	satisfecho
面1	cara; lado; superficie
面2	fideos; harina
面前	delante de; frente a
名称	nombre (de algo)
名单	lista de nombres
明星	estrella; celebridad
目的	objetivo; propósito
拿出	sacar
拿到	conseguir; obtener
那会儿	en aquel entonces
那么	así; tan; entonces
那时候	en ese entonces
那样	así; de esa manera
南方	el sur
难过	triste
难看	feo
难受	sentirse mal
难题	problema difícil
难听	desagradable de oír
能够	poder; ser capaz de
年级	grado; año escolar
年轻	joven
努力	esforzarse; empeño
爬山	subir montañas; senderismo
排队	hacer fila
排球	voleibol
碰到	toparse con; encontrar
碰见	encontrarse (por casualidad)
便宜	barato
漂亮	bonito; guapo
平安	sano y salvo; en paz
平常	normal; común; normalmente
平等	igual; igualdad
平时	normalmente; de costumbre
瓶子	botella
普通	común; ordinario
普通话	chino mandarín estándar
其他	otro; los demás
其中	entre ellos; de ellos
骑车	andar en bicicleta o moto
起飞	despegar
气温	temperatura (del aire)
千克	kilogramo
前年	hace dos años
青年	joven; juventud
青少年	adolescente
清楚	claro; entender bien
晴天	día soleado
请客	invitar (a comer)
请求	pedir; solicitud
秋天	otoño
球场	cancha; campo deportivo
球队	equipo (deportivo)
球鞋	tenis; zapatillas deportivas
取得	obtener; lograr
全部	todo; completo
全国	todo el país; nacional
全家	toda la familia
全年	todo el año
全身	todo el cuerpo
全体	todos; el conjunto
然后	después; luego
热情	cordial; entusiasta; pasión
人口	población
人们	la gente
人数	número de personas
认为	creer; considerar
日报	diario (periódico)
日子	día; fecha; vida
如果	si (condicional)
入口	entrada
商量	consultar; discutir
商人	comerciante
上周	la semana pasada
少数	minoría; pocos
少年	adolescente; joven
身边	al lado de uno
什么样	¿qué tipo de?
生词	palabra nueva
生活	vivir; vida
声音	voz; sonido
十分	muy; totalmente
实际	real; práctico; realidad
实习	hacer prácticas; pasantía
实现	realizar; lograr
实在	de verdad; realmente
食物	comida; alimento
使用	usar; utilizar
市长	alcalde
事情	asunto; cosa
收到	recibir
收入	ingresos
手表	reloj de pulsera
受到	recibir (elogios, educación…)
舒服	cómodo; sentirse bien
数字	número; cifra; digital
水平	nivel
顺利	sin problemas; con éxito
说明	explicar; explicación
司机	chofer; conductor
送到	llevar hasta; entregar en
送给	regalar a
虽然	aunque
随便	como quieras; al azar
随时	en cualquier momento
所以	por eso; así que
所有	todo; todos
它们	ellos (cosas, animales)
太太	señora; esposa
太阳	sol
态度	actitud
讨论	discutir; debatir
特别	especial; especialmente
特点	característica
提出	plantear; proponer
提到	mencionar
提高	elevar; mejorar
体育	deporte; educación física
体育场	estadio
体育馆	gimnasio; polideportivo
天上	el cielo
条件	condición; requisito
听讲	escuchar una clase o conferencia
听说	oír decir; dicen que
停车	estacionar; parar
停车场	estacionamiento
挺好	muy bien
通过	pasar por; aprobar; mediante
通知	avisar; aviso
同时	al mismo tiempo
同事	colega; compañero de trabajo
同样	igual; de la misma manera
头（里头）	sufijo de lugar (里头 = dentro)
头发	cabello; pelo
图片	imagen; foto
外地	otra parte del país
外卖	comida para llevar; a domicilio
完成	terminar; completar
完全	completamente; total
晚安	buenas noches
晚报	periódico vespertino
晚餐	cena
晚会	velada; fiesta de noche
网球	tenis
网站	sitio web
为什么	¿por qué?
味道	sabor
温度	temperatura
问路	preguntar el camino
问题	pregunta; problema
午餐	almuerzo
午睡	siesta
西北	noroeste
西餐	comida occidental
西方	Occidente; el oeste
西南	suroeste
西医	medicina occidental
习惯	costumbre; acostumbrarse
洗衣机	lavadora
洗澡	bañarse; ducharse
下雪	nevar
下周	la semana que viene
夏天	verano
相同	igual; idéntico
相信	creer; confiar
想到	pensar en; ocurrírsele
想法	idea; opinión
想起	recordar; acordarse
相机	cámara (fotográfica)
小（小王）	prefijo cariñoso ante el apellido (小王)
小声	en voz baja
小时候	de niño
小说	novela
小心	tener cuidado
小组	grupo
校园	campus
校长	director (de escuela); rector
笑话	chiste; burlarse
笑话儿	chiste
心里	en el corazón; por dentro
心情	estado de ánimo
心中	en el corazón; en la mente
新闻	noticias
信号	señal
信息	información; mensaje
信心	confianza; seguridad
信用卡	tarjeta de crédito
星星	estrella
行动	acción; actuar
行人	peatón
行为	conducta; comportamiento
姓名	nombre completo
休假	tomar vacaciones
许多	muchos
学期	semestre
颜色	color
眼睛	ojo
样子	aspecto; apariencia
要求	pedir; exigencia; requisito
药店	farmacia
药片	pastilla
药水	jarabe; medicina líquida
也许	quizá; tal vez
夜里	por la noche
一部分	una parte
一定	sin duda; seguramente
一共	en total
一路平安	buen viaje
一路顺风	buen viaje
已经	ya
以后	después; en el futuro
以前	antes
以上	más de; lo anterior
以外	aparte de; fuera de
以为	creer (equivocadamente)
以下	menos de; lo siguiente
椅子	silla
一般	normal; generalmente
一点点	un poquito
一生	toda la vida
一直	todo recto; siempre; sin parar
意见	opinión; sugerencia
意思	significado; idea
因为	porque
阴天	día nublado
音节	sílaba
音乐	música
音乐会	concierto
银行	banco
银行卡	tarjeta bancaria
应该	deber; debería
英文	inglés (idioma)
英语	inglés (idioma)
影片	película
影响	influencia; influir
永远	siempre; para siempre
游客	turista
友好	amistoso
有空儿	tener tiempo libre
有人	alguien; hay alguien
有（一）点儿	un poco; algo (negativo)
有意思	interesante; divertido
语言	idioma; lenguaje
原来	original; resulta que
原因	causa; razón
院长	director (de instituto, hospital)
院子	patio
愿意	estar dispuesto; querer
月份	mes
月亮	luna
越来越	cada vez más
运动	hacer ejercicio; deporte
咱们	nosotros (incluye al oyente)
早餐	desayuno
早晨	madrugada; temprano por la mañana
早就	desde hace tiempo
怎么办	¿qué hacer?
怎么样	¿qué tal?; ¿cómo?
怎样	¿cómo?
站住	detenerse; ¡alto!
长大	crecer
找出	encontrar; descubrir
照顾	cuidar; atender
照片	foto
照相	tomar fotos
这么	tan; así
这时候	en este momento
这样	así; de esta manera
真正	verdadero; de verdad
正常	normal
正好	justo; precisamente
正确	correcto
正是	precisamente
直接	directo; directamente
只能	solo poder; no queda más que
只要	con tal de que; siempre que
中餐	comida china
中级	nivel intermedio
中年	mediana edad
中小学	escuelas primarias y secundarias
中心	centro
中医	medicina tradicional china
重点	punto clave; prioridad
重视	dar importancia; valorar
周末	fin de semana
周年	aniversario
主人	anfitrión; dueño
主要	principal
住房	vivienda
住院	estar hospitalizado
准确	preciso; exacto
自己	uno mismo; propio
自行车	bicicleta
自由	libertad; libre
字典	diccionario de caracteres
走过	pasar (caminando)
走进	entrar (caminando)
走开	irse; apartarse
组成	formar; componer
组长	jefe de grupo
最近	últimamente; recientemente
作家	escritor
作文	redacción
作业	tarea; deberes
作用	función; efecto
座位	asiento
做到	lograr; conseguir
做法	manera de hacer; método
做饭	cocinar
爱心	compasión; amor por los demás
安排	organizar; planificar; arreglos
安装	instalar
按照	según; de acuerdo con
把握	captar; aprovechar; seguridad (de lograr algo)
白菜	col china
班级	grupo; clase (de alumnos)
搬家	mudarse
办理	tramitar; gestionar
保安	guardia de seguridad
保持	mantener; conservar
保存	guardar; conservar
保护	proteger; protección
保留	conservar; reservarse
保险	seguro; asegurar
保证	garantizar; garantía
报到	presentarse; registrarse
报道	informar (noticias); reportaje
报告	informe; informar
北部	parte norte
背后	detrás; a espaldas de
被子	edredón; cobija
本来	originalmente; en principio
本领	habilidad; capacidad
本事	habilidad; capacidad
比较	comparar; relativamente
比例	proporción
比赛	competencia; partido
必然	inevitable; necesariamente
必要	necesario
变化	cambio; cambiar
变为	convertirse en
标题	título; encabezado
标准	estándar; norma
表达	expresar
表格	formulario; tabla
表面	superficie; apariencia
表明	dejar claro; manifestar
表现	mostrar; desempeño; comportamiento
表演	actuación; actuar; espectáculo
并且	y además
播出	transmitir (por TV o radio)
播放	transmitir; reproducir
不必	no hace falta
不断	continuo; sin cesar
不论	no importa (qué, quién, cómo)
补充	complementar; añadir
不安	inquieto; intranquilo
不得不	no tener más remedio que
不光	no solo
不仅	no solo
部门	departamento; sección
部长	ministro; jefe de departamento
才能	talento; capacidad
采取	adoptar (medidas)
采用	adoptar; usar
彩色	a color; multicolor
曾经	alguna vez; antes
产生	surgir; producir
长城	la Gran Muralla
长处	punto fuerte; virtud
长期	a largo plazo
场合	ocasión; situación
场所	lugar; sitio
超级	súper
吵架	pelear; discutir
衬衫	camisa; blusa
衬衣	camisa
称为	llamarse; ser conocido como
成功	éxito; tener éxito
成果	resultado; logro
成就	logro; éxito
成立	fundar; establecer
成熟	maduro; madurar
成员	miembro
成长	crecer; desarrollarse
城市	ciudad
程度	grado; nivel
持续	continuar; durar
充满	lleno de
初（初一）	prefijo de los primeros días (初一 = día 1)
初步	inicial; preliminar
初级	elemental; básico
初中	secundaria (primer ciclo)
除了	además de; excepto
处理	tratar; manejar; resolver
传播	difundir; propagar
传来	llegar (un sonido, una noticia)
传说	leyenda
创新	innovar; innovación
创业	emprender (un negocio)
创造	crear
创作	crear (obra artística); creación
从来	siempre; nunca (con negación)
从前	antes; érase una vez
从事	dedicarse a
存在	existir; existencia
错误	error; equivocado
达到	alcanzar; lograr
打破	romper
打听	preguntar; averiguar
大概	probablemente; aproximadamente
大使馆	embajada
大约	aproximadamente
大夫	médico
代表	representante; representar
代表团	delegación
带动	impulsar
带领	guiar; dirigir
单元	unidad; lección
当初	en un principio
当地	local
当然	por supuesto
当中	en medio; entre
导演	director (de cine); dirigir
到达	llegar
到底	al final; ¿… de una vez? (en preguntas)
得分	anotar puntos; puntuación
等待	esperar
底下	debajo
地区	región; zona
电视剧	serie de televisión
电视台	canal de televisión
电台	emisora de radio
电子邮件	correo electrónico
调查	investigar; encuesta
定期	periódico; regular
东部	parte este
动力	fuerza motriz; motivación
动人	conmovedor
读者	lector
短处	defecto; punto débil
短裤	pantalón corto
短期	a corto plazo
队员	miembro del equipo
对待	tratar (a alguien)
对方	la otra parte; el otro
对手	rival; oponente
对象	objeto; pareja (novio, novia)
发表	publicar
发出	emitir; enviar
发达	desarrollado
发动	poner en marcha; lanzar
发明	inventar; invento
发生	ocurrir; suceder
发送	enviar
发言	hablar (en público); intervención
发展	desarrollo; desarrollar
反对	oponerse
反复	repetidamente
反应	reacción; reaccionar
反正	de todas formas
范围	alcance; ámbito
方式	manera; forma
防止	prevenir; evitar
房东	casero; arrendador
房屋	casa; vivienda
房租	renta; alquiler
访问	visitar; visita
放到	poner en
飞行	volar; vuelo
费用	gasto; costo
分别	despedirse; respectivamente; distinguir
分配	distribuir; asignar
分组	dividir en grupos
丰富	rico; abundante; enriquecer
风险	riesgo
否定	negar; negativo
否认	negar
服装	ropa; vestimenta
父母	padres
父亲	padre
负责	ser responsable de
复印	fotocopiar
复杂	complicado
改进	mejorar
改造	transformar; reformar
概念	concepto
赶到	llegar a toda prisa
赶紧	enseguida; deprisa
赶快	rápido; de inmediato
感冒	resfriado; resfriarse
感情	sentimientos; afecto
感受	sentir; experiencia
干吗	¿qué haces?; ¿para qué?
高速	alta velocidad
高速公路	autopista
告别	despedirse
歌迷	fan (de un cantante)
歌声	canto; voz al cantar
歌手	cantante
个人	individuo; personal
个性	personalidad
各地	todas partes
各位	todos ustedes
各种	todo tipo de
各自	cada uno; respectivo
根本	fundamental; en absoluto
更加	todavía más
工厂	fábrica
工程师	ingeniero
工夫	tiempo; esfuerzo
工具	herramienta
工业	industria
工资	salario; sueldo
公布	anunciar; publicar
公共	público
公开	público; hacer público
公民	ciudadano
公务员	funcionario público
功夫	kung-fu; habilidad; esfuerzo
功课	tarea; lección
功能	función
共同	común; conjunto
共有	en total hay
姑娘	muchacha; chica
古代	antigüedad; tiempos antiguos
故乡	tierra natal
关系	relación; importar
关注	prestar atención; seguir
观察	observar
观看	ver; mirar
观念	concepto; idea
观众	público; espectadores
管理	administrar; gestión
光明	luz; brillante (futuro)
广播	radiodifusión; transmitir
广大	vasto; amplio
规定	estipular; norma
规范	norma; estándar
国内	nacional; interior del país
国庆	Día Nacional
果然	tal como se esperaba
果汁	jugo de fruta
过程	proceso
哈哈	¡ja, ja!
海关	aduana
害怕	tener miedo
好好	bien; con cuidado
好奇	curioso; curiosidad
合法	legal
合格	aprobado; calificado
合理	razonable
合作	cooperar; colaboración
和平	paz
红茶	té negro
红酒	vino tinto
后果	consecuencia
后面	detrás; parte de atrás
后年	dentro de dos años
互联网	internet
互相	mutuamente
划船	remar
华人	persona de origen chino
化（现代化）	sufijo -izar (现代化 = modernizar)
话剧	teatro (obra moderna)
话题	tema (de conversación)
欢乐	alegría
环保	protección ambiental; ecológico
环境	medio ambiente; entorno
会议	reunión; conferencia
会员	socio; miembro
机器	máquina
积极	activo; positivo
基本	básico; fundamental
基本上	básicamente
基础	base; fundamento
及时	a tiempo; oportuno
…极了	sumamente; muchísimo
集体	colectivo
集中	concentrar
计算	calcular
记录	registrar; registro
记者	periodista
纪录	récord; registro
纪念	conmemorar; recuerdo
技术	técnica; tecnología
继续	continuar
加工	procesar; procesamiento
加快	acelerar
加强	fortalecer; reforzar
家具	muebles
家属	familiares
家乡	tierra natal
价格	precio
价钱	precio
价值	valor
坚持	perseverar; insistir
坚决	firme; decidido
坚强	fuerte; firme
简单	sencillo; simple
简直	simplemente; realmente
建成	terminar de construir
建立	establecer; fundar
建设	construir; construcción
建议	sugerir; sugerencia
将近	casi; cerca de
将来	el futuro; en el futuro
交费	pagar una cuota
交警	policía de tránsito
交流	intercambio; comunicarse
交往	tratar con; relacionarse
交易	transacción; comerciar
教材	material didáctico
教练	entrenador
结实	resistente; robusto
接待	recibir; atender
接近	acercarse
节约	ahorrar
结合	combinar; unir
结婚	casarse
结束	terminar
解决	resolver
解开	desatar; resolver
金牌	medalla de oro
仅仅	solo; solamente
尽量	en lo posible
紧急	urgente; emergencia
紧张	nervioso; tenso
进步	progreso; progresar
进一步	más a fondo; un paso más
进展	avance; progresar
近期	próximamente; recientemente
京剧	ópera de Pekín
经济	economía; económico
经历	vivir (una experiencia); experiencia
经验	experiencia
经营	dirigir (un negocio)
精彩	magnífico; espléndido
精神	espíritu; mente; enérgico
景色	paisaje
警察	policía
就是	precisamente; es decir
就业	conseguir empleo; empleo
举办	organizar (un evento)
具体	concreto; específico
具有	tener; poseer
剧场	teatro
据说	se dice que
决定	decidir; decisión
决赛	final (de una competencia)
决心	determinación
绝对	absoluto; absolutamente
咖啡	café
开发	explotar; desarrollar
开放	abrir; abierto al público
开始	empezar; comienzo
开业	abrir un negocio
开展	llevar a cabo; desarrollar
看起来	parece que
看上去	parece que
考验	prueba; poner a prueba
科技	ciencia y tecnología
可靠	confiable
可乐	refresco de cola
克服	superar
客观	objetivo
课程	curso; asignatura
空调	aire acondicionado
恐怕	me temo que; quizá
空儿	tiempo libre
裤子	pantalón
快速	rápido
困难	difícil; dificultad
浪费	desperdiciar
老百姓	gente común
老板	jefe; dueño
老太太	señora mayor
老头儿	viejito
乐观	optimista
类似	similar
离婚	divorciarse
里面	dentro; interior
理发	cortarse el pelo
理解	comprender
理论	teoría
理由	razón; motivo
力量	fuerza
立刻	inmediatamente
利用	aprovechar; utilizar
连忙	enseguida
连续	continuo; seguido
连续剧	serie (de TV)
联合	unir; conjunto
联合国	Naciones Unidas
联系	contacto; ponerse en contacto
凉水	agua fría
领导	líder; dirigir
领先	ir a la cabeza
另外	además; otro
另一方面	por otro lado
留学	estudiar en el extranjero
录音	grabar sonido; grabación
路线	ruta
旅馆	hotel; hostal
旅行社	agencia de viajes
绿茶	té verde
落后	atrasado; quedarse atrás
麻烦	molestia; molesto; molestar
满足	satisfacer; satisfecho
慢慢	despacio; poco a poco
毛病	defecto; falla; mala costumbre
没用	inútil
媒体	medios de comunicación
美好	hermoso; bueno
美丽	hermoso; bello
美食	buena comida; manjar
美术	bellas artes; pintura
美元	dólar estadounidense
面对	enfrentar; hacer frente a
面积	superficie; área
民间	popular; del pueblo
民族	etnia; nación
明确	claro; definido; aclarar
明显	evidente; obvio
命运	destino
母亲	madre
木头	madera; tronco
目标	meta; objetivo
目前	actualmente
奶茶	té con leche
男子	hombre; varón
南部	parte sur
难道	¿acaso…?
难度	dificultad
内容	contenido
内心	interior; en el fondo
能不能	¿se puede?; ¿puedes?
能力	capacidad
年初	principios de año
年代	década; época
年底	fin de año
年纪	edad
农村	campo; zona rural
农民	campesino
农业	agricultura
女子	mujer
暖和	templado; cálido
排名	clasificación; ranking
牌子	letrero; marca
判断	juzgar; juicio
跑步	correr; trotar
配合	coordinarse; cooperar
批评	criticar; crítica
批准	aprobar; autorizar
皮包	bolso; portafolio
啤酒	cerveza
票价	precio del boleto
评价	evaluar; valoración
苹果	manzana
破坏	destruir; dañar
普遍	general; generalizado
普及	popularizar; difundir
其次	en segundo lugar
其实	en realidad
奇怪	extraño; raro
气候	clima
千万	sin falta; diez millones
前后	alrededor de; de principio a fin
前进	avanzar
前面	delante; adelante
前往	dirigirse a
强大	poderoso; fuerte
强调	recalcar; enfatizar
强烈	intenso; fuerte
亲切	cordial; afectuoso
亲人	seres queridos; familiares
亲自	en persona
情感	emoción; sentimiento
情况	situación; circunstancia
请教	pedir consejo; consultar
庆祝	celebrar
球迷	aficionado (al fútbol, etc.)
区别	diferencia; distinguir
取消	cancelar
去世	fallecer
全场	todos los presentes
全面	integral; completo
全球	mundial; global
缺点	defecto; desventaja
缺少	carecer; faltar
确保	asegurar; garantizar
确定	confirmar; seguro
确实	en efecto; realmente
裙子	falda
热爱	amar profundamente
热烈	caluroso; entusiasta
人才	talento; persona talentosa
人工	artificial; mano de obra
人类	humanidad
人民	el pueblo
人民币	renminbi (yuan)
人群	multitud
人生	vida
人员	personal
认出	reconocer
认得	reconocer; conocer
认可	aprobar; reconocimiento
任何	cualquier
任务	tarea; misión
仍然	todavía; aún
日常	cotidiano; diario
容易	fácil
如何	cómo
散步	pasear; dar un paseo
沙发	sofá
沙子	arena
伤心	triste; con el corazón roto
商品	mercancía; producto
商业	comercio; negocio
上来	subir (hacia aquí)
上面	encima; arriba
上去	subir (hacia allá)
上升	subir; ascender
上衣	chaqueta; prenda de arriba
设备	equipo; instalaciones
设计	diseñar; diseño
设立	establecer; fundar
社会	sociedad
身份证	documento de identidad
深刻	profundo
深入	a fondo; profundizar
生产	producir; producción
生存	sobrevivir; existencia
生动	vívido; animado
生命	vida
生意	negocio
生长	crecer
声明	declarar; declaración
胜利	victoria
失去	perder
石头	piedra
石油	petróleo
时代	época; era
时刻	momento; en todo momento
实际上	de hecho; en realidad
实力	fuerza; poder real
实行	poner en práctica
实验	experimento
实验室	laboratorio
食品	alimento; comestibles
始终	de principio a fin; siempre
世纪	siglo
世界	mundo
世界杯	Copa del Mundo
市场	mercado
事故	accidente
事件	suceso; incidente
事实	hecho
事实上	de hecho
事业	carrera; causa; empresa
试题	pregunta de examen
试验	prueba; experimento
适合	ser adecuado; convenir
适应	adaptarse
适用	aplicable
收费	cobrar
收看	ver (un programa de TV)
收听	escuchar (la radio)
收音机	radio (aparato)
手续	trámites
手指	dedo
首都	capital
首先	en primer lugar
受伤	herirse; herido
书架	librero; estantería
输入	introducir; importar
熟人	conocido
属于	pertenecer a
数量	cantidad
双方	ambas partes
思想	pensamiento; ideología
速度	velocidad
所长	director (de instituto)
谈话	conversar; conversación
谈判	negociar; negociación
特色	característica; rasgo distintivo
提前	adelantar; con anticipación
提问	preguntar
题目	tema; título; pregunta
体会	comprender (por experiencia); vivencia
体现	reflejar; plasmar
体验	experimentar
天空	cielo
调整	ajustar; ajuste
跳高	salto de altura
跳舞	bailar
跳远	salto de longitud
铁路	ferrocarril
听力	comprensión auditiva; oído
听众	oyentes; público
停止	detener; parar
通常	normalmente
通信	comunicarse; correspondencia
同意	estar de acuerdo
痛苦	dolor; sufrimiento
头脑	mente; cabeza
突出	destacado; resaltar
突然	repentino; de repente
图画	dibujo; ilustración
团结	unir; unidad
团体	grupo; organización
推动	impulsar
推广	promover; difundir
推进	hacer avanzar
推开	abrir (empujando); apartar
退出	retirarse; salir
退休	jubilarse
外交	diplomacia
外面	fuera; exterior
外文	lengua extranjera (escrita)
完美	perfecto
完善	perfeccionar; completo
完整	íntegro; completo
玩具	juguete
往往	a menudo; con frecuencia
危害	perjudicar; daño
危险	peligro; peligroso
伟大	grande; grandioso
卫生	higiene; limpio
卫生间	baño
为了	para; con el fin de
温暖	cálido
文化	cultura
文件	documento; archivo
文明	civilización; civilizado
文学	literatura
文章	artículo; texto
文字	escritura; texto
握手	darse la mano
屋子	cuarto; habitación
武器	arma
武术	artes marciales
舞台	escenario
西部	parte oeste
希望	esperar; esperanza
下来	bajar (hacia aquí)
下面	debajo; a continuación
下去	bajar (hacia allá); continuar
先进	avanzado
显得	parecer
显然	evidentemente
显示	mostrar
现场	lugar de los hechos; en vivo
现代	moderno; época moderna
现金	efectivo
现实	realidad; realista
现象	fenómeno
相比	comparar
相当	bastante; equivaler
相关	relacionado
相互	mutuo
相似	parecido; similar
香蕉	plátano
消费	consumir; consumo
消失	desaparecer
消息	noticia; información
效果	efecto; resultado
写作	escribir; escritura
信封	sobre (de carta)
信任	confiar; confianza
行李	equipaje
形成	formar; formarse
形式	forma
形象	imagen
形状	forma; figura
幸福	felicidad; feliz
幸运	afortunado; suerte
性（积极性）	sufijo de cualidad (积极性 = entusiasmo)
性别	sexo; género
性格	carácter; personalidad
修改	modificar; corregir
需求	demanda; necesidad
需要	necesitar; necesidad
宣布	anunciar; declarar
宣传	promocionar; propaganda
选手	competidor; atleta
学费	colegiatura
训练	entrenar; entrenamiento
压力	presión; estrés
眼前	ante los ojos; ahora
演唱	cantar (en público)
演唱会	concierto
演出	actuación; presentarse
演员	actor; actriz
阳光	luz del sol
要是	si (condicional)
衣架	gancho de ropa
一切	todo
以来	desde (entonces)
一方面	por un lado
艺术	arte
意外	inesperado; accidente
意义	significado; sentido
因此	por lo tanto
银牌	medalla de plata
印象	impresión
应当	deber; debería
迎接	recibir; dar la bienvenida
营养	nutrición
影视	cine y televisión
应用	aplicar; aplicación
优点	ventaja; virtud
优势	ventaja; superioridad
由于	debido a
邮件	correo
邮票	estampilla; sello
邮箱	buzón; correo electrónico
游戏	juego
游泳	nadar; natación
有的是	haber de sobra
有利	favorable
有效	eficaz; válido
预报	pronóstico
预防	prevenir
预计	prever; estimar
预习	preparar la lección
员（服务员）	sufijo de oficio (服务员 = mesero)
员工	empleado; personal
愿望	deseo
乐队	banda (de música)
运输	transporte; transportar
杂志	revista
早已	hace mucho; ya
造成	causar; provocar
责任	responsabilidad
增加	aumentar
增长	crecer; aumento
展开	desplegar; llevar a cabo
者（志愿者）	sufijo de persona (志愿者 = voluntario)
真实	verdadero; real
争取	luchar por; esforzarse por
整个	todo; entero
整理	ordenar; organizar
整齐	ordenado; parejo
整体	conjunto; todo
整天	todo el día
整整	entero; completo
正式	oficial; formal
证件	documento (de identidad)
证据	prueba; evidencia
证明	demostrar; certificado
支持	apoyar; apoyo
支付	pagar
直播	transmisión en vivo
直到	hasta (que)
值得	valer la pena
职工	empleado; trabajador
职业	profesión
只好	no tener más remedio que
只是	solo; pero
只有	solo; solo si
指出	señalar
指导	guiar; orientar
至今	hasta ahora
至少	al menos
志愿	aspiración; voluntario
志愿者	voluntario
制定	elaborar; formular
制度	sistema; régimen
制造	fabricar
制作	elaborar; producir
中部	parte central
中华民族	la nación china
终于	por fin
种子	semilla
重大	importante; grave
周围	alrededor; entorno
主持	presidir; conducir (un programa)
主动	por iniciativa propia
主任	director; jefe
主意	idea; plan
主张	sostener; postura
注意	prestar atención
抓住	agarrar; atrapar
专家	experto
专门	especialmente; especializado
专题	tema especial
专业	carrera; especialidad
转变	transformar; cambio
状况	situación; estado
状态	estado; condición
资格	requisitos; derecho
资金	fondos; capital
子女	hijos e hijas
自从	desde (que)
自动	automático
自觉	consciente; por voluntad propia
自然	naturaleza; natural
自身	uno mismo
自主	autónomo; independiente
总结	resumir; resumen
总是	siempre
足够	suficiente
足球	fútbol
组合	combinar; combinación
左右	alrededor de; izquierda y derecha
作品	obra
作者	autor
做客	ser invitado; visitar
阿姨	tía; señora; niñera
矮小	bajito; pequeño
爱国	patriota; amar a la patria
爱护	cuidar; proteger con cariño
安置	acomodar; reubicar
按时	a tiempo; puntualmente
暗示	insinuar; insinuación
巴士	autobús
百货	mercancías variadas; grandes almacenes
摆动	oscilar; balancearse
摆脱	librarse de
办事	hacer trámites; ocuparse de asuntos
包裹	paquete; envolver
包含	contener; incluir
包括	incluir
宝宝	bebé; cariño
宝贝	tesoro; cariño
宝贵	valioso; precioso
宝石	piedra preciosa
保密	guardar el secreto
保守	conservador
背景	fondo; antecedentes; contexto
被迫	verse obligado
本科	licenciatura (estudios universitarios)
比分	marcador
毕业	graduarse
毕业生	graduado; egresado
避免	evitar
辩论	debate; debatir
标志	señal; símbolo; logo
表情	expresión (facial)
表扬	elogiar
冰箱	refrigerador
冰雪	hielo y nieve
不要紧	no importa; no es grave
不在乎	no importarle a uno
不管	no importa; sin importar
不然	si no; de lo contrario
布置	decorar; disponer
步行	ir a pie
材料	material; datos
财产	bienes; propiedad
财富	riqueza
采访	entrevistar; entrevista
参考	consultar; referencia
参与	participar
操场	patio de recreo; campo deportivo
操作	operar; manejar
测量	medir
测试	prueba; probar
茶叶	hojas de té
产品	producto
长途	larga distancia
常识	sentido común; cultura general
唱片	disco (de música)
抄写	copiar a mano
潮流	tendencia; corriente
潮湿	húmedo
彻底	a fondo; completo
沉默	silencioso; callar
沉重	pesado; grave
称赞	elogiar
成人	adulto
诚实	honesto
诚信	honradez; buena fe
承担	asumir; encargarse
承认	admitir; reconocer
承受	soportar; aguantar
程序	procedimiento; programa
吃惊	sorprenderse
迟到	llegar tarde
尺寸	tamaño; medidas
尺子	regla (para medir)
充电	cargar (la batería)
充电器	cargador
充分	suficiente; pleno
虫子	insecto; bicho
抽奖	sorteo; rifa
抽烟	fumar
出色	sobresaliente; destacado
出售	vender; a la venta
出席	asistir; estar presente
处于	encontrarse en (una situación)
穿上	ponerse (ropa)
传统	tradición; tradicional
窗户	ventana
窗台	alféizar
窗子	ventana
春季	primavera (estación)
纯净水	agua purificada
词汇	vocabulario
此外	además
刺激	estimular; emocionante
从此	desde entonces
粗心	descuidado
促进	promover; fomentar
促使	impulsar a; inducir
促销	promoción (de ventas)
措施	medida
答案	respuesta; solución
打败	derrotar
打雷	tronar
打扫	limpiar; barrer
打折	hacer descuento
打针	poner una inyección
大巴	autobús grande
大多	en su mayoría
大方	generoso; elegante
大哥	hermano mayor
大规模	a gran escala
大会	asamblea; congreso
大姐	hermana mayor
大楼	edificio
大陆	continente; China continental
大妈	tía; señora (mayor)
大型	grande; a gran escala
大爷	tío; señor (mayor)
大众	el público; las masas
代替	sustituir; reemplazar
待遇	trato; sueldo
担保	garantizar; avalar
担任	ocupar (un cargo)
担心	preocuparse
单纯	sencillo; puro; inocente
单调	monótono
单独	solo; por separado
导游	guía turístico
导致	provocar; conducir a
倒闭	quebrar; cerrar (un negocio)
倒车	cambiar de transporte; dar marcha atrás
得意	orgulloso de sí mismo
灯光	luz; iluminación
登记	registrarse; inscribirse
登录	iniciar sesión; registrar
登山	escalar montañas; montañismo
的确	en efecto
敌人	enemigo
地面	suelo; superficie
地位	posición; estatus
地下	subterráneo
地址	dirección
典型	típico; caso típico
点名	pasar lista; mencionar por nombre
电灯	luz eléctrica; foco
电动车	vehículo eléctrico
电梯	elevador; ascensor
电源	fuente de energía
冬季	invierno (estación)
动画片	dibujos animados
动摇	vacilar; tambalear
豆腐	tofu
独立	independiente; independencia
独特	único; singular
独自	a solas
堵车	embotellamiento
肚子	barriga; estómago
度过	pasar (el tiempo)
锻炼	hacer ejercicio; forjar
对比	contraste; comparar
对付	hacer frente a; arreglárselas
对于	en cuanto a; respecto a
多次	muchas veces
多年	muchos años
多样	diverso; variado
多种	varios tipos de
恶心	náuseas; asqueroso
儿童	niño
而是	sino
耳机	audífonos
二手	de segunda mano
发挥	desplegar; aprovechar al máximo
发票	factura
发烧	tener fiebre
法官	juez
法律	ley
法院	tribunal
翻译	traducir; traductor
反而	al contrario
反映	reflejar
方案	plan; propuesta
方针	directriz; política
放松	relajarse
分布	distribuirse; distribución
分散	dispersar
分手	separarse; terminar (una relación)
分为	dividir en
…分之…	(fracciones: 三分之一 = un tercio)
纷纷	uno tras otro
奋斗	luchar; esforzarse
风格	estilo
风景	paisaje
风俗	costumbre
封闭	cerrar; sellar
否则	de lo contrario
夫妇	matrimonio; esposos
夫妻	marido y mujer
夫人	señora; esposa
符号	símbolo; signo
符合	corresponder a; cumplir
付出	dedicar; pagar
负担	carga; cargar con
附近	cerca; alrededores
复制	copiar
改善	mejorar
改正	corregir
概括	resumir
感兴趣	tener interés
高潮	clímax; auge
高价	precio alto
高尚	noble
高铁	tren de alta velocidad
格外	especialmente
隔开	separar
个别	individual; unos pocos
个体	individuo
各个	cada uno
根据	según; base
工程	ingeniería; obra
公元	era común (d. C.)
供应	suministrar
构成	constituir; formar
构造	estructura
购买	comprar
购物	ir de compras
骨头	hueso
固定	fijo; fijar
关闭	cerrar
关于	sobre; acerca de
官方	oficial
光临	honrar con su visita
光盘	disco compacto (CD)
规律	regularidad; ley
规模	escala; dimensión
规则	regla
果实	fruto
过分	excesivo
海水	agua de mar
海鲜	mariscos
含量	contenido (cantidad)
含义	significado implícito
含有	contener
寒假	vacaciones de invierno
寒冷	frío
行业	sector; ramo
航班	vuelo
航空	aviación
毫米	milímetro
毫升	mililitro
好友	buen amigo
号码	número
合同	contrato
黑暗	oscuridad; oscuro
红包	sobre rojo (con dinero)
后头	detrás; después
呼吸	respirar
忽视	ignorar; descuidar
护士	enfermera
怀念	extrañar; añorar
怀疑	dudar; sospechar
缓解	aliviar
黄瓜	pepino
黄金	oro
回复	responder; respuesta
汇报	informar; rendir cuentas
汇率	tipo de cambio
婚礼	boda
伙伴	compañero
或许	quizás
获得	obtener; conseguir
获奖	ganar un premio
获取	obtener
几乎	casi
机构	organismo; institución
机遇	oportunidad
积累	acumular
激动	emocionarse; emocionado
激烈	intenso; reñido
及格	aprobar (un examen)
极其	sumamente
即将	a punto de
急忙	apresuradamente
集合	reunirse; conjunto
记载	registrar; registro escrito
纪律	disciplina
技巧	técnica; habilidad
季度	trimestre
季节	estación (del año)
既然	ya que
加班	hacer horas extra
加入	unirse; añadir
加油站	gasolinera
家务	quehaceres domésticos
假如	si; en caso de que
坚固	sólido; firme
检测	detectar; examinar
减肥	bajar de peso
减少	reducir; disminuir
简历	currículum
健身	hacer ejercicio
渐渐	poco a poco
讲究	cuidar los detalles; exigente
讲座	conferencia; charla
奖金	premio en dinero; bono
奖学金	beca
降低	bajar; reducir
降价	bajar el precio
降落	aterrizar; descender
降温	bajar la temperatura
交换	intercambiar
交际	relaciones sociales
教授	profesor (universitario)
教训	lección; sermonear
阶段	etapa; fase
街道	calle; barrio
节省	ahorrar
结构	estructura
结论	conclusión
姐妹	hermanas
解释	explicar; explicación
尽快	lo antes posible
紧密	estrecho; íntimo
尽力	hacer todo lo posible
进口	importar
近代	época moderna
禁止	prohibir
经典	clásico
精力	energía
竟然	inesperadamente
镜头	lente; toma (cine)
镜子	espejo
究竟	al fin y al cabo; ¿…realmente?
酒吧	bar
居民	residente; habitante
居住	residir; vivir
巨大	enorme
具备	poseer; contar con
距离	distancia
聚会	reunión; fiesta
角色	papel; personaje
开花	florecer
开水	agua hervida
看不起	despreciar
看来	al parecer
看望	visitar (a alguien)
考察	inspeccionar; estudiar en el terreno
考虑	considerar; pensar
可见	se ve que
空间	espacio
口袋	bolsillo; bolsa
口语	lengua hablada
会计	contador; contabilidad
快递	mensajería; paquetería
宽广	amplio; vasto
矿泉水	agua mineral
扩大	ampliar
扩展	expandir
括号	paréntesis
垃圾	basura
拉开	abrir (tirando); separar
来不及	no dar tiempo
来得及	dar tiempo
来源	fuente; origen
老公	marido
老家	pueblo natal
老婆	esposa
老实	honesto; obediente
乐趣	placer; diversión
泪水	lágrimas
类型	tipo
冷静	calmado; sereno
厘米	centímetro
离不开	no poder prescindir de
力气	fuerza (física)
历史	historia
立即	inmediatamente
利息	interés (bancario)
利益	beneficio; interés
良好	bueno
粮食	cereales; alimentos
两边	ambos lados
疗养	convalecer; reposo
了不起	extraordinario; increíble
了解	entender; conocer
列车	tren
列入	incluir (en una lista)
列为	clasificar como
临时	temporal; de último momento
零食	botana; golosinas
流传	difundirse; transmitirse
楼梯	escalera
陆地	tierra firme
陆续	uno tras otro
录取	admitir (en una escuela)
律师	abogado
轮船	barco de vapor
轮椅	silla de ruedas
轮子	rueda
论文	tesis; ensayo
毛巾	toalla
毛衣	suéter
帽子	sombrero; gorra
没错	así es; correcto
没法儿	no hay manera
没想到	no esperaba
美金	dólar estadounidense
美女	mujer hermosa
梦见	soñar con
梦想	sueño; soñar con
秘密	secreto
秘书	secretario
密码	contraseña
密切	estrecho; cercano
免费	gratis
面临	enfrentarse a
面试	entrevista (de trabajo)
描述	describir
描写	describir; retratar
名牌儿	marca famosa
名片	tarjeta de presentación
名人	celebridad; persona famosa
模特儿	modelo (de moda)
模型	modelo; maqueta
默默	en silencio
哪怕	aunque; incluso si
男女	hombres y mujeres
男士	caballero; señor
难免	inevitable
脑袋	cabeza
闹钟	despertador
内部	interior; interno
内科	medicina interna
能干	capaz; hábil
宁静	tranquilo; sereno
女士	señora; dama
暖气	calefacción
拍照	tomar una foto
排列	ordenar; disponer en fila
盘子	plato; bandeja
胖子	gordo; persona gorda
培训	capacitar; capacitación
培训班	curso de capacitación
培养	formar; cultivar
培育	criar; cultivar
片面	parcial; unilateral
品质	calidad; carácter
平方	cuadrado (m², etc.)
平静	tranquilo; calmado
平均	promedio; en promedio
平稳	estable; suave
迫切	urgente
破产	quebrar; bancarrota
妻子	esposa
期待	esperar con ilusión; expectativa
期间	período; durante
期末	fin de semestre
期限	plazo
期中	mitad del semestre
其余	el resto; los demás
企业	empresa
气球	globo
汽水	refresco gaseoso
汽油	gasolina
器官	órgano
前头	delante; adelante
前途	futuro; porvenir
巧克力	chocolate
亲爱	querido
亲密	íntimo; cercano
青春	juventud
轻松	relajado; ligero
轻易	fácilmente; a la ligera
清醒	lúcido; despierto
情景	escena; situación
穷人	los pobres
秋季	otoño (estación)
趋势	tendencia
权利	derecho
确认	confirmar
然而	sin embargo
燃料	combustible
燃烧	arder; quemar
热闹	animado; bullicioso
热心	entusiasta; servicial
人家	los demás; otra persona
日记	diario (personal)
日历	calendario
如今	hoy en día
色彩	colorido; color
森林	bosque
闪电	relámpago
善良	bondadoso
善于	ser bueno en
伤害	herir; dañar
商务	comercio; negocios
上个月	el mes pasado
上楼	subir las escaleras
上门	visitar; a domicilio
设施	instalaciones
设置	instalar; configurar
申请	solicitar; solicitud
身材	figura; complexión
身份	identidad; condición
身高	estatura
深厚	profundo
神话	mito; leyenda
神秘	misterioso
甚至	incluso
失败	fracasar; fracaso
失望	decepcionado
失业	desempleo; perder el trabajo
诗人	poeta
实施	implementar
实用	práctico
食堂	comedor
使劲	esforzarse; con fuerza
士兵	soldado
市区	zona urbana; centro
似的	como si
事物	cosa; objeto
事先	de antemano
试卷	hoja de examen
是否	si (… o no)
收回	recuperar; retirar
收获	cosechar; fruto
收益	ganancia
手工	hecho a mano
手里	en la mano
手术	operación; cirugía
手套	guante
受不了	no aguantar
售货员	dependiente; vendedor
叔叔	tío (hermano menor del padre)
舒适	cómodo; acogedor
熟练	diestro; experto
暑假	vacaciones de verano
树林	bosque; arboleda
树叶	hojas de árbol
数据	datos
数码	digital
刷牙	cepillarse los dientes
刷子	cepillo
帅哥	chico guapo
率先	ser el primero
睡着	quedarse dormido
顺序	orden; secuencia
说不定	quizás; a lo mejor
说服	convencer
思考	reflexionar
似乎	parece que
松树	pino
塑料	plástico
塑料袋	bolsa de plástico
酸奶	yogur
随手	de paso; al pasar
孙女	nieta
孙子	nieto
缩短	acortar
缩小	reducir; achicar
台阶	escalón
台上	en el escenario
套餐	menú del día; paquete
特价	precio especial
特殊	especial; particular
特征	rasgo; característica
提供	ofrecer; proporcionar
提醒	recordar (a alguien); avisar
体操	gimnasia
体检	chequeo médico
体重	peso (corporal)
替代	sustituir
天真	ingenuo; inocente
填空	llenar espacios en blanco
挑选	escoger
调皮	travieso
挑战	desafío; desafiar
停下	detenerse
通知书	notificación por escrito
同情	compadecer; compasión
童话	cuento de hadas
童年	infancia
统计	estadística; contar
统一	unificar; unificado
痛快	encantado; a gusto
投入	dedicarse a; invertir
投诉	quejarse; queja
投资	invertir; inversión
透明	transparente
图案	diseño; motivo
途中	en el camino
土地	tierra; terreno
推迟	posponer
推销	vender; promocionar
袜子	calcetines
外汇	divisas
外交官	diplomático
外套	abrigo; chaqueta
晚点	retrasado
万一	por si acaso
网络	red; internet
网址	dirección web
微笑	sonrisa; sonreír
微信	WeChat
围巾	bufanda
维持	mantener
维护	defender; proteger
维修	mantenimiento; reparar
尾巴	cola
未必	no necesariamente
未来	futuro
位于	estar ubicado en
位置	posición; lugar
味儿	sabor; olor
稳定	estable
问候	saludar; saludos
无法	no poder
无聊	aburrido
无论	no importa (qué, cómo)
无数	innumerable
无所谓	dar igual
无限	ilimitado
五颜六色	multicolor
误会	malentendido; malinterpretar
西瓜	sandía
吸管	popote; pajita
吸收	absorber
吸烟	fumar
吸引	atraer
喜爱	querer; gustar mucho
系列	serie
系统	sistema
细节	detalle
细致	minucioso; meticuloso
下个月	el mes que viene
下降	bajar; descender
下楼	bajar las escaleras
下载	descargar
夏季	verano (estación)
鲜花	flores frescas
鲜明	vivo; nítido
显著	notable
限制	limitar; restricción
相处	convivir; llevarse
相反	contrario; al contrario
箱子	caja; maleta
想念	extrañar
想象	imaginar; imaginación
项目	proyecto; prueba (deportiva)
相片	foto
消化	digerir
销售	vender; ventas
小吃	antojito; bocadillo
小伙子	muchacho; chavo
小型	pequeño
效率	eficiencia
心理	psicología
新郎	novio (en la boda)
新娘	novia (en la boda)
新鲜	fresco
新型	nuevo tipo
兴奋	emocionado
形容	describir
形势	situación
型号	modelo
兴趣	interés
性质	naturaleza; carácter
兄弟	hermanos
胸部	pecho
修理	reparar; arreglar
选择	elegir; elección
学分	crédito (académico)
学年	año escolar
学时	hora de clase
学术	académico
学问	conocimiento; saber
寻找	buscar
迅速	rápido
牙刷	cepillo de dientes
亚运会	Juegos Asiáticos
延长	alargar; prolongar
延期	posponer; aplazar
延续	continuar
严格	estricto
严重	grave; serio
研究	investigar; investigación
研究生	estudiante de posgrado
研制	desarrollar
眼镜	lentes; gafas
眼泪	lágrima
眼里	a los ojos de
演讲	dar un discurso
阳台	balcón
养成	adquirir (un hábito)
药物	medicamento
业余	aficionado; en el tiempo libre
叶子	hoja
医疗	atención médica
医学	medicina (ciencia)
依靠	depender de; apoyarse en
依然	todavía; como antes
一律	sin excepción
一再	repetidamente
一致	unánime; coherente
移动	moverse; móvil
移民	inmigrante; emigrar
遗产	herencia; patrimonio
遗传	heredar; herencia genética
疑问	duda; pregunta
以及	así como; y
以内	dentro de; menos de
一般来说	en general
义务	deber; obligación
议论	comentar; hablar de
引导	guiar; orientar
引进	introducir; importar
引起	provocar; causar
英勇	heroico; valiente
营业	abrir (un negocio); atender
赢得	ganar; conseguir
影子	sombra
勇敢	valiente
勇气	valor; valentía
用途	uso; utilidad
优良	excelente; bueno
优美	elegante; bello
优秀	sobresaliente
邮局	oficina de correos
有劲儿	con fuerza; enérgico
有趣	interesante; divertido
有限	limitado
幼儿园	kínder; jardín de niños
于是	entonces; así que
语法	gramática
语音	pronunciación; voz
玉米	maíz
预测	predecir
预订	reservar
遇到	encontrarse con
遇见	encontrarse con
原料	materia prima
原则	principio
圆满	satisfactorio; perfecto
约会	cita
月底	fin de mes
阅读	leer; lectura
运动会	competencia deportiva
运动员	atleta; deportista
运气	suerte
运用	utilizar; aplicar
再三	una y otra vez
在乎	importarle a uno
在于	radicar en
赞成	estar a favor
赞赏	apreciar; elogiar
赞助	patrocinar
造型	forma; estilo
战斗	combate; luchar
战胜	vencer
战士	soldado; guerrero
战争	guerra
丈夫	esposo
招呼	saludar; llamar
着火	incendiarse
着急	preocuparse; tener prisa
召开	convocar (una reunión)
针对	dirigido a
争论	discutir; debate
征服	conquistar
征求	solicitar (opiniones)
政府	gobierno
政治	política
之后	después
之间	entre
之前	antes
之一	uno de
植物	planta
指挥	dirigir; director
制订	elaborar; formular
质量	calidad
治疗	tratar (una enfermedad); tratamiento
智力	inteligencia
智能	inteligente
中介	intermediario; agencia
种类	tipo; clase
中奖	ganar un premio (lotería)
种植	cultivar; plantar
重量	peso
逐步	paso a paso
逐渐	gradualmente
主题	tema
主席	presidente
祝福	bendición; desear lo mejor
著名	famoso
著作	obra (escrita)
抓紧	aprovechar; darse prisa
专心	concentrarse
转动	girar
转告	transmitir (un mensaje)
转身	darse la vuelta
转弯	dar vuelta; girar
转移	trasladar
装修	remodelar; decoración
装置	dispositivo; instalar
追求	perseguir (una meta)
准时	puntual
资料	material; información
资源	recursos
自信	seguro de sí mismo; confianza
字母	letra (del alfabeto)
综合	integral; combinado
总共	en total
总理	primer ministro
总统	presidente (de un país)
总之	en resumen
阻止	impedir
嘴巴	boca
最初	al principio
作出	hacer; tomar (una decisión)
作为	como; en calidad de
做梦	soñar
安慰	consolar; consuelo
岸上	en tierra; en la orilla
按摩	masaje; dar masaje
白酒	baijiu (licor chino)
拜访	visitar; hacer una visita
扮演	interpretar (un papel)
包围	rodear; cercar
包装	empaquetar; empaque
保卫	defender
保养	cuidar; dar mantenimiento
报答	corresponder; pagar (un favor)
报警	llamar a la policía; dar la alarma
抱怨	quejarse
背包	mochila
悲剧	tragedia
悲伤	triste; tristeza
北极	Polo Norte
被动	pasivo
本人	yo mismo; uno mismo
鼻子	nariz
比方	ejemplo; por ejemplo
比重	proporción
彼此	mutuamente; el uno al otro
必需	indispensable
毕竟	al fin y al cabo
闭幕	clausurar; bajar el telón
闭幕式	ceremonia de clausura
边境	frontera
编辑	editar; editor
变动	cambio; cambiar
便利	conveniente; facilitar
便条	nota; recado
便于	fácil de; conveniente para
宾馆	hotel
饼干	galleta
病毒	virus
玻璃	vidrio
博客	blog
博览会	exposición; feria
博士	doctor (grado académico)
博物馆	museo
薄弱	débil
不顾	sin importar; a pesar de
不利	desfavorable
不耐烦	impaciente
不幸	desgracia; desafortunado
不易	no es fácil
补偿	compensar
补贴	subsidio
不曾	nunca (antes)
不得了	terrible; muchísimo
不敢当	no merezco tanto (respuesta a un elogio)
不良	malo; nocivo
不免	inevitablemente
不能不	no poder dejar de; tener que
不时	de vez en cuando
不停	sin parar
不许	no permitir; prohibido
不止	más de; no solo
不足	insuficiente; deficiencia
部位	parte (del cuerpo)
猜测	suponer; conjetura
裁判	árbitro; juzgar
采购	comprar; adquisición
彩票	billete de lotería
餐馆	restaurante
餐厅	comedor; restaurante
餐饮	alimentos y bebidas; restauración
草原	pradera; estepa
层次	nivel; capa
叉子	tenedor
差别	diferencia
差距	brecha; diferencia
查询	consultar
差（一）点儿	casi; por poco
拆除	demoler; desmontar
产业	industria; propiedad
长度	longitud
长寿	longevidad
尝试	intentar
厂长	director de fábrica
场面	escena; situación
倡导	promover; abogar por
超越	superar; trascender
车主	dueño del vehículo
称2	llamar; pesar
称号	título; denominación
成本	costo
成交	cerrar un trato
成效	resultado; efecto
成语	chengyu (expresión de cuatro caracteres)
承办	encargarse de; organizar
城里	en la ciudad
乘车	ir en coche o transporte
乘客	pasajero
乘坐	viajar en; tomar (un medio de transporte)
吃力	costoso; agotador
池子	estanque; alberca
冲动	impulso; impulsivo
冲突	conflicto
充足	suficiente; abundante
出版	publicar
出差	viajar por trabajo
出汗	sudar
出于	por; debido a
初期	etapa inicial
除非	a menos que
除夕	Nochevieja (del año lunar)
厨房	cocina
处罚	castigar; sanción
处分	sancionar; sanción
处在	encontrarse en
传达	transmitir
传递	transmitir; pasar
传真	fax
窗帘	cortina
创立	fundar; crear
辞典	diccionario
辞职	renunciar (al trabajo)
此后	después de esto
此刻	en este momento
此时	ahora; en este momento
聪明	inteligente; listo
从而	de este modo
从中	de ello
存款	depósito bancario; ahorrar
达成	alcanzar (un acuerdo)
答复	responder; respuesta
打扮	arreglarse; vestirse
打包	empacar; pedir para llevar
打击	golpear; combatir
打架	pelearse
打扰	molestar
大胆	audaz; atrevido
大都	en su mayoría
大纲	esquema; programa
大伙儿	todos
大奖赛	gran premio
大脑	cerebro
大事	gran acontecimiento
大厅	vestíbulo; sala
大象	elefante
大熊猫	panda gigante
大于	mayor que
大致	aproximadamente
代价	precio; costo
代理	actuar en nombre de; agente
带有	tener; llevar consigo
贷款	préstamo
单一	único
胆小	miedoso; tímido
蛋糕	pastel
当场	en el acto
当代	época actual; contemporáneo
当年	en aquel entonces
当前	actual
当选	ser elegido
到来	llegada
倒是	en cambio; sin embargo
道德	moral; ética
得了	¡basta!; ¡ya está!
得以	poder; lograr
等候	esperar
等级	nivel; categoría
低于	inferior a
地带	zona
地形	terreno; relieve
地震	terremoto
递给	pasarle (algo a alguien)
典礼	ceremonia
点燃	encender
电池	batería; pila
电饭锅	olla arrocera
电子版	versión digital
调动	trasladar; movilizar
动机	motivo
动手	poner manos a la obra
动态	dinámica; novedades
动员	movilizar
豆制品	productos de soya
对立	oponerse; oposición
对应	corresponder
儿女	hijos
耳朵	oreja; oído
二维码	código QR
发布	publicar; anunciar
发觉	darse cuenta
发射	lanzar; disparar
发行	publicar; emitir
罚款	multa; multar
法规	normativa; leyes
法制	estado de derecho
繁荣	próspero
返回	regresar
防治	prevenir y tratar
放大	ampliar
放弃	renunciar; abandonar
分成	dividir en
分解	descomponer
分类	clasificar
分离	separar
分析	analizar; análisis
分享	compartir
丰收	buena cosecha
风度	porte; elegancia
风光	paisaje
疯狂	loco; frenético
服从	obedecer
幅度	amplitud; magnitud
福利	bienestar; prestaciones
辅助	auxiliar; ayudar
负责人	responsable; encargado
附件	anexo; archivo adjunto
改革	reforma; reformar
干脆	directo; simplemente
干扰	interferir; interferencia
干预	intervenir
感想	impresiones
钢笔	pluma fuente
钢琴	piano
高大	alto; imponente
高度	altura; alto grado
高跟鞋	zapatos de tacón
高温	alta temperatura
高于	superior a
高原	meseta
搞好	hacer bien
歌曲	canción
隔壁	al lado; vecino
个儿	estatura; tamaño
跟前	delante de; cerca
跟随	seguir
更换	cambiar; reemplazar
更新	actualizar; renovar
工艺	artesanía; técnica
工作日	día laborable
公告	anuncio; aviso
公认	reconocido por todos
公式	fórmula
公正	justo; imparcial
共计	en total
共享	compartir
沟通	comunicarse
估计	estimar; calcular
古老	antiguo
鼓励	animar; alentar
鼓掌	aplaudir
顾问	asesor
关怀	cuidado; interés
关键	clave
冠军	campeón
光荣	honor; glorioso
光线	luz; iluminación
广泛	amplio; extenso
规划	planificar; plan
柜子	armario
国籍	nacionalidad
国民	ciudadanos
过度	excesivo
过敏	alergia; alérgico
过于	demasiado
好运	buena suerte
号召	llamar a; convocar
合并	fusionar
合成	sintetizar; componer
盒饭	comida en caja
盒子	caja
贺卡	tarjeta de felicitación
后悔	arrepentirse
胡同儿	callejón (hutong)
胡子	barba; bigote
华语	idioma chino
化石	fósil
划分	dividir; delimitar
画面	imagen; escena
环节	eslabón; etapa
慌忙	a toda prisa
灰色	gris
恢复	recuperar; restablecer
回报	recompensa; corresponder
回避	evitar; eludir
回顾	repasar; mirar atrás
回收	reciclar
回头	volver la cabeza; luego
回信	responder (una carta)
回忆	recordar; recuerdos
汇款	enviar dinero; giro
会谈	conversaciones
活力	vitalidad
活泼	vivaz; animado
火柴	cerillo; fósforo
火腿	jamón
火灾	incendio
或是	o
机器人	robot
机制	mecanismo
肌肉	músculo
基地	base
基金	fondo
即使	aunque; incluso si
集团	grupo (empresarial)
记忆	memoria; recordar
技能	habilidad
继承	heredar
加热	calentar
加上	añadir; además
加速	acelerar
加以	(verbo de apoyo: aplicar)
驾驶	conducir; pilotar
驾照	licencia de manejo
坚定	firme
艰苦	duro; arduo
艰难	difícil
检验	inspeccionar; verificar
减轻	aliviar; reducir
剪刀	tijeras
剪子	tijeras
间接	indirecto
建造	construir
建筑	edificio; construir
健全	sólido; completo
键盘	teclado
将要	ir a; estar por
奖励	recompensar; premio
交代	encargar; explicar
郊区	afueras; suburbio
胶带	cinta adhesiva
胶水	pegamento
脚步	paso
接触	contacto; tocar
接连	seguido; uno tras otro
解除	eliminar; levantar
解放	liberar; liberación
今日	hoy
尽管	aunque; a pesar de
紧紧	estrechamente; con fuerza
尽可能	en lo posible
进化	evolución
近来	últimamente
经费	fondos; presupuesto
景象	escena; panorama
警告	advertir; advertencia
竞赛	competencia; concurso
竞争	competir; competencia
酒鬼	borracho
救灾	socorrer en un desastre
居然	inesperadamente
局面	situación
局长	director (de oficina)
举动	acción; gesto
拒绝	rechazar
俱乐部	club
剧本	guion
决不	de ninguna manera
绝望	desesperación
军人	militar; soldado
开幕	inaugurar
开幕式	ceremonia de inauguración
看成	considerar como
看出	notar; darse cuenta
看待	ver; considerar
考核	evaluar
烤肉	carne asada
烤鸭	pato laqueado
靠近	acercarse
可怜	pobre; lamentable
可惜	qué lástima
渴望	anhelar
客户	cliente
客气	cortés; ceremonioso
客厅	sala de estar
课题	tema; problema de estudio
肯定	seguro; afirmar
空中	en el aire
控制	controlar
口号	lema; eslogan
快活	alegre
宽度	anchura
困扰	molestar; preocupar
来信	carta recibida
朗读	leer en voz alta
浪漫	romántico
劳动	trabajo
礼拜	semana; culto
礼貌	cortesía; educado
厉害	terrible; impresionante
立场	postura
利润	ganancias
例外	excepción
连接	conectar
联络	contactar
联想	asociar ideas
脸盆	palangana
脸色	tez; semblante
恋爱	amor; enamorarse
两岸	ambas orillas
邻居	vecino
铃声	timbre; tono de llamada
领带	corbata
流动	fluir; circular
流通	circular
漏洞	fuga; laguna
逻辑	lógica
落实	poner en práctica
码头	muelle
买卖	comercio; compraventa
漫长	largo; interminable
漫画	historieta; cómic
毛笔	pincel (de escritura)
矛盾	contradicción
贸易	comercio
煤气	gas
门诊	consulta externa
迷人	encantador
迷信	superstición
面貌	aspecto; cara
面子	reputación; dignidad (quedar bien)
敏感	sensible
明亮	brillante; luminoso
明明	claramente; obviamente
命令	orden; ordenar
模范	modelo; ejemplar
模仿	imitar
模糊	borroso; vago
模式	modo; patrón
摩擦	fricción
摩托	motocicleta
模样	aspecto; apariencia
目光	mirada
耐心	paciencia; paciente
男性	varón; sexo masculino
南北	norte y sur
南极	Polo Sur
难得	raro; difícil de conseguir
难以	difícil de
脑子	cerebro; mente
内在	interno; intrínseco
能量	energía
年度	año (fiscal, escolar)
年龄	edad
年前	antes de fin de año
牛仔裤	jeans; pantalón de mezclilla
农产品	productos agrícolas
女性	mujer; sexo femenino
偶尔	de vez en cuando
偶然	casual; por casualidad
偶像	ídolo
拍摄	filmar; fotografiar
排除	excluir; eliminar
赔偿	indemnizar; compensación
配备	equipar; dotar
配套	formar un conjunto; complementario
皮肤	piel
皮鞋	zapatos de piel
脾气	carácter; mal genio
骗子	estafador
频道	canal (de TV)
频繁	frecuente
品（工艺品）	sufijo de artículo (工艺品 = artesanía)
品种	variedad; raza
平坦	llano; plano
平原	llanura
评估	evaluar; evaluación
评论	comentar; comentario
葡萄	uva
葡萄酒	vino
期望	esperar; expectativa
齐全	completo
启动	poner en marcha
启发	inspirar; inspiración
启事	aviso; anuncio
起到	desempeñar (un papel)
起码	por lo menos
气体	gas
气象	meteorología; clima
签订	firmar (un tratado, contrato)
签名	firmar; firma
签约	firmar un contrato
签证	visa
签字	firmar; firma
前景	perspectivas
前提	premisa; condición previa
强度	intensidad; resistencia
墙壁	pared
抢救	rescatar; salvar
强迫	obligar; forzar
悄悄	en silencio; a escondidas
敲门	tocar la puerta
勤奋	diligente; trabajador
清晨	madrugada
清理	limpiar; ordenar
情节	trama
情形	situación
晴朗	despejado
区域	zona; región
全都	todos; todo
全世界	todo el mundo
缺乏	carecer de
确立	establecer
群体	grupo; colectivo
群众	las masas; el público
热量	calor; calorías
热门	popular; de moda
人间	el mundo humano
人力	mano de obra
人士	personalidad; persona
人物	personaje
忍不住	no poder contenerse
忍受	soportar
认定	sostener; determinar
仍旧	todavía; como antes
如此	así; tan
如同	como
如下	como sigue
入门	iniciación; introducción
软件	software; programa
散文	prosa; ensayo
杀毒	desinfectar; quitar virus
沙漠	desierto
山区	zona montañosa
扇子	abanico
商标	marca registrada
上级	superior (jerárquico)
上下	de arriba abajo; aproximadamente
上涨	subir (precios)
稍微	un poco
舍不得	no querer separarse de; dar pena
舍得	estar dispuesto a dar
设想	imaginar; suponer
社区	comunidad; barrio
射击	disparar; tiro
摄像	grabar en video
摄像机	videocámara
摄影	fotografía
摄影师	fotógrafo
深处	lo más profundo
深度	profundidad
神经	nervio
神奇	mágico; milagroso
神情	expresión; semblante
升高	elevar; subir
生成	generar
胜负	victoria o derrota
剩下	quedar; sobrar
失误	error; fallo
师傅	maestro (oficio); señor
诗歌	poesía
十足	total; absoluto
时常	a menudo
时光	tiempo; época
时机	ocasión; momento oportuno
时事	actualidad
实惠	económico; ventajoso
使得	hacer que; provocar
示范	demostrar; dar ejemplo
势力	poder; influencia
试图	intentar
视频	video
视为	considerar como
收购	comprar; adquirir
收集	recoger; coleccionar
收拾	ordenar; recoger
手段	medio; método
手法	técnica
寿司	sushi
受灾	afectado por un desastre
书法	caligrafía
书柜	librero
书桌	escritorio
输出	salida; exportar
蔬菜	verduras
熟悉	conocer bien; familiar
鼠标	ratón (de computadora)
数目	cantidad; número
摔倒	caerse
率领	dirigir; encabezar
双手	ambas manos
水产品	productos acuáticos
水分	humedad; agua
水库	embalse; presa
水灾	inundación
睡眠	sueño (dormir)
说法	versión; manera de decir
硕士	maestría
私人	privado; personal
思维	pensamiento
四周	alrededor
搜索	buscar
宿舍	dormitorio; residencia
酸甜苦辣	las alegrías y penas de la vida
随后	poco después
随意	a voluntad
随着	a medida que; junto con
岁月	años; tiempo
损害	dañar; perjuicio
损失	pérdida; perder
所在	lugar
台风	tifón
抬头	levantar la cabeza
太空	espacio exterior
逃跑	huir
逃走	escapar; huir
桃花	flor de durazno
桃树	durazno (árbol)
讨厌	odiar; detestar; molesto
特定	específico; determinado
特性	característica
特有	propio de; característico
提倡	promover
提起	mencionar; levantar
提示	indicar; pista
题材	tema
体积	volumen
体力	fuerza física
天才	genio; talento
天然气	gas natural
天文	astronomía
调节	regular; ajustar
调解	mediar
停留	permanecer; quedarse
通用	de uso general
偷偷	a escondidas
突破	avance; romper barreras
土豆	papa
团长	jefe de delegación
推行	implementar
脱离	separarse de
外界	mundo exterior
完了	se acabó
微博	Weibo
为难	poner en aprietos; incómodo
为期	con duración de
为止	hasta
为主	principalmente
违法	ilegal
违反	violar (una ley)
违规	infringir las reglas
围绕	girar en torno a
唯一	único
委托	encargar; confiar
卫星	satélite
慰问	consolar; dar el pésame
温和	suave; moderado
文艺	literatura y arte
卧室	recámara; dormitorio
污染	contaminar; contaminación
污水	aguas residuales
无奈	sin remedio
无疑	sin duda
物价	precios
物业	inmueble; administración del edificio
物质	materia; material
误解	malentendido
西红柿	tomate
西装	traje
喜剧	comedia
戏剧	teatro; drama
先后	sucesivamente
先前	antes
鲜艳	vistoso; colorido
现有	existente
现状	situación actual
线索	pista
乡村	campo; aldea
相等	igual
相应	correspondiente
香肠	salchicha
详细	detallado
享受	disfrutar
向导	guía
向前	hacia adelante
向上	hacia arriba
相声	diálogo cómico (xiangsheng)
象征	símbolo; simbolizar
消除	eliminar
消毒	desinfectar
消防	bomberos; prevención de incendios
消费者	consumidor
消极	negativo; pasivo
小偷儿	ladrón; carterista
协议	acuerdo
协议书	contrato; acuerdo escrito
心态	actitud; mentalidad
心疼	doler el corazón; querer mucho
辛苦	duro; cansado
欣赏	apreciar; admirar
信念	convicción
信箱	buzón
行驶	circular (vehículo)
形态	forma
性能	rendimiento; prestaciones
雄伟	majestuoso
休闲	ocio; descanso
修复	restaurar; reparar
修建	construir
修养	cultura; educación
虚心	modesto
许可	permitir; permiso
选修	cursar como optativa
学科	disciplina; materia
学位	título académico
学者	erudito; académico
寻求	buscar
询问	preguntar
押金	depósito; fianza
鸭子	pato
亚军	segundo lugar
延伸	extenderse
严厉	severo
严肃	serio; solemne
言语	palabras; habla
研究所	instituto de investigación
眼光	visión; criterio
邀请	invitar; invitación
摇头	negar con la cabeza
也好	está bien; mejor así
业务	negocio; trabajo profesional
夜间	por la noche
一流	de primera
依法	según la ley
依旧	como antes; todavía
依据	según; base
依照	según
一辈子	toda la vida
一带	zona; alrededores
一旦	en cuanto; una vez que
一句话	en una palabra
一路	todo el camino
一下子	de golpe; de repente
一向	siempre
以便	para que
以往	en el pasado
一口气	de un tirón
一身	todo el cuerpo
意识	conciencia; darse cuenta
意味着	significar
意志	voluntad
因而	por lo tanto
饮料	bebida
饮食	alimentación
印刷	imprimir; impresión
硬件	hardware
拥抱	abrazar
拥有	poseer
用不着	no hace falta
用户	usuario
用来	servir para
用于	usarse en
优惠	descuento; preferencial
优先	prioridad; tener prioridad
幽默	humor; gracioso
尤其	especialmente
由此	de ahí
犹豫	dudar; titubear
游泳池	alberca; piscina
友谊	amistad
有毒	venenoso
有害	dañino
有力	poderoso; enérgico
有利于	ser beneficioso para
有着	tener
羽毛球	bádminton
羽绒服	chamarra de plumas
雨水	agua de lluvia
预备	preparar
预期	prever; esperado
元旦	Año Nuevo (1 de enero)
园林	jardín
原理	principio
原始	primitivo; original
原先	originalmente
原有	original
远处	a lo lejos
约束	restringir
月饼	pastel de luna
月球	la Luna
阅览室	sala de lectura
运行	funcionar; operar
灾害	desastre
灾难	catástrofe
灾区	zona de desastre
再次	otra vez
再也	nunca más
在场	estar presente
在内	incluido
暂时	temporal; por ahora
暂停	pausar
糟糕	¡qué mal!; terrible
早期	etapa temprana
增产	aumentar la producción
增大	aumentar; agrandar
增多	aumentar (en número)
增强	fortalecer
赠送	regalar; obsequiar
展览	exposición; exhibir
展示	mostrar; exhibir
展现	mostrar; desplegar
占领	ocupar (territorio)
占有	poseer; ocupar
涨价	subir de precio
掌握	dominar; controlar
招生	admitir alumnos
招手	saludar con la mano
珍贵	precioso; valioso
珍惜	apreciar; valorar
珍珠	perla
真诚	sincero
真理	verdad
真相	la verdad (de los hechos)
诊断	diagnosticar
振动	vibrar; vibración
震惊	conmocionar
争议	controversia
正版	original (no pirata)
正规	formal; regular
正如	tal como
正义	justicia; justo
证实	confirmar
证书	certificado
挣钱	ganar dinero
之内	dentro de
之外	fuera de; aparte de
之下	bajo; debajo de
之中	en medio de
支出	gastos; gastar
支配	dominar; disponer
执行	ejecutar
直线	línea recta
值班	estar de turno
职能	función
职位	puesto
职务	cargo
只不过	solo; nada más
只见	solo se ve
指标	indicador; meta
指甲	uña
指示	indicar; instrucción
指责	criticar; reprochar
制成	fabricar; hecho de
制约	restringir; condicionar
治安	orden público
治理	gobernar; controlar
中断	interrumpir
中秋节	Fiesta del Medio Otoño
中央	central; centro
中药	medicina tradicional china
终点	meta; punto final
终身	de por vida
终止	terminar; poner fin
中毒	intoxicarse
众多	numerosos
周期	ciclo; período
竹子	bambú
主办	organizar; ser anfitrión
主导	dominante; dirigir
主观	subjetivo
主管	encargado; responsable
主体	cuerpo principal; sujeto
助理	asistente
助手	ayudante
注册	registrarse
注射	inyectar
注视	mirar fijamente
注重	dar importancia
祝贺	felicitar; felicidades
专辑	álbum
专利	patente
转化	transformar
转换	cambiar; convertir
转让	transferir; ceder
转向	cambiar de dirección
装饰	decorar; decoración
资本	capital
资产	bienes; activos
资助	financiar; patrocinar
子弹	bala
仔细	cuidadoso; con atención
自豪	orgulloso
自杀	suicidarse
自愿	voluntario
总裁	presidente (de empresa)
总数	total
总算	por fin
总体	en general; conjunto
阻碍	obstaculizar
组织	organizar; organización
尊敬	respetar
尊重	respetar
遵守	cumplir; respetar (normas)
挨着	junto a; al lado de
挨打	recibir una paliza
安检	control de seguridad
罢工	huelga; hacer huelga
罢了	nada más (partícula final)
白领	oficinista; de cuello blanco
百分点	punto porcentual
办公	trabajar en la oficina
办事处	oficina; agencia
办学	dirigir una escuela
半决赛	semifinal
傍晚	al anochecer
保健	cuidado de la salud
报刊	prensa; periódicos y revistas
报考	inscribirse a un examen
抱歉	lamentar; disculparse
暴风雨	tormenta
暴力	violencia
暴露	exponer; revelar
暴雨	aguacero
爆发	estallar
爆炸	explosión; explotar
悲惨	trágico; miserable
背心	chaleco; camiseta sin mangas
背着	a espaldas de
被告	acusado; demandado
奔跑	correr
本地	local
本期	este período; este número
本身	en sí mismo
本土	local; tierra natal
本质	esencia
笔试	examen escrito
必将	sin duda
必修	obligatorio (materia)
边缘	borde; margen
编制	elaborar; plantilla
变更	modificar
变换	transformar; variar
变形	deformarse
便是	precisamente es
遍地	por todas partes
表面上	en apariencia
病房	sala de hospital
病情	estado del paciente
拨打	marcar (un número)
波动	fluctuar
波浪	ola
不便	inconveniente
不见	no ver; desaparecer
不料	inesperadamente
不再	ya no
不至于	no llegar a tanto
补考	examen de recuperación
补课	recuperar una clase
补习	tomar clases de refuerzo
补助	subsidio; ayuda
不成	no sirve; ¿acaso…?
不禁	no poder evitar
不仅仅	no solo
不通	bloqueado; no tener sentido
不怎么	no muy
不怎么样	no gran cosa
不值	no valer la pena
布满	estar cubierto de
部队	tropas; ejército
采纳	adoptar; aceptar
参赛	participar en una competencia
参展	participar en una exposición
残疾	discapacidad
残疾人	persona con discapacidad
残酷	cruel
仓库	almacén
操纵	manejar; manipular
厕所	baño; sanitario
测定	medir; determinar
策划	planear; organizar
策略	estrategia
层面	nivel; aspecto
差异	diferencia
查出	descubrir; averiguar
查看	revisar; examinar
拆迁	demoler y reubicar
产量	producción
昌盛	próspero
长短	longitud; pros y contras
长假	vacaciones largas
长久	duradero
长跑	carrera de fondo
长远	a largo plazo
常规	convencional; rutina
常年	todo el año
厂商	fabricante
场地	terreno; cancha
场馆	instalación deportiva
场景	escena
畅通	fluido; despejado
超出	exceder
炒股	especular en la bolsa
炒作	publicitar; inflar (en medios)
车号	número de vehículo
车牌	placa (de vehículo)
车展	salón del automóvil
撤离	evacuar; retirarse
撤销	anular; deshacer
成分	componente; ingrediente
成品	producto terminado
承诺	prometer; promesa
城区	zona urbana
城乡	ciudad y campo
城镇	ciudades y pueblos
持有	poseer; tener
冲击	impacto; golpear
重建	reconstruir
重组	reorganizar
崇拜	adorar; admiración
宠物	mascota
出场	salir a escena
出动	salir; movilizar
出访	visita oficial al extranjero
出路	salida; futuro
出面	intervenir en persona
出名	famoso; hacerse famoso
出入	entrar y salir; discrepancia
出事	tener un accidente
出台	lanzar (una política)
出行	salir de viaje
初等	elemental
厨师	cocinero; chef
储存	almacenar
处处	en todas partes
处长	jefe de sección
传出	difundirse
传媒	medios
传输	transmitir; transmisión
传言	rumor
船员	tripulante
船长	capitán (de barco)
船只	barco; embarcación
窗口	ventana; ventanilla
创办	fundar
创建	crear; fundar
创意	creatividad; idea original
此处	aquí
此次	esta vez
此前	antes de esto
此事	este asunto
此致	atentamente (en cartas)
次数	número de veces
从不	nunca
从没	nunca (antes)
村庄	aldea; pueblo
错过	perder (una oportunidad, un tren)
搭档	compañero; colaborar
搭配	combinar
打动	conmover
打断	interrumpir
打发	despachar; matar el tiempo
打官司	pleitear; demandar
打牌	jugar a las cartas o mahjong
打印机	impresora
打造	forjar; crear
大道	avenida
大街	calle principal
大力	enérgicamente
大米	arroz
大批	gran cantidad
大赛	gran concurso
大师	gran maestro
大使	embajador
待会儿	en un rato
担忧	preocuparse
单打	individual (deportes)
诞生	nacer
当成	considerar como
当天	ese mismo día
当作	tratar como
档案	expediente; archivo
到期	vencer; caducar
盗版	pirata (copia ilegal)
道教	taoísmo
道歉	pedir perdón
低头	bajar la cabeza
低温	baja temperatura
抵达	llegar
抵抗	resistir
地板	suelo; piso
地名	nombre de lugar
地下室	sótano
电车	tranvía; trolebús
电动	eléctrico
电力	energía eléctrica
电器	electrodoméstico
调研	investigar
定价	fijar el precio
定时	programar; a hora fija
定位	posicionar; localizar
动画	animación
斗争	lucha
都市	metrópoli
毒品	drogas
赌博	apostar; juego de azar
端午节	Festival del Bote del Dragón
短片	cortometraje
队伍	filas; equipo
对抗	enfrentarse
对外	exterior
多半	la mayoría; probablemente
多方面	en muchos aspectos
多媒体	multimedia
夺取	tomar; conquistar
恩人	benefactor
儿科	pediatría
发病	enfermarse; brote
发电	generar electricidad
发放	repartir; otorgar
发怒	enfurecerse
发起	iniciar; promover
发言人	portavoz
发炎	inflamarse
法庭	tribunal
法语	francés (idioma)
番茄	tomate
凡是	todo lo que
繁殖	reproducirse
反抗	rebelarse; resistir
反问	contestar con otra pregunta
反响	repercusión
犯规	cometer falta
犯罪	delito; cometer un delito
防范	prevenir; precaución
防守	defender
房价	precio de la vivienda
仿佛	como si
飞船	nave espacial
飞行员	piloto
分工	división del trabajo
分裂	dividirse
愤怒	indignado; ira
风暴	tormenta
峰会	cumbre
奉献	dedicar; entrega
佛教	budismo
父女	padre e hija
父子	padre e hijo
妇女	mujer
复苏	recuperarse; reactivación
富人	rico
富有	rico; lleno de
改装	modificar; reacondicionar
干涉	interferir
赶不上	no alcanzar
赶忙	apresurarse
赶上	alcanzar
敢于	atreverse a
感人	conmovedor
刚好	justo; exactamente
岗位	puesto
港口	puerto
高层	alto nivel; rascacielos
高档	de alta gama
高等	superior
高峰	cima; hora pico
高考	examen de acceso a la universidad
高科技	alta tecnología
高手	experto; maestro
稿子	borrador; manuscrito
歌唱	cantar
歌词	letra (de canción)
歌星	estrella de la canción
革新	innovar; innovación
更是	aún más
工商	industria y comercio
公安	seguridad pública
公鸡	gallo
公众	el público
公主	princesa
攻击	atacar; ataque
供给	suministrar
巩固	consolidar
贡献	contribuir; contribución
构建	construir
孤独	solitario
孤儿	huérfano
姑姑	tía (hermana del padre)
古典	clásico
股东	accionista
股票	acción (bolsa)
故障	avería; falla
关爱	cariño; cuidar
关联	relacionado
观光	turismo
官司	pleito
管道	tubería; canal
光辉	resplandor; glorioso
广阔	amplio; vasto
轨道	vía; órbita
国产	nacional (producto)
国歌	himno nacional
国会	congreso; parlamento
国旗	bandera nacional
国王	rey
果酱	mermelada
果树	árbol frutal
过渡	transición
过后	después
过时	pasado de moda
海报	cartel; póster
海底	fondo del mar
海军	marina; armada
海浪	ola
海外	en el extranjero
海湾	bahía; golfo
海洋	océano
好（不）容易	con mucha dificultad
好似	parecer
好转	mejorar
好学	estudioso
合约	contrato
和谐	armonía; armonioso
核心	núcleo
黑夜	noche
很难说	es difícil decir
衡量	medir; sopesar
宏大	grandioso
洪水	inundación
忽略	pasar por alto
互动	interactuar
户外	al aire libre
花费	gastar; gasto
花瓶	florero
花生	cacahuate; maní
化解	resolver; disipar
幻想	fantasía; fantasear
患者	paciente
皇帝	emperador
回应	responder; respuesta
会见	reunirse con
会长	presidente (de asociación)
绘画	pintura; dibujar
混合	mezclar
混乱	caótico
活跃	activo; animado
火箭	cohete
机动车	vehículo motorizado
机关	organismo; mecanismo
机械	maquinaria; mecánico
基督教	cristianismo
激情	pasión
吉利	de buena suerte
吉祥	auspicioso
极端	extremo
急救	primeros auxilios
疾病	enfermedad
给予	dar; conceder
加盟	unirse; franquicia
家电	electrodomésticos
家园	hogar; patria
嘉宾	invitado de honor
假日	día festivo
监测	monitorear
监督	supervisar
简介	breve introducción
鉴定	evaluar; peritaje
将军	general (militar)
讲课	dar clase
酱油	salsa de soya
骄傲	orgullo; orgulloso
焦点	foco; punto central
脚印	huella
教堂	iglesia
教育部	Ministerio de Educación
接收	recibir; recepción
街头	calle
节假日	días festivos
节能	ahorrar energía
节奏	ritmo
杰出	destacado
截止	vencer (plazo)
截至	hasta (fecha)
解说	explicar; narrar
界（文艺界）	sufijo de ámbito (文艺界 = mundo artístico)
借鉴	aprender de
金额	monto; suma
金钱	dinero
金融	finanzas
进攻	atacar; ofensiva
近日	estos días
近视	miope
惊人	asombroso
惊喜	grata sorpresa
精美	exquisito
精品	producto de calidad
景点	atracción turística
纠纷	disputa
纠正	corregir
酒水	bebidas
救命	salvar la vida; ¡socorro!
救援	rescatar
救助	auxiliar; ayuda
就是说	es decir
就算	aunque; incluso si
捐款	donar dinero; donativo
捐赠	donar
捐助	donar; contribución
决策	decisión; toma de decisiones
觉悟	darse cuenta; conciencia
绝大多数	la inmensa mayoría
军队	ejército
军舰	buque de guerra
军事	militar
开创	iniciar; fundar
开关	interruptor
开设	abrir; ofrecer
开通	abrir; inaugurar
开头	comienzo
开夜车	trasnochar (estudiando o trabajando)
看管	cuidar; vigilar
看得见	poder ver
看得起	tener en estima
看好	ver con buenos ojos
看作	considerar como
康复	recuperarse
抗议	protestar; protesta
考场	sala de examen
考题	pregunta de examen
科研	investigación científica
客车	autobús de pasajeros
空军	fuerza aérea
口试	examen oral
快车	tren rápido; exprés
宽阔	amplio
来往	ir y venir; trato
栏目	sección; columna
蓝领	obrero; de cuello azul
蓝天	cielo azul
老乡	paisano
冷气	aire acondicionado
冷水	agua fría
礼堂	auditorio
理财	administrar las finanzas
理智	razón; racional
力（影响力）	sufijo de fuerza (影响力 = influencia)
联盟	alianza; liga
联赛	liga (deportiva)
联手	unir fuerzas
凉鞋	sandalia
两侧	ambos lados
两手	ambas manos
聊天儿	platicar; charlar
灵活	flexible; ágil
领取	recoger; recibir
领袖	líder
留言	dejar un mensaje
流感	gripe
楼道	pasillo
楼房	edificio (de varios pisos)
陆军	ejército de tierra
录像	grabar video; video
录音机	grabadora
路过	pasar por
旅店	posada; hostal
绿化	reforestar; áreas verdes
马车	carruaje
馒头	mantou (bollo al vapor)
慢车	tren lento
盲人	ciego
梅花	flor del ciruelo
美容	cuidado de belleza
免得	para no; para evitar
面对面	cara a cara
面向	orientado a; dirigirse a
民歌	canción popular
民工	trabajador migrante
民警	policía
民意	opinión pública
民主	democracia; democrático
名额	cupo; plaza
名胜	lugar famoso; sitio turístico
名义	nombre; en nombre de
名誉	reputación; honor
明日	mañana
没收	confiscar
墨水	tinta
母鸡	gallina
母女	madre e hija
母子	madre e hijo
拿走	llevarse
奶粉	leche en polvo
奶牛	vaca lechera
难忘	inolvidable
内地	interior; China continental
内外	dentro y fuera
内衣	ropa interior
能否	si se puede o no
排行榜	lista de éxitos; ranking
派出	enviar
盼望	anhelar; esperar
陪同	acompañar
配置	configuración; asignar
皮球	pelota
贫困	pobreza; pobre
品牌	marca
聘请	contratar
平凡	común; ordinario
平方米	metro cuadrado
平衡	equilibrio
平台	plataforma
评选	elegir por votación
屏幕	pantalla
欺负	intimidar; abusar de
奇妙	maravilloso
企图	intentar; intento
起点	punto de partida
起诉	demandar
气氛	ambiente
恰当	apropiado
恰好	justamente; por casualidad
恰恰	precisamente
铅笔	lápiz
谦虚	modesto
前方	adelante; frente
前来	venir
潜力	potencial
强盗	ladrón; bandido
强化	reforzar
强势	fuerte; dominante
强壮	fuerte; robusto
桥梁	puente
巧妙	ingenioso
茄子	berenjena
切实	práctico; efectivo
侵犯	violar; invadir
亲属	parientes
亲眼	con sus propios ojos
倾向	tendencia
清洁	limpio; limpiar
清洁工	personal de limpieza
清明节	Fiesta de Qingming (de los difuntos)
清洗	lavar; limpiar
情绪	estado de ánimo
求职	buscar empleo
球拍	raqueta
球星	estrella del deporte
球员	jugador
区分	distinguir
渠道	canal; vía
取款	retirar dinero
取款机	cajero automático
去掉	quitar
权力	poder; autoridad
全力	con todas las fuerzas
全新	completamente nuevo
缺陷	defecto
却是	sin embargo es
让座	ceder el asiento
热点	tema candente
热水	agua caliente
热水器	calentador de agua
热线	línea directa
人权	derechos humanos
认同	identificarse con; aprobar
日夜	día y noche
日语	japonés (idioma)
融合	fusión; integrar
融入	integrarse
如一	constante; invariable
乳制品	lácteos
入学	ingresar a la escuela
赛场	cancha; campo de competencia
三明治	sándwich
丧失	perder
山峰	pico; cumbre
山谷	valle
山坡	ladera
伤口	herida
伤亡	bajas; heridos y muertos
伤员	herido
商城	centro comercial
上当	ser engañado
上帝	Dios
上市	salir al mercado
上台	subir al escenario; llegar al poder
上演	estrenar; representar
少儿	niños
舌头	lengua
设计师	diseñador
涉及	involucrar; tratar de
深化	profundizar
深深	profundamente
审查	examinar; revisar
升级	actualizar; ascender
升学	pasar al siguiente nivel escolar
升值	revalorizarse
生活费	gastos de manutención
省钱	ahorrar dinero
圣诞节	Navidad
盛行	estar en boga
师父	maestro
师生	maestros y alumnos
时而	a veces
时节	temporada
时期	período; época
时时	constantemente
时装	moda
识字	saber leer
实践	práctica; poner en práctica
食欲	apetito
市民	ciudadano
事后	después del hecho
试点	prueba piloto
适当	adecuado
收藏	coleccionar; colección
收取	cobrar
收养	adoptar
手续费	comisión
首次	por primera vez
首脑	jefe (de Estado)
首席	jefe; principal
首相	primer ministro
书房	estudio (habitación)
薯片	papas fritas (de bolsa)
薯条	papas a la francesa
双打	dobles (deportes)
水泥	cemento
说明书	manual de instrucciones
说实话	a decir verdad
司长	director general
死亡	morir; muerte
四处	por todas partes
送礼	hacer un regalo
送行	despedir (a alguien)
素质	calidad; aptitud
算了	olvídalo; déjalo
算是	considerarse
岁数	edad
踏实	tranquilo; seguro; con los pies en la tierra
台灯	lámpara de escritorio
太阳能	energía solar
叹气	suspirar
探索	explorar
探讨	investigar; analizar
特大	enorme
特地	especialmente
特快	expreso
特意	a propósito
疼痛	dolor
提交	presentar; entregar
提升	ascender; mejorar
天然	natural
天堂	paraíso; cielo
天下	el mundo
田径	atletismo
跳水	clavados
听取	escuchar
通报	notificar
通道	pasaje; canal
通红	rojo vivo
通话	llamada; hablar por teléfono
通行	circular; pasar
通讯	comunicación; reportaje
同胞	compatriota
同行	colega de profesión
同期	mismo período
同一	el mismo
铜牌	medalla de bronce
头疼	dolor de cabeza
投票	votar
透露	revelar
图书	libros
徒弟	aprendiz; discípulo
途径	vía; medio
团队	equipo
推出	lanzar; presentar
退票	devolver el boleto
拖鞋	pantuflas; chanclas
娃娃	bebé; muñeca
外币	moneda extranjera
外部	exterior
外出	salir
外观	aspecto exterior
外科	cirugía
外来	extranjero; externo
外头	afuera
外衣	ropa exterior
外资	inversión extranjera
弯曲	curvo; doblar
顽皮	travieso
顽强	tenaz
王后	reina
王子	príncipe
网吧	cibercafé
网页	página web
往后	en adelante
往来	trato; contacto
往年	años anteriores
望见	divisar
危机	crisis
威胁	amenazar; amenaza
微波炉	microondas
维生素	vitamina
为此	por esto
为何	por qué
文娱	entretenimiento cultural
卧铺	litera (de tren)
乌云	nube negra
无边	sin límites
无关	no tener que ver
无效	inválido; ineficaz
舞蹈	danza
物品	objetos; artículos
西班牙语	español (idioma)
吸毒	drogarse
牺牲	sacrificar; sacrificio
洗衣粉	detergente
戏曲	ópera china
细胞	célula
细菌	bacteria
先锋	pionero; vanguardia
显出	mostrar
线路	línea; circuito
陷入	caer en; hundirse
响声	ruido
想不到	inesperado
消耗	consumir
消灭	eliminar; exterminar
小费	propina
小麦	trigo
小于	menor que
晓得	saber
笑脸	cara sonriente
笑容	sonrisa
笑声	risa
协会	asociación
协商	negociar; consultar
协调	coordinar
协助	ayudar; asistir
写字楼	edificio de oficinas
写字台	escritorio
心灵	alma; espíritu
心愿	deseo
心脏	corazón
心脏病	enfermedad cardíaca
新人	recién llegado; novato
新兴	emergente
薪水	sueldo
信仰	fe; creencia
信用	crédito; confianza
兴旺	próspero
行程	itinerario
凶手	asesino
修车	reparar el coche
袖珍	de bolsillo
旋转	girar
选拔	seleccionar
选举	elegir; elección
学会	aprender; asociación
学员	alumno
血管	vaso sanguíneo
血液	sangre
循环	ciclo; circular
压迫	oprimir
烟花	fuegos artificiales
沿海	costero
沿着	a lo largo de
研发	investigación y desarrollo
眼看	pronto; ver cómo
演奏	tocar (un instrumento)
宴会	banquete
养老	cuidar a los mayores; jubilación
氧气	oxígeno
药品	medicamentos
要不然	si no; de lo contrario
要好	llevarse bien
要么	o… o…
要素	elemento esencial
野生	salvaje; silvestre
医药	medicina
依次	por orden
依赖	depender de
一次性	desechable; de una sola vez
一代	una generación
一道	juntos
一贯	siempre; constante
一路上	por el camino
仪器	instrumento
仪式	ceremonia
遗憾	lástima; lamentar
一番	una vez; un poco
一模一样	idéntico
一齐	al mismo tiempo
一时	por un momento
一同	juntos
一行	comitiva
艺人	artista
议题	tema de debate
异常	anormal; sumamente
意想不到	inesperado
意愿	deseo; voluntad
因素	factor
阴谋	conspiración
阴影	sombra
音量	volumen
音像	audiovisual
隐藏	esconder
隐私	privacidad
英雄	héroe
迎来	recibir; dar la bienvenida
影迷	cinéfilo
影星	estrella de cine
应对	afrontar; responder
应急	emergencia
用处	utilidad
用得着	ser útil
用法	uso
用品	artículos
用心	esmerarse; intención
优质	de alta calidad
游人	turista
游玩	divertirse; pasear
游戏机	consola de videojuegos
游行	desfile; marcha
有关	relacionado con
有没有	¿hay?; ¿tienes?
有事	tener algo que hacer
娱乐	entretenimiento
愉快	agradable; alegre
宇航员	astronauta
雨衣	impermeable
预约	cita previa; reservar
元素	elemento
园地	huerto; espacio
原告	demandante
原谅	perdonar
圆珠笔	bolígrafo
援助	ayuda; ayudar
缘故	causa; motivo
远方	lejos; lugar lejano
远离	alejarse de
远远	de lejos; con mucho
约定	acordar; acuerdo
乐曲	pieza musical
允许	permitir
运作	funcionar; funcionamiento
晕车	marearse (en el coche)
再生	regenerar; reciclar
再说	además; luego vemos
遭到	sufrir
遭受	sufrir
遭遇	encontrarse con (algo malo)
早晚	tarde o temprano
增进	promover; aumentar
增值	plusvalía; revalorizar
扎实	sólido; firme
炸弹	bomba
炸药	explosivo
占据	ocupar
战场	campo de batalla
战略	estrategia
战术	táctica
战友	compañero de armas
站台	andén
长（秘书长）	sufijo de jefe (秘书长 = secretario general)
掌声	aplausos
账户	cuenta
障碍	obstáculo
招聘	contratar; reclutar
照样	igual que antes
照耀	iluminar
哲学	filosofía
这就是说	es decir
争夺	disputarse
整顿	reorganizar
整治	poner en orden
正当	legítimo
政策	política (medida)
政党	partido político
政权	régimen; poder político
症状	síntoma
之类	y cosas así
支撑	sostener
支援	apoyar; apoyo
知名	conocido; famoso
直升机	helicóptero
职责	deber; responsabilidad
只得	no tener más remedio que
只顾	ocuparse solo de
只管	no dudar en; solo
指定	designar
指数	índice
指头	dedo
指着	señalando
至于	en cuanto a
治病	curar
智慧	sabiduría
中等	medio; mediano
中华	China
中期	mediano plazo
中外	China y el extranjero
忠心	lealtad
钟头	hora
种种	todo tipo de
珠宝	joyas
诸位	señoras y señores; todos ustedes
主持人	presentador
主角	protagonista
主流	corriente principal
住宅	residencia; vivienda
柱子	columna
祝愿	desear
专用	exclusivo; de uso especial
赚钱	ganar dinero
装备	equipo; equipar
壮观	espectacular
追究	investigar; pedir cuentas
咨询	consultar
自来水	agua corriente
自我	uno mismo
自学	autodidacta; estudiar por cuenta propia
自言自语	hablar solo
自在	a gusto; cómodo
宗教	religión
总部	sede central
总监	director
总经理	gerente general
总量	cantidad total
走私	contrabando
租金	renta; alquiler
足以	suficiente para
族（上班族）	sufijo de grupo (上班族 = oficinistas)
祖父	abuelo (paterno)
祖国	patria
祖母	abuela (paterna)
最佳	el mejor; óptimo
最终	final; finalmente
罪恶	crimen; maldad
作废	anular
作战	combatir
座谈会	coloquio; mesa redonda
阿拉伯语	árabe (idioma)
哎呀	¡ay!; ¡vaya!
哀求	suplicar; implorar
挨家挨户	de casa en casa
癌症	cáncer
艾滋病	sida
爱不释手	no poder soltar algo de tanto que gusta
爱理不理	indiferente; displicente
爱面子	cuidar las apariencias; orgulloso
爱惜	apreciar; cuidar; usar con moderación
碍事	estorbar; importar (en negativo)
安定	estable; tranquilo; estabilizar
安抚	apaciguar; calmar; consolar
安眠药	somnífero
安宁	tranquilo; sereno; en paz
安稳	estable; tranquilo; (sueño) profundo
安心	tranquilo; sentirse aliviado
安逸	cómodo y tranquilo
按键	tecla; botón
按理说	en teoría; lógicamente
按说	normalmente; en principio
案件	caso (judicial)
暗地里	en secreto; a escondidas
暗杀	asesinar
暗中	en secreto; a escondidas
昂贵	caro; costoso
熬夜	desvelarse; trasnochar
傲慢	arrogante; altivo
奥秘	misterio; secreto
奥运会	Juegos Olímpicos
八卦	chisme; ocho trigramas
巴不得	anhelar; estar deseando
芭蕾	ballet
把柄	asa; punto débil (para chantajear)
把关	controlar; supervisar
把手	manija; asa; picaporte
靶子	blanco; diana
罢免	destituir
罢休	desistir; dejarlo
霸占	ocupar por la fuerza; apoderarse
白白	en vano; para nada
百分比	porcentaje
百合	lirio; azucena
百科全书	enciclopedia
柏树	ciprés
摆放	colocar; disponer
摆平	arreglar; resolver; ser imparcial
摆设	adorno; objeto decorativo
拜会	visitar (formalmente)
拜见	presentar respetos; visitar formalmente
拜年	felicitar el Año Nuevo
拜托	pedir un favor; ¡por favor!
颁布	promulgar; publicar
颁发	otorgar; expedir; promulgar
颁奖	entregar premios
斑点	mancha; punto
搬迁	mudarse; reubicarse
板块	placa tectónica; sector; bloque
办不到	imposible de hacer
半边天	la mitad del cielo (las mujeres)
半场	medio tiempo; media cancha
半岛	península
半路	a mitad de camino
半数	la mitad
半途而废	abandonar a medio camino
半信半疑	no muy convencido; escéptico
半真半假	medio verdad, medio mentira
伴侣	compañero; pareja
伴随	acompañar; ir acompañado de
伴奏	acompañar (musicalmente)
帮手	ayudante; asistente
绑架	secuestrar; secuestro
榜样	ejemplo; modelo a seguir
棒球	béisbol
包袱	hatillo; carga; peso
包容	tolerar; perdonar; contener
包扎	vendar; envolver
饱和	saturado; saturar
饱满	lleno; rebosante
宝库	tesoro; tesorería
宝藏	tesoro; yacimiento valioso
保管	guardar; custodiar; seguramente
保姆	niñera; empleada doméstica
保暖	mantener el calor; abrigar
保鲜	mantener fresco; conservar
保修	garantía; dar garantía
保佑	bendecir y proteger
保障	garantizar; asegurar; garantía
保质期	fecha de caducidad; vida útil
保重	cuidarse
堡垒	fortaleza; fuerte
报仇	vengarse
报酬	remuneración; recompensa
报废	desechar; dar de baja
报复	tomar represalias; venganza
报社	periódico (empresa)
报亭	puesto de periódicos
报销	solicitar reembolso; dar de baja
抱负	aspiración; ambición
暴风骤雨	tormenta violenta; tempestad
暴利	ganancias exorbitantes
暴躁	irascible; irritable
曝光	exponer; sacar a la luz; exposición
爆冷门	sorpresa (resultado inesperado)
爆满	lleno total; abarrotado
爆竹	petardo
卑鄙	vil; despreciable; ruin
悲哀	triste; afligido
悲观	pesimista
悲欢离合	alegrías y penas de la vida
悲痛	afligido; dolor profundo
贝壳	concha
备课	preparar la clase
备受	recibir mucho (atención, críticas)
备用	de reserva; de repuesto
背面	reverso; parte de atrás
背叛	traicionar
背诵	recitar; repetir de memoria
被捕	ser arrestado
奔波	ajetrearse; ir de un lado a otro
奔赴	dirigirse rápidamente a
本分	deber; lo que corresponde; honrado
本能	instinto
本钱	capital; recurso; ventaja
本色	carácter propio; color natural
本性	naturaleza; carácter innato
本意	intención original
本着	conforme a; con base en
笨蛋	tonto; idiota
笨重	pesado; voluminoso; engorroso
崩溃	derrumbarse; colapsar
绷带	venda
逼近	acercarse; aproximarse
逼迫	obligar; forzar
逼真	realista; fiel a la realidad
鼻涕	moco
比比皆是	encontrarse por todas partes
比不上	no poder compararse con
比起	en comparación con
比试	competir; medirse
比喻	metáfora; comparar
鄙视	despreciar; menospreciar
必不可少	indispensable; imprescindible
必定	sin duda; seguramente
碧绿	verde jade; verde intenso
弊病	mal; defecto; inconveniente
弊端	abuso; vicio; mal sistémico
壁画	mural; fresco
避难	refugiarse; pedir asilo
避暑	veranear; refugiarse del calor
边疆	frontera; región fronteriza
边界	límite; frontera
边远	remoto; apartado
编号	número de serie; numerar
编剧	guionista; escribir un guion
编排	organizar; disponer
编写	compilar; redactar
编造	inventar; fabricar; elaborar
鞭策	espolear; alentar
鞭炮	petardos; ristra de petardos
贬值	devaluarse; depreciarse
变革	transformar; reforma; cambio
变幻莫测	cambiante e impredecible
变迁	cambios; vicisitudes
变异	variación; mutación
变质	deteriorarse; echarse a perder
便道	banqueta; atajo; camino provisional
便饭	comida sencilla
便捷	práctico y rápido
便利店	tienda de conveniencia
遍布	extenderse por todas partes
辨别	distinguir; diferenciar
辨认	reconocer; identificar
辩护	defender; abogar por
辩解	justificarse; dar explicaciones
辫子	trenza; punto débil
标榜	presumir de; hacer alarde de
标本	espécimen; muestra
标签	etiqueta
标示	indicar; señalar
标语	eslogan; pancarta
标致	guapa; bonita (mujer)
飙升	dispararse; subir rápidamente
表白	declararse; expresar (sentimientos)
表决	votar; decidir por votación
表述	expresar; formular
表率	ejemplo; modelo
表态	fijar postura; pronunciarse
表彰	elogiar; condecorar; reconocer
别具匠心	ingenioso; original
别看	aunque parezca; no te fijes en que
别墅	villa; casa de campo
别说	por no hablar de; ni hablar de
别提了	ni me lo menciones; mejor no hablar
别致	original; singular
别扭	incómodo; difícil; raro
彬彬有礼	cortés; educado
滨海	costero; litoral
缤纷	variado; multicolor
冰棍儿	paleta helada
冰山	iceberg
秉承	seguir (una tradición); recibir órdenes
并非	en realidad no es
并购	fusión y adquisición; adquirir
并列	estar a la par; yuxtaponer
并行	avanzar en paralelo
病床	cama de hospital
病症	enfermedad; dolencia
拨款	asignar fondos; partida presupuestaria
拨通	comunicarse por teléfono
波及	afectar; extenderse a
波澜	oleaje; olas
波涛	olas; oleaje
波折	altibajos; contratiempos
剥夺	privar; despojar
剥削	explotar; explotación
伯伯	tío (hermano mayor del padre)
伯父	tío (hermano mayor del padre); señor
伯母	tía (esposa del tío paterno); señora
驳回	rechazar; desestimar
脖子	cuello
搏斗	luchar; pelear
不定	indefinido; incierto
不见得	no necesariamente
不利于	perjudicial para; no favorecer
不慎	descuidado; por descuido
不适	indispuesto; malestar
不算	no contar; no considerarse
不像话	inaceptable; escandaloso
不屑	desdeñar; no dignarse
不懈	incansable; perseverante
不亚于	no ser inferior a
不亦乐乎	muchísimo; a más no poder
不翼而飞	desaparecer sin dejar rastro
不用说	ni hablar; no hace falta decir
不正之风	malas prácticas; tendencia nociva
补给	abastecimiento; abastecer
补救	remediar
捕捉	atrapar; capturar
哺育	alimentar; criar; nutrir
不耻下问	no avergonzarse de preguntar
不辞而别	irse sin despedirse
不得而知	desconocido; imposible de saber
不得已	no tener más remedio; a la fuerza
不妨	no está de más; bien puede
不服	no aceptar; no conformarse
不服气	no darse por vencido; indignado
不假思索	sin pensarlo; de inmediato
不解	no entender; extrañarse
不经意	sin darse cuenta; por descuido
不景气	en recesión; deprimido (económico)
不堪	no poder soportar; extremadamente
不可避免	inevitable
不可思议	increíble; inconcebible
不肯	no querer; negarse
不理	ignorar; no hacer caso
不了了之	quedar en nada; dejar sin resolver
不难	no ser difícil; fácil
不平	desigual; injusticia
不起眼	poco llamativo; insignificante
不容	no permitir; no tolerar
不如说	más bien; mejor dicho
不同寻常	fuera de lo común; inusual
不为人知	desconocido; secreto
不惜	no escatimar; no dudar en
不相上下	parejo; casi igual
不宜	no recomendable; inadecuado
不已	sin cesar; incesantemente
不以为然	desaprobar; no estar de acuerdo
不由得	no poder evitar
不由自主	sin querer; involuntariamente
不予	no conceder; denegar
不约而同	al mismo tiempo sin ponerse de acuerdo
不知	no saber; ignorar
不知不觉	sin darse cuenta
不准	prohibir; no permitir
布局	distribución; disposición; diseño
步伐	paso; ritmo
步入	entrar en
步骤	paso; procedimiento
部件	pieza; componente
部署	desplegar; despliegue
猜谜	adivinar un acertijo
猜想	suponer; conjeturar; conjetura
才华	talento
财经	finanzas y economía
财力	recursos financieros
财务	finanzas; asuntos financieros
财物	bienes; pertenencias
财政	finanzas públicas
裁定	dictaminar; fallo
裁决	fallar; veredicto
采集	recolectar; reunir
采矿	minería
彩电	televisión a color
彩虹	arcoíris
彩霞	nubes de colores del ocaso
菜市场	mercado de alimentos
参见	véase; consultar
参军	alistarse en el ejército
参谋	asesor; oficial de Estado Mayor; aconsejar
参照	consultar; tomar como referencia
餐桌	mesa de comedor
残留	quedar; residuo; restos
残缺	incompleto; dañado
残忍	cruel; despiadado
惭愧	avergonzado
惨白	pálido como la muerte
惨痛	doloroso; amargo
惨重	desastroso; muy grave
灿烂	brillante; espléndido
苍蝇	mosca
沧桑	grandes cambios; vicisitudes
藏匿	esconder; ocultarse
藏品	pieza de colección
藏身	esconderse; refugiarse
操控	controlar; manipular
操劳	trabajar duro; afanarse
操心	preocuparse
草案	borrador; anteproyecto
草坪	césped; pasto
侧面	lado; aspecto; perfil
侧重	hacer hincapié en
测算	medir y calcular
测验	prueba; examen; evaluar
层出不穷	surgir sin cesar
差错	error; falla; percance
差额	diferencia; saldo
插手	meterse; entrometerse
插图	ilustración
插嘴	interrumpir; meter la cuchara
茶道	ceremonia del té
茶馆儿	casa de té
查处	investigar y sancionar
查明	averiguar; esclarecer
查找	buscar; consultar
察觉	percibir; darse cuenta
察看	observar; examinar
诧异	asombrado; sorprendido
禅杖	bastón de monje budista
产地	lugar de origen
产物	producto; resultado
产值	valor de la producción
铲子	pala; espátula
阐述	exponer; explicar
颤抖	temblar; estremecerse
猖狂	desenfrenado; feroz
长达	llegar a durar; extenderse hasta
长期以来	desde hace mucho tiempo
长效	de efecto prolongado
长征	la Larga Marcha; larga travesía
长足	notable (progreso)
常理	sentido común; lógica
常人	persona común
常态	estado normal; normalidad
常温	temperatura ambiente
偿还	devolver; reembolsar
嫦娥	Chang'e (diosa de la Luna)
厂家	fabricante; fábrica
敞开	abrir de par en par; sin restricciones
畅谈	conversar libremente
畅销	venderse bien; de gran venta
倡议	proponer; iniciativa; propuesta
抄袭	plagiar; copiar
钞票	billete (dinero)
超标	exceder la norma; excesivo
超车	rebasar (un vehículo)
超前	adelantado a su tiempo; adelantarse
超速	exceso de velocidad; correr demasiado
朝代	dinastía
朝着	hacia; en dirección a
嘲弄	burlarse de
嘲笑	burlarse; ridiculizar
吵嘴	discutir; pelearse
车道	carril
车祸	accidente de tráfico
车间	taller
车轮	rueda
车速	velocidad del vehículo
车位	lugar de estacionamiento
车厢	vagón; carrocería
车型	modelo de vehículo
车轴	eje
彻夜	toda la noche
撤换	destituir y reemplazar
沉甸甸	pesado
沉淀	sedimento; precipitar; asentarse
沉浸	sumergirse; estar inmerso
沉闷	opresivo; aburrido; deprimido
沉迷	enviciarse; estar absorto
沉思	reflexionar; meditar
沉稳	sereno; aplomado
沉着	sereno; tranquilo
陈旧	anticuado; obsoleto
陈列	exhibir; exponer
陈述	exponer; declarar
衬托	realzar; resaltar
趁机	aprovechar la oportunidad
趁早	cuanto antes; lo antes posible
趁着	aprovechando
称呼	llamar; dirigirse a; tratamiento
称作	llamarse; ser conocido como
成才	llegar a ser alguien
成家	casarse; formar una familia
成年	adulto; llegar a la edad adulta
成千上万	miles y miles; innumerables
成群结队	en grupos; en masa
成天	todo el día
成问题	ser un problema; problemático
成型	tomar forma
呈现	presentar; mostrar; aparecer
诚恳	sincero; cordial
诚心诚意	con toda sinceridad
诚意	sinceridad; buena fe
诚挚	sincero; cordial
承包	contratar; encargarse de
承载	soportar el peso; cargar
城墙	muralla
乘人之危	aprovecharse de la desgracia ajena
惩处	castigar; sancionar
惩罚	castigar; castigo
澄清	aclarar; esclarecer; cristalino
橙汁	jugo de naranja
逞能	lucirse; presumir
逞强	hacerse el valiente; presumir
吃不上	no tener qué comer; perderse una comida
吃喝玩乐	darse la gran vida
吃苦	pasar penurias; aguantar
吃亏	salir perdiendo
痴呆	tonto; demencia
痴迷	obsesionado; fascinado
痴心	enamoramiento ciego
池塘	estanque
驰名	famoso; renombrado
迟迟	tardar mucho; lentamente
迟疑	vacilar; dudar
迟早	tarde o temprano
持久	duradero; persistente
持之以恒	perseverar
尺度	escala; criterio; medida
耻辱	vergüenza; humillación
耻笑	burlarse; ridiculizar
赤字	déficit
翅膀	ala
冲刺	esprint; último esfuerzo
冲浪	surfear; surf
冲洗	enjuagar; lavar; revelar (fotos)
冲撞	chocar; ofender
充当	servir de; hacer de
充沛	abundante; lleno de
充实	rico; sustancioso; enriquecer
重播	retransmitir; repetición
重叠	superponerse; traslaparse
重返	volver a; regresar
重合	coincidir
重申	reiterar; reafirmar
重现	reaparecer
崇高	sublime; elevado; noble
崇尚	venerar; preconizar
宠爱	mimar; consentir
抽签	sortear; echar suertes
抽屉	cajón
抽象	abstracto; abstracción
仇恨	odio; odiar
仇人	enemigo
稠密	denso
愁眉苦脸	cara de preocupación; cara triste
筹办	organizar; preparar
筹备	preparar; preparativos
筹措	reunir (fondos)
筹划	planear; preparar
筹集	recaudar fondos
筹码	ficha; moneda de cambio
丑恶	repugnante; odioso
丑陋	feo
丑闻	escándalo
出版社	editorial
出厂	salir de fábrica
出丑	hacer el ridículo
出道	debutar; iniciar la carrera
出发点	punto de partida; motivo
出风头	buscar protagonismo; lucirse
出境	salir del país
出局	quedar eliminado; ser out
出具	expedir; emitir (documento)
出口成章	elocuente; hablar con soltura
出卖	vender; traicionar
出毛病	descomponerse; fallar
出难题	plantear un problema difícil
出人意料	inesperado; sorprendente
出任	asumir un cargo
出山	salir del retiro; asumir un cargo
出身	origen familiar; proceder de
出示	mostrar; presentar
出手	actuar; deshacerse de; gastar
出头	salir adelante; tomar la iniciativa; y pico
出土	desenterrar; excavado
出息	porvenir; futuro prometedor
出血	sangrar; hemorragia
出演	actuar; interpretar (un papel)
出洋相	hacer el ridículo
出游	ir de paseo; viajar
出众	destacado; sobresaliente
出主意	dar ideas; aconsejar
出资	financiar; invertir
出自	provenir de
出走	irse de casa; huir
初次	por primera vez
初衷	intención original
除此之外	aparte de esto; además
除去	eliminar; excepto
除外	excluir; salvo; excepto
处方	receta médica; recetar
处境	situación
处置	tratar; manejar; castigar
储备	reservar; reservas
储蓄	ahorrar; ahorros
触动	tocar; conmover
触犯	violar; ofender
触觉	tacto
触摸	tocar
触目惊心	estremecedor; impactante
揣测	suponer; conjeturar
揣摩	tratar de entender; sopesar
川流不息	flujo incesante
穿过	atravesar; pasar por
穿小鞋	hacerle la vida imposible a alguien
穿越	atravesar; cruzar
穿着	vestimenta; atuendo
传承	transmitir; tradición; legado
传奇	leyenda; legendario
传染	contagiar; contagioso
传染病	enfermedad contagiosa
传人	heredero; discípulo; sucesor
传授	enseñar; transmitir
传闻	rumor
船舶	embarcaciones; barcos
船桨	remo
喘息	jadear; tomar un respiro
串门	visitar a alguien; caerle a alguien
创伤	herida; trauma
床位	cama (hospital, hotel); litera
创始人	fundador; creador
吹了	fracasar; terminar (relación)
吹牛	fanfarronear; echarse flores
吹捧	adular; halagar
垂头丧气	cabizbajo; desanimado
锤子	martillo
纯粹	puro; completamente
纯洁	puro; inocente; purificar
纯朴	sencillo; honesto; puro
醇厚	suave y rico; sencillo y bondadoso
绰号	apodo
瓷器	porcelana
辞呈	carta de renuncia
辞去	renunciar a; dimitir
辞退	despedir
慈善	caritativo; beneficencia
慈祥	bondadoso; afable
磁带	cinta magnética; casete
磁卡	tarjeta magnética
磁盘	disco (informática)
此起彼伏	sucederse sin cesar
次日	el día siguiente
伺候	servir; atender
刺耳	estridente; chirriante
刺骨	penetrante; que cala los huesos
刺绣	bordar; bordado
赐教	enseñar; aconsejar (honorífico)
匆匆	apresuradamente
匆忙	apresurado; a toda prisa
从今以后	de ahora en adelante
从来不	nunca
从容	tranquilo; sin prisa
从容不迫	sereno; sin inmutarse
从头	desde el principio
从未	nunca
从业	ejercer (una profesión)
从早到晚	de la mañana a la noche
丛林	selva; bosque
凑合	arreglárselas; reunir
凑巧	por casualidad; afortunadamente
粗暴	brusco; rudo; violento
粗糙	áspero; tosco
粗鲁	grosero; tosco
粗略	aproximado; somero
粗心大意	descuidado; distraído
促成	propiciar; facilitar
簇拥	rodear; arremolinarse
催促	apremiar; meter prisa
催眠	hipnotizar; hipnosis
摧毁	destruir; demoler
脆弱	frágil; débil
翠绿	verde esmeralda
存放	guardar; depositar
存心	a propósito; adrede
存折	libreta bancaria
磋商	negociar; consultar
挫折	revés; fracaso
措手不及	tomar desprevenido
错别字	carácter mal escrito; error de escritura
错觉	ilusión; percepción errónea
错位	fuera de lugar; dislocado
错综复杂	enredado y complicado
搭乘	viajar en; tomar (un transporte)
搭建	montar; armar (estructura)
达标	cumplir el estándar
答辩	defender (una tesis); replicar
打岔	interrumpir; cambiar de tema
打倒	derribar; ¡abajo...!
打盹儿	dormitar; echar una siesta corta
打交道	tratar con; relacionarse con
打搅	molestar; importunar
打捞	rescatar; sacar del agua
打量	mirar de arriba abajo; suponer
打猎	cazar; ir de cacería
打磨	pulir; lijar
打通	abrir paso; desbloquear; comunicar
打仗	combatir; hacer la guerra
打招呼	saludar; avisar
大包大揽	encargarse de todo
大笔	gran suma (de dinero); su escrito
大臣	ministro (de una monarquía)
大吃一惊	quedarse pasmado
大大咧咧	despreocupado; descuidado
大地	tierra; la madre tierra
大队	brigada; batallón
大幅度	considerablemente; en gran medida
大公无私	desinteresado; imparcial
大家庭	familia numerosa; gran familia
大街小巷	por todas partes de la ciudad
大惊小怪	armar un escándalo por nada
大局	situación general; panorama general
大款	ricachón; persona adinerada
大面积	gran superficie; a gran escala
大名鼎鼎	muy famoso; renombrado
大模大样	con aires de grandeza; ostentosamente
大棚	invernadero
大片	gran extensión; superproducción
大气	atmósfera; imponente; elegante
大厦	edificio; torre
大数据	macrodatos; big data
大肆	desenfrenadamente; sin freno
大体	en general; a grandes rasgos
大体上	en términos generales
大同小异	casi igual
大腕儿	celebridad; figura destacada
大选	elecciones generales
大雁	ganso salvaje
大意	idea general; idea principal
大有可为	con gran futuro; que vale la pena
大宗	gran cantidad; producto básico
歹徒	malhechor; maleante
代号	nombre en clave
代理人	agente; representante
代言人	vocero; portavoz
带队	dirigir un grupo; guía
带路	guiar; mostrar el camino
带头	encabezar; dar el ejemplo
带头人	líder; dirigente
怠工	trabajar a desgano; huelga de brazos caídos
怠慢	desatender; descuidar
逮捕	arrestar; detener
担当	asumir; encargarse de
担负	asumir; cargar con
单边	unilateral
单薄	débil; delgado; endeble
单方面	unilateral
单身	soltero
耽搁	demorar; retrasar
耽误	retrasar; perder (tiempo); perjudicar
胆怯	tímido; cobarde
胆子	valor; agallas
但愿	ojalá
担子	carga; responsabilidad
诞辰	natalicio; cumpleaños
淡化	restar importancia; atenuar
淡季	temporada baja
蛋白质	proteína
当即	en el acto; de inmediato
当今	la actualidad; hoy en día
当面	en persona; cara a cara
当日	ese día; el mismo día
当事人	parte interesada; implicado
当务之急	prioridad máxima
当下	de inmediato; en este momento
当心	tener cuidado
当着	delante de; en presencia de
当之无愧	merecido; plenamente digno
当众	en público
当晚	esa misma noche
当真	tomar en serio; ¿de verdad?
荡漾	ondular; ondear
档次	categoría; nivel; calidad
导弹	misil
导航	navegar; navegación
导火索	mecha; detonante
导师	tutor; asesor académico
导向	orientación; orientar
岛屿	isla
捣乱	alborotar; molestar
倒卖	revender; especular
倒霉	tener mala suerte
倒塌	derrumbarse
倒下	caer; desplomarse
到头来	al final
到位	estar en su lugar; preciso
倒计时	cuenta regresiva
倒数	contar hacia atrás; desde el final
盗窃	robar
悼念	llorar (a un difunto); rendir homenaje
道具	utilería; accesorio
稻草	paja de arroz
得不偿失	no compensar; salir perdiendo
得当	adecuado; apropiado
得力	capaz; competente
得失	pros y contras; ganancias y pérdidas
得手	tener éxito; salir bien
得体	apropiado; correcto
得天独厚	privilegiado; muy favorecido
得益于	gracias a; beneficiarse de
得意扬扬	ufano; muy satisfecho de sí mismo
得知	enterarse de
得罪	ofender
灯笼	farol; linterna de papel
灯泡	foco; mal tercio
登机	abordar (un avión)
登陆	desembarcar; tocar tierra
凳子	banco; taburete
低调	discreto; perfil bajo
低估	subestimar
低谷	punto más bajo; valle
低价	precio bajo
低迷	decaído; estancado
低碳	bajo en carbono
低下	bajo; humilde
堤坝	presa; dique
提防	tener cuidado con; precaverse
笛子	flauta de bambú
抵触	contradecir; chocar
抵挡	resistir; contener
抵消	contrarrestar; compensar
抵押	hipotecar; dar en garantía
抵御	resistir; hacer frente
抵制	boicotear; oponerse
底层	planta baja; nivel más bajo
底线	límite; línea roja
底蕴	trasfondo; fondo cultural
底子	base; fundamento
地步	punto; situación; extremo
地道	túnel; paso subterráneo
地段	zona; sector; tramo
地理	geografía
地毯	alfombra; tapete
地下水	agua subterránea
地狱	infierno
地域	región; zona
地质	geología
弟子	discípulo; seguidor
帝国	imperio; imperial
帝国主义	imperialismo
递交	entregar; presentar
第一手	de primera mano
第一线	primera línea
颠倒	invertir; poner al revés; confundido
颠覆	derrocar; subvertir; volcar
巅峰	cumbre; apogeo
典范	modelo; ejemplo
点火	encender; prender fuego; arrancar (motor)
点击率	tasa de clics
点评	comentar; reseña
点心	bocadillo; pastelito
点缀	adornar; decorar
点子	idea; punto
电报	telegrama
电铃	timbre eléctrico
电网	red eléctrica; alambrada electrificada
电线	cable eléctrico
电信	telecomunicaciones
电讯	telecomunicaciones
垫底	quedar en último lugar; sentar las bases
垫子	cojín; colchoneta
淀粉	almidón; fécula
惦记	estar pendiente de; preocuparse por
奠定	establecer; sentar (las bases)
殿堂	palacio; salón; templo
刁难	poner trabas; hacerle difícil a alguien
雕刻	tallar; grabar; talla
雕塑	escultura; esculpir
吊销	revocar; retirar (licencia)
钓鱼	pescar (con caña)
调度	despachar; coordinar; despachador
掉队	quedarse atrás; rezagarse
掉头	dar la vuelta; voltear la cabeza
迭起	surgir una y otra vez
叮嘱	recomendar con insistencia
钉子	clavo; obstáculo
顶多	como mucho; a lo sumo
顶级	de primera; de primer nivel
顶尖	el mejor; de élite; cima
订单	pedido; orden de compra
订购	hacer un pedido; suscribirse
订婚	comprometerse (para casarse)
订立	firmar; celebrar (contrato)
定金	anticipo; enganche
定居	establecerse; radicarse
定论	conclusión definitiva
定为	fijar como; designar como
定向	orientar; dirigido; orientación
定心丸	tranquilizante; algo que da tranquilidad
定义	definición; definir
定做	mandar hacer a la medida
丢掉	perder; tirar; desechar
丢脸	quedar mal; hacer el ridículo
丢弃	desechar; abandonar
丢人	quedar en ridículo; dar vergüenza
丢失	perder; extraviar
东奔西走	ir de un lado a otro
东道主	anfitrión; país anfitrión
东张西望	mirar a todos lados
董事	miembro del consejo directivo
董事会	consejo de administración
董事长	presidente del consejo
懂事	sensato; maduro (niño)
动不动	a la menor ocasión; por cualquier cosa
动荡	inestabilidad; agitación; turbulento
动感	dinámico; sensación de movimiento
动工	empezar la obra
动静	movimiento; ruido; señal de actividad
动脉	arteria
动身	ponerse en camino; partir
动弹	moverse
动听	agradable de oír
动向	tendencia; movimiento
动用	emplear; utilizar
冻结	congelar
栋梁	pilar; puntal
兜儿	bolsillo; bolsa
兜售	vender (de puerta en puerta); ofrecer
斗志	espíritu de lucha
豆浆	leche de soya
豆子	frijol; legumbre
都会	ciudad; metrópoli
督促	instar; supervisar
独唱	solo (canto); cantar solo
独家	exclusivo
独立自主	independiente y autónomo
独身	soltero; solo
独一无二	único; sin igual
堵塞	obstruir; atascar; obstrucción
杜绝	erradicar; poner fin a
妒忌	envidiar; tener celos
度假	ir de vacaciones; vacacionar
渡过	atravesar; superar
端正	recto; correcto; corregir
短缺	escasez; faltar
短暂	breve; efímero; momentáneo
段落	párrafo; fragmento; etapa
断定	concluir; determinar
断断续续	intermitente; a ratos
断裂	fracturarse; romperse; ruptura
堆砌	amontonar; recargar (el estilo)
队形	formación (de grupo)
对白	diálogo (en cine o teatro)
对策	contramedida; estrategia
对称	simétrico; simetría
对得起	no defraudar; estar a la altura
对联	pareado (en puertas)
对弈	jugar una partida (go, ajedrez)
对照	contrastar; comparar; cotejar
对峙	enfrentarse; estar frente a frente
对准	apuntar a; dirigir a
兑换	cambiar (divisas); canjear
兑现	cobrar (cheque); cumplir (promesa)
敦促	instar; urgir
敦厚	sincero; honesto
顿时	de inmediato; de repente
多边	multilateral
多功能	multifuncional
多亏	gracias a; por suerte
多劳多得	más trabajo, más ganancia
多年来	durante muchos años
多心	suspicaz; susceptible
多余	superfluo; innecesario; sobrante
多元	múltiple; plural; diverso
哆嗦	temblar; tiritar
夺冠	ganar el campeonato
夺魁	ganar el primer lugar
躲避	esconderse; evitar; esquivar
躲藏	esconderse; ocultarse
舵手	timonel
堕落	degenerar; corromperse
讹诈	extorsionar; chantajear
俄语	ruso (idioma)
额外	extra; adicional
厄运	mala suerte; desgracia
恶化	empeorar; deteriorarse
恶劣	pésimo; vil; malo
恶性	maligno; vicioso (círculo)
恶意	malicia; mala intención
遏制	contener; frenar
鳄鱼	cocodrilo; caimán
恩赐	conceder (un favor); dádiva
恩惠	favor; gracia
恩情	bondad; favor recibido
恩怨	rencillas; agravios
而已	nada más; y ya
耳光	bofetada
耳目一新	aire fresco; renovador
耳熟能详	saberse de memoria de tanto oírlo
耳闻目睹	presenciar en persona
二手车	auto usado
二氧化碳	dióxido de carbono
发布会	conferencia de prensa
发财	hacerse rico
发愁	preocuparse; inquietarse
发电机	generador eléctrico
发抖	temblar; tiritar
发愤图强	esforzarse con determinación
发光	brillar; emitir luz
发火	enojarse; encenderse
发酵	fermentar; ir cobrando fuerza
发掘	excavar; descubrir; aprovechar
发愣	quedarse pasmado
发脾气	enojarse; hacer berrinche
发起人	iniciador; promotor; fundador
发热	tener fiebre; emitir calor
发誓	jurar; prometer
发泄	desahogarse; dar rienda suelta
发扬	desarrollar; promover
发扬光大	impulsar y desarrollar
发育	desarrollarse; crecer; desarrollo
发源地	lugar de origen; cuna
发作	estallar; manifestarse (enfermedad)
阀门	válvula
发型	peinado; corte de pelo
帆船	velero
翻番	duplicarse
翻来覆去	dar vueltas (en la cama); una y otra vez
翻天覆地	cambio radical; trastornarlo todo
烦闷	abatido; deprimido
烦恼	preocupado; preocupación; disgusto
烦躁	irritable; inquieto
繁华	próspero; bullicioso
繁忙	ajetreado; muy ocupado
繁体字	carácter tradicional
繁重	pesado; arduo
反驳	refutar; replicar
反差	contraste
反常	anormal; inusual
反倒	al contrario; en cambio
反感	aversión; antipatía; disgustar
反过来	a la inversa; al revés
反击	contraatacar
反馈	retroalimentación; dar respuesta
反面	reverso; lado negativo; negativo
反思	reflexionar; repensar
反弹	rebotar; repuntar
反省	hacer examen de conciencia; reflexionar
返还	devolver; restituir
犯愁	preocuparse
饭碗	plato de arroz; sustento; empleo
泛滥	desbordarse; proliferar
范畴	categoría
贩卖	vender; traficar
方方面面	todos los aspectos
方向盘	volante
方言	dialecto
防盗	antirrobo
防盗门	puerta de seguridad
防护	proteger; protección
防火墙	cortafuegos; firewall
防卫	defender; defensa
防汛	control de inundaciones
防疫	prevenir epidemias
防御	defensa; defender
妨碍	obstaculizar; estorbar
妨害	perjudicar; dañar
房地产	bienes raíces
仿制	imitar; copiar
访谈	entrevistar; entrevista
纺织	textil; hilar y tejer
放过	dejar pasar; perdonar
放水	abrir el agua; dejarse ganar
放肆	insolente; desenfrenado
放映	proyectar (película)
放置	colocar; poner
放纵	consentir; dar rienda suelta
飞速	rápidamente; a toda velocidad
飞往	volar hacia
飞翔	volar; planear
飞跃	dar un salto; salto cualitativo
非得	tener que; necesariamente
非法	ilegal
非凡	extraordinario
绯闻	escándalo amoroso
肥料	fertilizante; abono
肥胖	obeso; gordo
肥沃	fértil
肥皂	jabón
诽谤	difamar; calumniar
废除	abolir; derogar
废话	tonterías; palabras inútiles
废品	desechos; chatarra
废寝忘食	olvidarse de comer y dormir
废物	basura; desecho; inútil (persona)
废墟	ruinas
沸沸扬扬	alborotado; en boca de todos
沸腾	hervir; bullir; efervescencia
费劲	costar trabajo; agotador
分辨	distinguir; diferenciar
分寸	mesura; sentido de la medida
分担	compartir (carga, gastos)
分割	dividir; partir; fragmentar
分红	repartir dividendos; dividendo
分化	dividirse; diferenciarse
分泌	segregar; secreción
分明	claro; nítido; evidentemente
分歧	discrepancia; divergencia
分赃	repartirse el botín
分支	rama; sucursal; ramificarse
芬芳	fragante; fragancia
吩咐	ordenar; encargar; indicar
氛围	ambiente; atmósfera
坟墓	tumba; sepulcro
焚烧	quemar; incinerar
粉丝	fan; seguidor; fideos de soya
粉碎	triturar; aplastar; hacer añicos
分量	peso; cantidad; importancia
分外	especialmente; excepcionalmente
份额	cuota; porción; participación
奋力	esforzarse al máximo
奋勇	armarse de valor
粪便	heces; excremento
丰富多彩	rico y variado; colorido
丰厚	abundante; generoso
丰满	lleno; bien formado; voluptuoso
丰盛	abundante; suntuoso
丰硕	abundante; fructífero
风波	disturbio; polémica; conflicto
风采	elegancia; porte
风餐露宿	pasar penurias a la intemperie
风范	porte; modelo; ejemplo
风风雨雨	altibajos; vicisitudes
风和日丽	día soleado y apacible
风浪	oleaje; tempestad; adversidad
风力	fuerza del viento; energía eólica
风流	talentoso y distinguido; galante
风貌	estilo; aspecto; fisonomía
风气	ambiente general; costumbre
风情	encanto; gracia; coquetería
风趣	humor; ingenio; gracioso
风沙	tormenta de arena; arena del viento
风尚	costumbre; moda; tendencia
风水	feng shui
风味	sabor típico; estilo propio
风雨	viento y lluvia; dificultades
风云	situación cambiante; viento y nubes
风筝	papalote; cometa
封顶	techar; poner un tope
封建	feudalismo; feudal
封面	portada; cubierta
封锁	bloquear; acordonar; confinar
疯子	loco; demente
峰回路转	un giro inesperado; serpenteante
蜂蜜	miel
缝合	coser; suturar
讽刺	satirizar; burlarse; ironía
凤凰	fénix
否决	vetar; rechazar
孵化	incubar; empollar
扶持	apoyar; ayudar
服饰	vestimenta; ropa y accesorios
服务器	servidor (informática)
服用	tomar (medicina)
俘获	capturar
俘虏	prisionero de guerra; cautivo
浮力	flotabilidad
浮现	venir a la mente; aflorar
浮躁	impaciente; inquieto; superficial
辐射	radiación; irradiar
福气	buena fortuna; dicha
抚摸	acariciar
抚恤	indemnizar (a deudos o heridos)
抚养	criar; mantener (a hijos)
抚养费	pensión alimenticia
斧子	hacha
俯首	bajar la cabeza; someterse
辅导	asesorar; dar tutoría; orientar
腐败	corrupción; corrupto; podrido
腐化	corromperse; degenerar
腐烂	pudrirse; podrido
腐蚀	corroer; corrosión; corromper
腐朽	podrido; decadente
付费	pagar; de pago
付款	pagar; pago
负面	negativo
负有	tener (responsabilidad)
附带	adicional; de paso; incidentalmente
附和	hacer eco; secundar
附加	adicional; añadir
附属	afiliado; anexo; subsidiario
复查	revisar de nuevo; reexaminar
复发	recaer; reaparecer
复合	reconciliarse; compuesto
复活	resucitar; revivir
复兴	resurgir; renacimiento
复原	restaurar; recuperarse
副作用	efecto secundario
赋予	otorgar; conferir; encomendar
富含	rico en
富豪	magnate; millonario
富强	próspero y poderoso
富翁	millonario; ricachón
富裕	acomodado; próspero
富足	abundante; próspero
腹部	abdomen; vientre
腹泻	diarrea
覆盖	cubrir; cobertura
改版	nueva edición; rediseñar
改编	adaptar; reorganizar
改动	modificar; cambiar
改革开放	reforma y apertura
改良	mejorar; reformar
改名	cambiar de nombre
改日	otro día
改为	cambiar a; convertir en
改邪归正	enmendarse; reformarse
盖子	tapa; cubierta
概况	panorama general; resumen
概率	probabilidad
概论	introducción; generalidades
干戈	armas; guerra
干旱	sequía; árido
干燥	seco; árido; aburrido
甘心	resignarse; estar dispuesto
肝脏	hígado
尴尬	incómodo; embarazoso
赶赴	apresurarse a ir
赶往	dirigirse a toda prisa
敢情	resulta que; claro que
感触	impresión; sentimiento
感恩	agradecer; estar agradecido
感激	agradecer; estar agradecido
感慨	conmoverse; suspirar (de emoción)
感染	infectar; infección; contagiar (emociones)
感染力	poder de contagio; atractivo
感叹	suspirar; lamentar; exclamar
感性	sensible; perceptivo; emotivo
干部	cuadro (funcionario); dirigente
干事	encargado; secretario
刚毅	firme; resuelto
纲领	programa; principio rector
纲要	esquema; puntos esenciales
杠铃	barra (de pesas)
高昂	elevado (ánimo); caro; alzar (la cabeza)
高傲	arrogante; altivo
高超	excelente; magistral
高低	altura; nivel; a toda costa
高调	grandilocuencia; alto perfil
高额	elevado (monto); cuantioso
高尔夫球	golf; pelota de golf
高峰期	hora pico; periodo de máxima demanda
高贵	noble; distinguido
高空	gran altura
高龄	edad avanzada; anciano
高明	brillante; sabio; superior
高山	alta montaña
高效	eficiente; muy eficaz
高新技术	alta tecnología
高血压	hipertensión; presión alta
高压	alta presión; alto voltaje
高雅	elegante; refinado
高涨	aumentar; subir; exaltado
搞鬼	tramar algo; hacer trampa
搞笑	hacer reír; chistoso
告辞	despedirse; retirarse
告诫	advertir; amonestar
告示	aviso; anuncio
告知	informar; comunicar
告状	acusar (con alguien); quejarse; demandar
戈壁	desierto de Gobi
胳膊	brazo
鸽子	paloma
搁浅	encallar; estancarse
搁置	dejar de lado; aplazar
歌剧	ópera
歌颂	cantar alabanzas; ensalzar
歌舞	canto y baile
歌咏	cantar
革命	revolución; revolucionario
格格不入	incompatible; desentonar
格局	estructura; disposición; panorama
格式	formato
隔阂	distanciamiento; barrera
隔离	aislar; separar; cuarentena
个案	caso individual; caso aislado
个头儿	tamaño; estatura
各奔前程	cada quien por su camino
各式各样	de todo tipo; variado
根基	cimientos; base
根深蒂固	arraigado
根源	origen; raíz; causa
根治	curar de raíz; erradicar
跟不上	no poder seguir el ritmo
跟上	alcanzar; seguir el ritmo
跟踪	seguir el rastro; rastreo; seguimiento
更改	modificar; cambiar
更衣室	vestidor; vestuario
耕地	tierra cultivable; arar
耿直	franco; recto; honesto
工地	obra (de construcción)
工会	sindicato
工科	ingeniería (carrera)
工商界	mundo empresarial
工序	proceso de trabajo; fase
工整	esmerado; pulcro
工作量	carga de trabajo
公安局	oficina de seguridad pública (policía)
公车	autobús; vehículo oficial
公道	justo; equitativo
公费	a cargo del Estado; con fondos públicos
公共场所	lugar público
公关	relaciones públicas
公函	carta oficial; oficio
公积金	fondo de reserva; fondo de vivienda
公开信	carta abierta
公款	fondos públicos
公立	público (escuela, hospital)
公墓	cementerio público
公仆	servidor público
公顷	hectárea
公然	abiertamente; descaradamente
公示	hacer público; aviso público
公事	asuntos de trabajo; asuntos oficiales
公务	asuntos oficiales; servicio público
公益	bien común; interés público
公益性	carácter de interés público; sin fines de lucro
公用	de uso público; público
公寓	departamento; edificio de departamentos
公约	convención; convenio
公证	notarizar; certificación notarial
公职	cargo público
功臣	héroe; persona de gran mérito
功底	formación básica; bases sólidas
功劳	mérito; contribución
功力	habilidad; destreza; eficacia
功率	potencia (física)
功效	eficacia; efecto
攻读	cursar; estudiar (un posgrado)
攻关	abordar un problema clave
供不应求	la oferta no satisface la demanda
供暖	calefacción; suministrar calefacción
供求	oferta y demanda
宫殿	palacio
宫廷	corte imperial
恭维	halagar; adular; cumplido
恭喜	felicitar; ¡felicidades!
共鸣	resonancia; empatía
共识	consenso
共同体	comunidad
共性	rasgo común; carácter general
供奉	venerar; consagrar; ofrenda
勾画	esbozar; delinear
勾结	confabularse; coludirse
钩子	gancho
构思	concebir; idear; planear
构想	concebir; concepto; idea
够呛	terrible; insoportable; poco probable
估算	estimar; calcular
沽名钓誉	buscar fama
孤单	solo; solitario; soledad
孤立	aislado; aislar
孤零零	solito; desamparado
孤陋寡闻	ignorante; poco informado
辜负	defraudar; no estar a la altura
古董	antigüedad (objeto)
古怪	extraño; raro; excéntrico
古迹	sitio histórico; vestigio
古今中外	en todo tiempo y lugar
古朴	sencillo y antiguo; rústico
古人	antiguos; gente de la antigüedad
股份	acción (bursátil); participación
股民	inversionista en bolsa
股市	bolsa de valores
骨干	pilar; columna vertebral
骨气	dignidad; entereza
骨折	fractura; fracturarse
鼓动	incitar; alentar; agitar
鼓舞	animar; inspirar; alentador
固然	es cierto que; desde luego
固执	terco; obstinado
顾不得	no poder ocuparse de
顾不上	no tener tiempo para
顾及	tomar en cuenta; atender
顾虑	preocupación; reparo; inquietarse
顾全大局	pensar en el bien común
雇佣	emplear; contratar
雇员	empleado
雇主	empleador; patrón
瓜分	repartirse; dividir
瓜子	pepitas; semillas tostadas
刮风	hacer viento
寡妇	viuda
挂钩	vincular; enganchar; gancho
挂号	registrarse (en hospital); enviar certificado
挂念	extrañar; preocuparse por
挂失	reportar una pérdida
乖巧	listo y obediente; adorable
拐弯	dar vuelta; doblar la esquina
拐杖	bastón; muleta
怪不得	¡con razón!; no es de extrañar
怪物	monstruo; bicho raro
怪异	extraño; raro
关掉	apagar; cerrar
关节	articulación; punto clave
关税	arancel; impuesto aduanero
关头	momento crítico; coyuntura
关照	cuidar; atender; avisar
观测	observar; observación
观感	impresión
观摩	observar y aprender
观赏	contemplar; admirar; ornamental
观望	esperar y ver; observar
官兵	oficiales y soldados
官吏	funcionario
官僚	burócrata; burocracia
官僚主义	burocratismo
官员	funcionario
棺材	ataúd
管家	mayordomo; administrador
管教	disciplinar; educar
管理费	cuota de mantenimiento; gastos de administración
管辖	tener jurisdicción; administrar
管用	útil; eficaz
管子	tubo; caño; popote
贯彻	aplicar; llevar a cabo
贯穿	atravesar; recorrer de principio a fin
贯通	conectar; dominar a fondo
惯例	costumbre; práctica habitual
惯性	inercia
灌溉	regar; irrigar
灌输	inculcar; infundir
罐头	lata; conserva
光彩	brillo; esplendor; honroso
光碟	disco compacto; CD
光顾	visitar (como cliente)
光滑	liso; terso
光环	halo; aureola; gloria
光缆	cable de fibra óptica
光芒	rayos de luz; resplandor
光明磊落	íntegro y franco
光泽	brillo; lustre
广义	sentido amplio
归根到底	a fin de cuentas
归还	devolver
归结	resumir; concluir
归来	regresar; volver
归纳	resumir; inducir; inducción
归属	pertenecer; pertenencia
归宿	destino final; hogar
规格	especificación; norma; estándar
规矩	reglas; normas; formal
闺女	hija; muchacha
瑰宝	tesoro; joya
轨迹	trayectoria; órbita
柜台	mostrador; recepción
贵宾	invitado de honor; VIP
贵重	valioso; precioso
贵族	aristocracia; noble
桂花	flor de osmanto
滚动	rodar; desplazar (pantalla)
棍子	palo; vara
国宝	tesoro nacional
国防	defensa nacional
国画	pintura tradicional china
国徽	escudo nacional
国情	situación del país
国土	territorio nacional
国学	estudios clásicos chinos
国有	estatal; de propiedad estatal
果断	decidido; resuelto
果园	huerto (frutal)
果真	realmente; efectivamente
过半	más de la mitad
过不去	complicarle la vida a; no poder pasar
过错	error; culpa
过道	pasillo; corredor
过关	pasar (una prueba); superar
过奖	halagar en exceso; me halaga
过节	celebrar una fiesta
过境	transitar; tránsito
过滤	filtrar
过期	caducar; vencerse
过日子	vivir; ir tirando
过剩	excedente; sobrar
过失	falta; error; negligencia
过头	pasarse; excederse
过往	ir y venir; pasado
过意不去	sentirse apenado
过瘾	darse el gusto; muy satisfactorio
过硬	de calidad probada; dominar
过早	prematuro
海岸	costa; litoral
海拔	altitud sobre el nivel del mar
海滨	orilla del mar; costa
海盗	pirata
海量	enorme cantidad
海绵	esponja
海面	superficie del mar
海内外	dentro y fuera del país
海滩	playa
海峡	estrecho; canal
海啸	tsunami
海域	aguas territoriales; zona marítima
海运	transporte marítimo
海藻	alga marina
骇人听闻	escandaloso; espeluznante
害虫	plaga; insecto dañino
害臊	tener vergüenza
害羞	tímido; avergonzado
酣畅	desinhibido; a gusto
酣睡	dormir profundamente
含糊	ambiguo; vago; descuidado
含蓄	reservado; implícito; sutil
函授	enseñanza por correspondencia
涵盖	abarcar; incluir
涵义	significado; connotación
罕见	raro; poco común
汗水	sudor
旱灾	sequía
捍卫	defender; salvaguardar
行家	experto; conocedor
行列	filas; formación
行情	situación del mercado; cotización
航海	navegación marítima; navegar
航天	vuelo espacial; aeroespacial
航天员	astronauta
航行	navegar; volar
航运	transporte marítimo; navegación
毫不	en absoluto; nada
毫不犹豫	sin la menor vacilación
毫无	carecer por completo de
豪华	lujoso
好比	ser como; compararse con
好歹	de cualquier modo; bien y mal
好感	buena impresión; simpatía
好坏	calidad; lo bueno y lo malo
好家伙	¡vaya!; ¡caramba!
好评	buena crítica; valoración positiva
好说	no hay problema; es usted muy amable
好笑	gracioso; ridículo
好心	buena intención; bondad
好心人	buen samaritano; persona bondadosa
好意	buena intención; amabilidad
好在	por suerte; afortunadamente
号称	ser conocido como; presumir de
好客	hospitalario; hospitalidad
好奇心	curiosidad
耗费	gastar; consumir; derrochar
耗时	llevar tiempo; tardado
浩劫	catástrofe; calamidad
呵护	cuidar con cariño; proteger
禾苗	plántula (de cereal)
合唱	coro; cantar a coro
合乎	ajustarse a; conforme a
合伙	asociarse; en sociedad
合计	sumar; total; pensar
合情合理	razonable; sensato
合影	foto de grupo; tomarse una foto juntos
合资	empresa conjunta; coinversión
合作社	cooperativa
何必	¿para qué?; no hace falta
何处	dónde
何苦	¿para qué molestarse?
何况	y más aún; mucho menos
何时	cuándo
和蔼	amable; afable
和解	reconciliarse; conciliación
和睦	armonioso; en paz
和平共处	coexistencia pacífica
和气	amable; cordial; armonía
和尚	monje budista
河流	río
河畔	orilla del río
荷花	flor de loto
核电站	central nuclear
核对	cotejar; verificar
核能	energía nuclear
核实	verificar; comprobar
核桃	nuez
核武器	arma nuclear
贺电	telegrama de felicitación
贺信	carta de felicitación
喝彩	aclamar; ovacionar
赫然	de pronto; impresionante
鹤立鸡群	destacar entre todos
黑白	blanco y negro; el bien y el mal
黑客	hacker; pirata informático
黑马	caballo negro; ganador inesperado
黑手	mano negra; manipulador oculto
黑心	despiadado; sin escrúpulos
痕迹	huella; rastro; vestigio
恨不得	morirse por; desear con ansias
横七竖八	desordenado; en desorden
横向	horizontal; lateral
轰动	causar sensación; revuelo
轰炸	bombardear
哄堂大笑	carcajada general
烘干	secar (con calor)
烘托	realzar; hacer resaltar
弘扬	promover; difundir
红灯	luz roja; semáforo en rojo
红火	próspero; floreciente
红扑扑	sonrosado; colorado
红润	sonrosado; rozagante
红薯	camote
红眼	enfurecerse; envidioso
宏观	macro; macroscópico
宏伟	grandioso; imponente
洪亮	sonoro; resonante
喉咙	garganta
后备	reserva; de respaldo
后备箱	cajuela; maletero
后代	descendientes; generaciones futuras
后盾	respaldo; apoyo
后顾之忧	preocupaciones por lo que queda atrás
后期	etapa final; periodo posterior
后勤	logística
后人	generaciones posteriores
后台	bastidores; respaldo oculto; back-end
后退	retroceder; replegarse
后续	posterior; de seguimiento
后遗症	secuela; repercusiones
后裔	descendiente
后者	este último
厚道	bondadoso; honesto
厚度	grosor; espesor
候选人	candidato
呼风唤雨	tener gran poder; armar alboroto
呼唤	llamar; clamar
呼救	pedir auxilio
呼声	clamor; voz (popular)
呼应	hacer eco; corresponder
呼吁	hacer un llamado; apelar
忽高忽低	subir y bajar sin parar
忽悠	engañar; embaucar; balancearse
胡闹	hacer travesuras; armar escándalo
胡说	decir tonterías; disparate
胡思乱想	imaginar cosas; dejar volar la mente
湖泊	lago
糊涂	confundido; despistado; tonto
互补	complementarse; complementario
互访	visitas mutuas
互信	confianza mutua
互助	ayuda mutua; ayudarse
护理	cuidar; atender (enfermos); enfermería
花瓣	pétalo
花卉	flores y plantas
花纹	diseño decorativo; estampado
花样	diseño; variedad; truco
划算	rentable; valer la pena
华丽	lujoso; espléndido
华侨	chino de ultramar
华裔	descendiente de chinos
哗变	motín; rebelión
哗然	alboroto; escándalo
滑冰	patinar sobre hielo
滑稽	cómico; gracioso
滑梯	resbaladilla; tobogán
滑雪	esquiar; esquí
化肥	fertilizante químico
化身	encarnación; personificación
化纤	fibra sintética
化险为夷	salir de un apuro
化验	análisis de laboratorio
化妆	maquillarse
划时代	que marca época; histórico
画册	álbum de ilustraciones
画龙点睛	dar el toque final
画蛇添足	echarlo a perder por exceso
画展	exposición de pintura
话费	costo de llamadas; saldo telefónico
话筒	micrófono; auricular (teléfono)
话语	palabras; discurso
怀抱	abrazar; regazo; abrigar (ideal)
怀旧	nostalgia; sentir nostalgia
怀里	en brazos; regazo
怀孕	embarazarse; embarazo
怀着	abrigar (un sentimiento); con
槐树	acacia japonesa
坏事	mala acción; echar a perder
欢呼	aclamar; vitorear
欢聚	reunirse alegremente
欢快	alegre; animado
欢声笑语	risas y alegría
还款	pagar (una deuda); reembolso
还原	restaurar; reconstruir; reducción (química)
环球	mundial; alrededor del mundo
环绕	rodear; girar alrededor
缓和	aliviar; suavizar; distender
缓缓	lentamente; poco a poco
缓慢	lento; pausado
幻觉	alucinación; ilusión
幻影	espejismo; fantasma
换成	cambiar por; convertir en
换取	obtener a cambio; canjear
换位	intercambiar lugares; ponerse en el lugar del otro
换言之	en otras palabras
唤起	despertar; evocar; movilizar
患病	enfermarse
患有	padecer (enfermedad)
焕发	irradiar; rebosar (energía)
荒诞	absurdo; disparatado
荒凉	desolado; desierto
荒谬	absurdo; ridículo
慌乱	aturdido; agitado
慌张	nervioso; alterado
皇宫	palacio imperial
皇后	emperatriz
皇上	emperador; su majestad
皇室	familia imperial
黄昏	anochecer; crepúsculo
恍然大悟	caer en la cuenta de repente
谎话	mentira
谎言	mentira
晃荡	balancearse; tambalearse; vagar
灰尘	polvo
灰心	desanimarse
辉煌	glorioso; espléndido
回归	regresar; volver a; regresión
回扣	comisión; mordida (soborno)
回馈	retribuir; corresponder; retroalimentación
回落	volver a bajar
回升	repuntar; recuperarse
回首	mirar atrás; recordar
回味	rememorar; saborear; regusto
回想	recordar; rememorar
回忆录	memorias
悔恨	arrepentirse; remordimiento
毁坏	destruir; dañar
毁灭	destruir; aniquilar; perecer
汇合	confluir; unirse
汇集	reunir; recopilar; confluir
汇聚	converger; concentrarse
会场	lugar de reunión; sala de conferencias
会面	reunirse; encuentro
会晤	reunirse; reunión oficial
会意	comprender; ideograma compuesto
会诊	consulta médica conjunta
绘声绘色	vívido; realista
贿赂	sobornar; soborno
昏迷	perder el conocimiento; coma
婚纱	vestido de novia
婚姻	matrimonio
浑身	todo el cuerpo; de pies a cabeza
混凝土	concreto; hormigón
混淆	confundir; mezclar
混浊	turbio
豁出去	arriesgarlo todo; jugarse el todo por el todo
活该	¡se lo merece!; bien merecido
活期	a la vista (cuenta bancaria)
活儿	trabajo; quehacer
火暴	fogoso; muy animado; muy concurrido
火锅	fondue china; olla caliente
火候	punto de cocción; dominio; momento oportuno
火花	chispa
火炬	antorcha
火辣辣	abrasador; ardiente; picante
火热	ardiente; fervoroso
火山	volcán
火速	a toda prisa
火焰	llama
火药	pólvora
伙食	comida; alimentación
或多或少	más o menos
货币	moneda; dinero
货车	camión de carga; vagón de carga
货物	mercancía
货运	transporte de carga; flete
获胜	ganar; vencer
获悉	enterarse; saber
祸害	desgracia; plaga; perjudicar
霍乱	cólera (enfermedad)
豁达	abierto; magnánimo; optimista
几率	probabilidad
讥笑	burlarse; mofarse
饥饿	hambre; hambriento
机舱	cabina (de avión)
机动	motorizado; flexible
机灵	listo; avispado
机密	secreto; confidencial
机智	ingenioso; ágil de mente
肌肤	piel
积淀	acumulación; sedimento (cultural)
积蓄	ahorrar; ahorros
基本功	habilidades básicas; fundamentos
基层	nivel de base; bases
基因	gen
基于	con base en; debido a
基准	referencia; estándar; criterio
畸形	deforme; malformación; desequilibrado
激发	estimular; despertar; excitar
激光	láser
激化	agudizar; intensificar
激活	activar
激励	motivar; alentar; incentivo
激起	provocar; suscitar
激素	hormona
及其	y su; y sus
及早	lo antes posible; cuanto antes
吉普	jeep; todoterreno
吉他	guitarra
吉祥物	mascota (emblema)
级别	nivel; rango; categoría
极度	extremadamente; sumamente
极力	esforzarse al máximo; a toda costa
极少数	una pequeña minoría; muy pocos
极为	sumamente; extremadamente
极限	límite; extremo
即便	aunque; incluso si
即可	bastar con; poder entonces
急剧	rápido; repentino; brusco
急迫	urgente; apremiante
急性	agudo (enfermedad)
急需	necesitar con urgencia; necesidad urgente
急于	tener prisa por; estar ansioso por
急诊	urgencias; atender de urgencia
急转弯	girar bruscamente; curva cerrada
棘手	espinoso; difícil de resolver
集会	reunión; mitin; congregarse
集结	concentrar; reunir (tropas); agruparse
集邮	filatelia; coleccionar sellos
集装箱	contenedor (de carga)
集资	recaudar fondos
嫉妒	envidiar; tener celos de
挤压	apretar; comprimir; presionar
脊梁	columna vertebral; espalda
计策	estratagema; plan
计较	preocuparse por minucias; regatear; discutir
计时	cronometrar; medir el tiempo
记号	marca; señal; símbolo
记忆犹新	seguir fresco en la memoria
纪录片	documental
纪念碑	monumento
纪念馆	museo conmemorativo; memorial
纪念日	aniversario; día conmemorativo
纪实	crónica; relato documental
技艺	destreza; arte; técnica
忌讳	tabú; evitar (por tabú)
忌口	evitar ciertos alimentos; hacer dieta
迹象	señal; indicio
继而	luego; a continuación
继父	padrastro
继母	madrastra
祭奠	rendir homenaje a los difuntos; ofrendar
祭祀	ofrecer sacrificios (a dioses o ancestros)
寄托	depositar (esperanzas); confiar a alguien
寂静	silencioso; quieto
寂寞	solitario; sentirse solo
加紧	intensificar; acelerar
加剧	intensificar; agravar
加深	profundizar
加重	agravar; hacer más pesado; empeorar
佳节	día festivo; fiesta
家伙	tipo; sujeto; utensilio
家家户户	todas las familias; cada hogar
家教	educación familiar; tutor particular
家境	situación económica familiar
家禽	aves de corral
家用	de uso doméstico; gastos del hogar
家喻户晓	conocido por todos; de dominio público
家政	tareas domésticas; economía doméstica
家族	clan; familia
嘉年华	carnaval
假定	suponer; supuesto
假冒	falsificar; hacerse pasar por
假设	suponer; hipótesis
假使	si; en caso de que
假装	fingir; aparentar
价位	nivel de precio; rango de precios
价值观	valores; escala de valores
驾车	conducir; manejar (un vehículo)
驾驭	conducir; dominar; controlar
架势	postura; actitud; aire
架子	estante; armazón; aires de superioridad
嫁妆	dote; ajuar
尖端	punta; de vanguardia
尖锐	agudo; afilado; incisivo
奸诈	traicionero; astuto; pérfido
歼灭	aniquilar; exterminar
坚持不懈	perseverar sin descanso
坚韧	tenaz; resistente
坚实	sólido; firme
坚守	mantenerse firme en; defender
坚信	creer firmemente
坚硬	duro; sólido
肩膀	hombro
肩负	cargar con; asumir (responsabilidad)
艰巨	arduo; muy difícil
艰苦奋斗	luchar con tesón; luchar arduamente
艰险	difícil y peligroso; peligros
艰辛	penurias; arduo
监察	supervisar; inspeccionar
监管	supervisar; regular; vigilar
监护	tutelar; ejercer de tutor
监控	monitorear; vigilar
监视	vigilar; vigilancia
监狱	prisión; cárcel
兼顾	compaginar; atender a la vez
兼任	ocupar un cargo simultáneo
兼容	compatible
兼职	trabajo de medio tiempo; empleo adicional
检察	investigar (fiscalía); inspeccionar
检讨	autocrítica; revisar; examinar
减免	reducir o eximir (impuestos, etc.)
减弱	debilitarse; disminuir
减速	desacelerar; reducir la velocidad
减压	reducir la presión; desestresarse
简称	abreviatura; abreviarse como
简短	breve; conciso
简化	simplificar
简洁	conciso; sucinto
简陋	rudimentario; humilde
简体字	carácter simplificado
简要	conciso; breve; resumido
简易	sencillo; simple
见解	opinión; punto de vista
见钱眼开	codicioso; solo pensar en el dinero
见仁见智	cada quien tiene su opinión
见识	conocimiento; experiencia; conocer de primera mano
见外	tratar como a un extraño; andar con formalidades
见效	surtir efecto; dar resultado
见义勇为	intervenir con valentía para ayudar
见证	presenciar; testigo; testimonio
间谍	espía
间断	interrumpir; interrupción
间隔	intervalo; separación; separar
间隙	intervalo; hueco; holgura
建交	establecer relaciones diplomáticas
建树	aportación; contribuir
建筑师	arquitecto
建筑物	edificio; construcción
健美	sano y atractivo; fisicoculturismo
健壮	robusto; fuerte
鉴别	distinguir; identificar; diferenciar
鉴赏	apreciar (como conocedor); valorar
鉴于	en vista de; considerando
僵化	volverse rígido; anquilosarse
僵局	punto muerto; estancamiento
讲解	explicar
讲述	narrar; relatar
讲学	dar conferencias; impartir clases
奖杯	trofeo; copa
奖牌	medalla
奖品	premio
奖项	premio; galardón
降临	descender; llegar
交叉	cruzarse; intersectar; superponerse
交锋	enfrentarse; confrontación
交付	entregar; hacer entrega
交集	intersección; punto en común; mezclarse (emociones)
交接	traspasar; entregar el relevo; unirse
交界	frontera común; colindar
交纳	pagar (impuestos o cuotas)
交情	amistad; relación
交涉	negociar; tratar con
交谈	conversar; charlar
交替	alternar; sustituir; por turnos
交头接耳	cuchichear; hablarse al oído
交响乐	sinfonía; música sinfónica
郊外	afueras; alrededores
郊游	ir de excursión; paseo al campo
娇惯	consentir; mimar
娇气	delicado; melindroso; mimado
胶囊	cápsula
胶片	película (fotográfica)
焦急	ansioso; impaciente
焦距	distancia focal
焦虑	ansioso; preocupado; ansiedad
焦躁	impaciente; inquieto; irritable
礁石	arrecife; escollo
角落	rincón; esquina
狡猾	astuto; taimado
矫正	corregir; rectificar
搅拌	remover; mezclar; batir
缴费	pagar una cuota
缴纳	pagar (impuestos, etc.)
叫板	desafiar; retar
叫好	aplaudir; ovacionar
轿车	sedán; automóvil
较劲	competir; medir fuerzas
较量	medirse con; competir; enfrentamiento
教科书	libro de texto
教条	dogma; doctrina; dogmático
教养	educación; crianza; educar
阶层	estrato social; clase social
阶级	clase (social)
阶梯	escalinata; escalón (fig.)
接班	tomar el relevo; suceder a alguien
接班人	sucesor
接二连三	uno tras otro; en rápida sucesión
接轨	integrarse; conectar; alinearse con
接济	ayudar materialmente; socorrer
接见	recibir (en audiencia); conceder una entrevista
接力	relevo
接纳	admitir; aceptar
接手	hacerse cargo de; tomar el relevo
接送	llevar y recoger
接替	reemplazar; sustituir
接听	contestar (el teléfono)
接通	conectar; comunicar (llamada)
揭发	denunciar; sacar a la luz
揭露	desenmascarar; revelar; exponer
揭示	revelar; poner de manifiesto
揭晓	anunciar (resultados); dar a conocer
节俭	ahorrativo; frugal
节气	término solar (calendario chino)
节水	ahorrar agua
节衣缩食	apretarse el cinturón; vivir con austeridad
劫持	secuestrar
洁净	limpio; pulcro
结冰	congelarse; helarse
结晶	cristal; cristalizar; fruto (fig.)
结局	desenlace; final
结识	conocer a alguien; trabar amistad
结尾	final; conclusión; terminar
截然不同	totalmente distinto; como el día y la noche
竭尽全力	hacer todo lo posible; no escatimar esfuerzos
竭力	hacer todo lo posible; con todas las fuerzas
解答	responder; resolver; solución
解读	interpretar; descifrar
解雇	despedir (del trabajo)
解救	rescatar; salvar
解剖	diseccionar; anatomía; analizar
解散	disolver; desintegrar (un grupo)
解体	desintegrarse; desmoronarse
解脱	liberarse; librarse de
解围	sacar de un apuro; levantar un asedio
解析	analizar; análisis
介入	intervenir; involucrarse
介意	importar; molestarse
介于	estar entre; intermedio
戒备	estar en guardia; precaverse
戒烟	dejar de fumar
戒指	anillo
届时	llegado el momento; en su momento
界定	definir; delimitar
界限	límite; frontera
界线	línea divisoria; límite
借口	pretexto; excusa; poner como excusa
借条	pagaré; recibo de préstamo
借用	tomar prestado; usar prestado
借助	con ayuda de; valerse de
金属	metal
金子	oro
金字塔	pirámide
津津有味	con gran gusto; con fruición
津贴	subsidio; prestación
禁不住	no poder evitar; no poder resistir
仅次于	solo superado por; segundo después de
尽早	lo antes posible
紧凑	compacto; apretado (horario)
紧接着	inmediatamente después
紧迫	apremiante; urgente
紧缺	escaso; con escasez
紧缩	reducir; recortar; contraer
锦旗	banderín de seda (de honor)
谨慎	prudente; cauteloso
尽情	a gusto; a placer; a sus anchas
尽头	fin; extremo; final
进场	entrar (al recinto); entrar al mercado
进程	proceso; curso
进出	entrar y salir
进出口	importación y exportación; entrada y salida
进度	avance; ritmo de progreso
进而	y luego; además
进修	cursar estudios avanzados; capacitarse
近年来	en los últimos años
劲头	entusiasmo; energía; fuerza
晋升	ascender; ascenso
浸泡	remojar; sumergir
禁忌	tabú; contraindicación
禁区	zona restringida; área prohibida
经度	longitud (geografía)
经久不息	prolongado (aplausos, etc.)
经贸	economía y comercio
经商	dedicarse al comercio; hacer negocios
经受	soportar; resistir; sufrir
荆棘	zarzas; espinos
惊诧	asombrarse; quedar atónito
惊慌	alarmarse; entrar en pánico
惊慌失措	perder la cabeza por el pánico
惊奇	asombrarse; sorprenderse
惊叹	exclamar con admiración; maravillarse
惊天动地	estremecedor; que sacude el mundo
惊险	peligroso; emocionante; de suspenso
惊心动魄	escalofriante; impresionante
惊醒	despertarse sobresaltado
惊讶	asombrado; sorprendido
晶莹	cristalino; reluciente
兢兢业业	concienzudo; diligente
精打细算	calcular minuciosamente; administrar con cuidado
精华	esencia; lo mejor
精简	simplificar; reducir
精练	conciso; pulido
精妙	exquisito; ingenioso
精明	astuto; perspicaz; listo
精疲力竭	agotado; exhausto
精确	preciso; exacto
精神病	enfermedad mental; trastorno mental
精髓	esencia; quintaesencia
精通	dominar (una materia); ser experto en
精细	fino; minucioso; meticuloso
精心	esmerado; con sumo cuidado
精益求精	buscar siempre la perfección
精英	élite; lo mejor
精致	fino; exquisito; refinado
颈部	cuello
景观	paisaje
景区	zona turística; área paisajística
警车	patrulla; coche de policía
警官	oficial de policía; agente
警惕	estar alerta; vigilante
警钟	campana de alarma; señal de alarma
净化	purificar; depurar
竞技	competencia deportiva; competir
竞相	competir por; rivalizar en
竞选	hacer campaña electoral; postularse
竟敢	atreverse a; tener el descaro de
敬爱	respetar y amar; querido y respetado
敬而远之	mantenerse a una distancia respetuosa
敬酒	brindar; proponer un brindis
敬礼	saludar; saludo
敬佩	admirar; estimar
敬请	se ruega; tenga a bien
敬业	dedicado a su trabajo
敬意	respeto; estima
敬重	respetar profundamente; venerar
静止	inmóvil; estático; quieto
境地	situación; circunstancias
境界	nivel; estado; ámbito
境内	dentro del país; en territorio nacional
境外	en el extranjero; fuera del país
境遇	circunstancias; situación (personal)
窘迫	apurado; en aprietos; pobre
纠缠	enredarse; importunar; acosar
久违	¡cuánto tiempo!; no hacer algo en mucho tiempo
久仰	encantado de conocerlo (formal)
酒精	alcohol; etanol
酒楼	restaurante
救护车	ambulancia
救济	socorrer; ayuda de emergencia
救治	tratar (a un paciente); atender de urgencia
就餐	comer; tomar una comida
就地	en el lugar; ahí mismo
就读	estudiar (en una escuela); asistir a
就近	cerca; en las inmediaciones
就任	asumir un cargo
就医	recibir atención médica; ir al médico
就诊	ir al médico; consultar al médico
就职	asumir un cargo; tomar posesión
就座	tomar asiento; sentarse
舅舅	tío (hermano de la madre)
拘留	detener; arrestar
拘束	cohibido; incómodo; restringir
居高临下	en posición dominante; con aire de superioridad
居民楼	edificio residencial; edificio de departamentos
鞠躬	hacer una reverencia
局部	parte; local; parcial
局势	situación; coyuntura
局限	limitar; restringir; limitación
菊花	crisantemo
橘子	mandarina
沮丧	desanimado; abatido
举报	denunciar; reportar (a las autoridades)
举措	medida; acción
举例	poner un ejemplo
举世闻名	mundialmente famoso
举世无双	sin igual; único en el mundo
举世瞩目	atraer la atención mundial
举一反三	deducir mucho a partir de un caso
举止	comportamiento; modales
举重	halterofilia; levantar pesas
巨额	suma enorme; cuantioso
巨人	gigante
巨头	magnate; gigante (empresa)
巨星	superestrella; estrella gigante
巨型	gigante; enorme
剧烈	violento; intenso; agudo
剧目	obra (de teatro); repertorio
剧情	trama; argumento
剧团	compañía de teatro
剧院	teatro
剧组	elenco y equipo de producción
据此	en consecuencia; con base en esto
据悉	según se informa; se sabe que
聚集	reunirse; congregarse; acumular
聚精会神	concentrarse por completo
捐献	donar; contribuir
卷入	verse envuelto en; involucrarse
卷子	hoja de examen
决议	resolución; acuerdo
诀别	despedirse para siempre
诀窍	truco; secreto; maña
角逐	competir; disputar
觉醒	despertar; tomar conciencia
绝技	habilidad extraordinaria; proeza
绝缘	aislar (eléctricamente); estar desconectado de
绝招	truco infalible; golpe maestro
倔强	terco; obstinado; tenaz
崛起	surgir; alzarse; auge
爵士	jazz; caballero (título)
军官	oficial (militar)
均衡	equilibrado; equilibrio
均匀	uniforme; parejo; homogéneo
君子	caballero; persona íntegra
俊俏	guapo; atractivo; bonito
骏马	corcel; caballo de raza
竣工	concluir una obra; terminar la construcción
卡车	camión
卡片	tarjeta; ficha
卡通	caricatura; dibujos animados
开办	abrir; fundar; establecer
开采	explotar (minas); extraer
开场	comenzar; inicio (de un evento)
开场白	palabras de apertura; prólogo
开除	expulsar; despedir
开动	arrancar; poner en marcha
开发区	zona de desarrollo
开发商	desarrollador; promotora inmobiliaria
开工	comenzar las obras; empezar a trabajar
开垦	roturar; desbrozar (tierras)
开口	abrir la boca; empezar a hablar
开阔	amplio; abierto; ampliar
开朗	alegre; extrovertido; despejado
开辟	abrir; inaugurar; establecer
开启	iniciar; abrir; activar
开枪	disparar; abrir fuego
开天辟地	creación del mundo; sin precedentes
开拓	abrir (nuevos caminos); explorar; desarrollar
开销	gastos; pagar (gastos)
开张	inaugurar un negocio; abrir
开支	gastos; gastar
凯歌	canto de victoria; himno triunfal
楷模	modelo; ejemplo
刊登	publicar (en prensa)
刊物	publicación
看护	cuidar; atender; enfermero
勘探	explorar; prospectar (petróleo, etc.)
堪称	poder considerarse; merecer el nombre de
侃大山	platicar de todo; echar chisme; fanfarronear
看得出	notarse; poder ver
看热闹	mirar el alboroto; ser mirón
看似	parecer; aparentemente
看台	gradas; tribuna
看样子	por lo visto; parece que
看中	fijarse en; elegir; gustarle a uno
看重	valorar; dar importancia a
慷慨	generoso; vehemente; fervoroso
抗衡	rivalizar con; contrarrestar
抗拒	resistir; oponerse a
抗生素	antibiótico
抗争	luchar contra; resistir
考量	considerar; consideración
靠拢	acercarse; arrimarse
苛刻	duro; severo; exigente
科幻	ciencia ficción
科目	asignatura; materia
科普	divulgación científica
咳嗽	toser; tos
可悲	lamentable; triste
可不是	¡exacto!; ¡claro que sí!
可乘之机	oportunidad para el adversario; resquicio
可耻	vergonzoso; deshonroso
可歌可泣	conmovedor; emotivo
可观	considerable; notable; digno de verse
可贵	valioso; loable
可口	sabroso; rico
可谓	se puede decir que
可恶	detestable; odioso; vil
可想而知	es fácil imaginar; huelga decir
可笑	ridículo; gracioso
可信	confiable; creíble
可行	factible; viable
可疑	sospechoso; dudoso
克隆	clonar; clon
克制	contenerse; autocontrol
刻苦	aplicado; esforzado
刻意	deliberadamente; a propósito
刻舟求剑	actuar sin tener en cuenta los cambios
客房	habitación (de hotel); cuarto de huéspedes
客机	avión de pasajeros
客流	flujo de pasajeros
客运	transporte de pasajeros
恳求	suplicar; implorar
空荡荡	vacío; desierto
空难	accidente aéreo
空前	sin precedentes
空想	fantasía; quimera; fantasear
空虚	vacío; hueco; sin sentido
恐怖	terrorífico; espantoso; terror
恐吓	amenazar; intimidar
恐慌	pánico; aterrado
恐惧	miedo; temor; temer
恐龙	dinosaurio
空白	espacio en blanco; vacío
空地	terreno baldío; espacio abierto
空隙	hueco; rendija; intervalo
控告	acusar; denunciar
口碑	reputación; opinión pública
口才	elocuencia; facilidad de palabra
口吃	tartamudear; tartamudez
口感	textura (de la comida); sensación en boca
口径	calibre; postura (oficial); versión
口令	contraseña; voz de mando
口气	tono; forma de hablar
口腔	cavidad bucal
口哨	silbido; silbato
口水	saliva; baba
口头	oral; verbal
口味	gusto; sabor; preferencia
口香糖	chicle; goma de mascar
口音	acento
口罩	cubrebocas; mascarilla
口子	abertura; corte; hueco
扣除	deducir; descontar
扣留	retener; detener
扣人心弦	emocionante; apasionante
扣押	detener; embargar; incautar
枯燥	aburrido; tedioso; árido
哭泣	llorar; sollozar
哭笑不得	no saber si reír o llorar
窟窿	agujero; hueco; laguna
苦力	trabajo duro; peón; culí
苦练	entrenar duro; practicar con empeño
苦难	sufrimiento; penurias
苦恼	afligido; agobiado; preocupado
苦笑	sonreír amargamente; sonrisa amarga
苦心	gran esfuerzo; esmero; con empeño
酷似	parecerse muchísimo
夸大	exagerar
夸奖	elogiar; alabar
夸夸其谈	hablar por hablar; fanfarronear
夸耀	presumir; jactarse
夸张	exagerado; exagerar; hipérbole
跨国	transnacional; multinacional
跨越	atravesar; cruzar; superar
快捷	rápido; ágil
宽敞	espacioso; amplio
宽泛	amplio; extenso (alcance)
宽厚	generoso; tolerante; indulgente
宽容	tolerante; indulgente; tolerar
宽恕	perdonar; perdón
宽松	holgado; relajado; amplio
款式	estilo; diseño; modelo
款项	fondos; suma de dinero
狂欢	parranda; juerga; festejar
狂欢节	carnaval
狂热	fanático; febril; fanatismo
旷课	faltar a clase sin permiso
况且	además; por otra parte
矿藏	recursos minerales; yacimientos
框架	marco; armazón; estructura
亏本	perder dinero; tener pérdidas
亏损	pérdida; déficit; tener pérdidas
昆虫	insecto
困惑	perplejo; confundido; desconcierto
困境	apuro; situación difícil
扩建	ampliar (un edificio, etc.)
扩散	propagarse; difundirse
扩张	expandir; expansión
括弧	paréntesis
阔绰	derrochador; espléndido (con el dinero)
拉动	impulsar; estimular (la economía); jalar
拉拢	atraer; ganarse a alguien
拉锁	cierre; cremallera
啦啦队	porristas; animadoras
喇叭	bocina; altavoz; trompeta
腊月	duodécimo mes lunar
蜡烛	vela
辣椒	chile; ají
来宾	invitado; visitante
来电	llamada entrante; volver la luz; flechazo
来访	visitar; venir de visita
来回	ida y vuelta; de un lado a otro
来历	origen; antecedentes
来临	llegar; aproximarse
来龙去脉	pormenores; origen y desarrollo
来年	el próximo año; año venidero
来源于	provenir de; originarse en
栏杆	barandal; baranda
蓝图	plano; proyecto (fig.)
缆车	teleférico; funicular
懒得	no tener ganas de; dar flojera
懒惰	perezoso; flojo
滥用	abusar de; usar indebidamente
狼狈	en apuros; en situación embarazosa
朗诵	recitar; declamar
劳动力	mano de obra; fuerza laboral
劳累	cansado; agotado
劳务	servicios; trabajo remunerado
牢固	firme; sólido
牢记	tener presente; recordar bien
牢牢	firmemente
唠叨	regañar; dar la lata; parlotear
老伴儿	pareja de toda la vida; cónyuge (en la vejez)
老大	hermano mayor; jefe; muy
老汉	anciano; viejo
老化	envejecer; volverse obsoleto
老人家	persona mayor (trato respetuoso)
老实说	sinceramente; a decir verdad
老远	muy lejos
老字号	marca tradicional; negocio de larga tradición
姥姥	abuela (materna)
姥爷	abuelo (materno)
乐意	estar dispuesto a; con gusto; contento
乐园	paraíso; parque de diversiones
雷同	idéntico; similar (copiado)
累积	acumular
累计	sumar; total acumulado; en total
类别	categoría; clasificación
棱角	aristas; filo (del carácter)
冷淡	frío; indiferente; desairar
冷冻	congelar
冷酷	cruel; despiadado; insensible
冷酷无情	despiadado; sin corazón
冷落	desairar; ignorar; desolado
冷门	campo poco popular; ganador inesperado
冷漠	indiferente; frío; apatía
冷笑	sonreír con desdén; risa sarcástica
冷战	Guerra Fría; dejar de hablarse
离谱儿	descabellado; exagerado; fuera de lugar
离奇	extraño; insólito; rocambolesco
离职	dejar el trabajo; renunciar
黎明	amanecer; alba
礼服	traje de etiqueta; vestido de gala
礼品	regalo; obsequio
礼仪	etiqueta; protocolo; ceremonia
里程碑	hito
理睬	hacer caso; prestar atención
理会	hacer caso; entender
理科	ciencias (exactas y naturales)
理念	concepto; filosofía; idea
理事	miembro del consejo; consejero
理所当然	como es natural; por supuesto
理性	razón; racionalidad; racional
理直气壮	con la razón de su lado; con seguridad
力不从心	querer y no poder
力度	intensidad; fuerza; esfuerzo
力求	esforzarse por
力所能及	dentro de sus posibilidades
力争	luchar por; esforzarse por conseguir
历程	trayectoria; proceso; recorrido
历届	todas las ediciones anteriores
历经	pasar por; experimentar
历来	siempre; desde siempre
历时	durar; diacrónico
立方	cubo (matemáticas); metro cúbico
立方米	metro cúbico (m³)
立功	hacer méritos; prestar servicios meritorios
立交桥	paso a desnivel; paso elevado
立体	tridimensional; en 3D
立足	establecerse; tener un punto de apoyo; basarse en
励志	motivador; inspirador
利害	pros y contras; ventajas y desventajas
利率	tasa de interés
利索	ágil; diestro; ordenado
连滚带爬	a trompicones; huir despavorido
连绵	continuo; ininterrumpido
连任	reelegirse; permanecer en el cargo
连锁	en cadena; encadenado
连锁店	tienda de cadena
连夜	esa misma noche; toda la noche
怜惜	compadecerse de; sentir ternura por
帘子	cortina
莲子	semilla de loto
联邦	federación; federal
联欢	celebración; fiesta; reunión festiva
联网	conectarse a la red; interconectar
廉价	barato; económico
廉洁	honrado; incorruptible
廉正	íntegro; honrado; integridad
廉政	gobierno honesto; gobernar con integridad
脸颊	mejilla
恋恋不舍	resistirse a separarse
良心	conciencia
良性	benigno; positivo; virtuoso (círculo)
凉爽	fresco; agradable
两口子	pareja (matrimonio); marido y mujer
两栖	anfibio; polifacético
亮点	punto destacado; lo más destacado
亮丽	brillante y hermoso; vistoso
亮相	aparecer en público; presentarse; debutar
谅解	comprender; perdonar; comprensión
辽阔	vasto; extenso
疗法	terapia; tratamiento
疗效	eficacia terapéutica
寥寥无几	muy pocos; contados
潦草	descuidado; garabateado (letra)
了结	zanjar; concluir; resolver
了却	resolver; saldar
料到	prever; anticipar
料理	encargarse de; cocina (gastronomía)
咧嘴	sonreír ampliamente; mostrar los dientes
列举	enumerar; listar
劣势	desventaja; posición inferior
劣质	de mala calidad
烈士	mártir; héroe caído
猎犬	perro de caza; sabueso
猎人	cazador
裂缝	grieta; fisura
裂痕	grieta; fisura; ruptura (fig.)
邻国	país vecino
临床	clínico
临街	que da a la calle
临近	aproximarse; estar cerca
灵感	inspiración
灵魂	alma; espíritu
灵机一动	tener una idea brillante de repente
灵敏	sensible; agudo; ágil
灵巧	hábil; diestro; ingenioso
灵通	bien informado; eficaz
凌晨	madrugada
零花钱	dinero de bolsillo; mesada
零件	pieza; componente; refacción
零钱	cambio; dinero suelto
零售	vender al por menor; venta al menudeo
领队	líder del grupo; capitán; encabezar
领会	comprender; captar
领军	liderar; líder
领略	apreciar; disfrutar; conocer
领事	cónsul
领事馆	consulado
领土	territorio
领悟	comprender; darse cuenta
领养	adoptar
领域	campo; ámbito; esfera
溜达	pasear; dar una vuelta
浏览	hojear; navegar (internet)
浏览器	navegador (web)
留恋	resistirse a dejar; añorar
留念	guardar de recuerdo
留神	tener cuidado; estar atento
留心	prestar atención; tener cuidado
留意	fijarse en; prestar atención
流畅	fluido; con soltura
流程	proceso; flujo de trabajo; procedimiento
流浪	vagabundear; errar
流泪	llorar; derramar lágrimas
流量	caudal; flujo; tráfico (de datos)
流露	dejar ver; revelar; manifestar
流氓	maleante; rufián
流入	fluir hacia; afluencia
流失	perderse; erosionarse; fuga (de talento)
流水	agua corriente; volumen de ventas
流淌	fluir; correr
流向	dirección de la corriente; fluir hacia
流血	sangrar; derramar sangre
流域	cuenca (de un río)
流转	circular (bienes o capital); deambular
柳树	sauce (árbol)
龙舟	barco dragón
聋人	persona sorda
笼子	jaula
隆重	solemne; grandioso; ceremonioso
垄断	monopolizar; monopolio
笼统	general; vago; impreciso
笼罩	envolver; cubrir
露面	aparecer en público; dejarse ver
芦花	flor de carrizo; flor de junco
炉灶	fogón; estufa (cocina)
炉子	estufa; horno
卤味	comida estofada en salsa de soya y especias
鲁莽	imprudente; temerario; impulsivo
录制	grabar (audio o video)
路程	trayecto; recorrido; distancia
路灯	farol; alumbrado público
路段	tramo (de carretera)
路况	estado del camino; condiciones del tráfico
路面	pavimento; superficie de la carretera
路人	transeúnte; desconocido
路途	camino; trayecto
路子	método; manera; enfoque
露天	al aire libre; a cielo abierto
旅程	viaje; trayecto
旅途	viaje; trayecto
屡次	repetidamente; una y otra vez
履行	cumplir (obligaciones); ejecutar
绿灯	luz verde
绿地	área verde; zona verde
孪生	gemelo
乱七八糟	desordenado; caótico; hecho un desastre
掠夺	saquear; despojar
略微	ligeramente; un poco
伦理	ética
轮换	rotar; turnarse
轮廓	contorno; silueta
轮流	turnarse; por turnos
轮胎	llanta; neumático
论述	exponer; disertar; exposición
论坛	foro
论证	argumentar; demostrar; demostración
萝卜	rábano; nabo
螺丝	tornillo
裸露	desnudo; expuesto; al descubierto
络绎不绝	sin cesar; en un flujo continuo
落差	desnivel; brecha; diferencia
落地	caer al suelo; aterrizar; nacer
落户	establecerse; asentarse
落下	caer; bajar; descender
麻痹	parálisis; adormecer; bajar la guardia
麻将	mahjong
麻辣	picante y que adormece (sabor)
麻木	entumecido; insensible; apático
麻醉	anestesia; anestesiar; adormecer (fig.)
马后炮	acción a destiempo; consejo tardío
马虎	descuidado; despistado; chapucero
马力	caballo de fuerza
马桶	inodoro; excusado
马戏	circo
埋藏	enterrar; esconder; oculto
埋伏	tender una emboscada; emboscada
埋没	sepultar; desaprovechar (talento)
买不起	no poder pagar; no alcanzarle a uno
迈进	avanzar; dar pasos hacia adelante
卖弄	presumir; lucirse
脉搏	pulso
脉络	red de vasos; entramado; estructura
埋怨	quejarse; reprochar; culpar
满怀	estar lleno de (emociones); de lleno
蔓延	extenderse; propagarse
漫游	recorrer; vagar; roaming
慢慢来	con calma; tómatelo con calma
慢性	crónico; de efecto lento
忙活	estar atareado; ajetrearse
忙碌	ocupado; ajetreado
忙乱	atropellado; en desorden por la prisa
盲目	ciego (fig.); a ciegas
茫然	desorientado; perplejo; sin saber qué hacer
矛头	punta de lanza; blanco (de un ataque o crítica)
茅台	Maotai (licor chino)
茂密	frondoso; denso (vegetación)
茂盛	exuberante; frondoso
冒充	hacerse pasar por; suplantar
冒犯	ofender; faltar al respeto
冒昧	atrevido; tomarse la libertad
冒险	arriesgarse; aventura
没劲	sin fuerzas; aburrido
没说的	sin duda; excelente; no hay problema
没完没了	sin fin; interminable
没意思	aburrido; sin interés
没辙	no tener remedio; no saber qué hacer
没准儿	quizás; a lo mejor
玫瑰	rosa (flor)
眉开眼笑	radiante de alegría; con una gran sonrisa
眉毛	ceja
煤矿	mina de carbón
煤炭	carbón
每当	cada vez que; siempre que
每逢	cada vez que; en cada ocasión
美德	virtud
美观	bonito; estético; agradable a la vista
美化	embellecer; decorar
美景	paisaje hermoso; bella vista
美满	feliz; dichoso
美妙	maravilloso; espléndido
美人	mujer hermosa; belleza
美味	manjar; delicioso
美中不足	el único defecto; un pero
美滋滋	muy contento; encantado
魅力	encanto; carisma; atractivo
门当户对	de igual condición social (pareja)
门槛	umbral; requisito mínimo
门铃	timbre (de la puerta)
门路	vía; contactos; palancas
萌发	brotar; germinar
萌芽	brotar; germinar; brote
盟友	aliado
朦胧	tenue; borroso; difuso
猛烈	violento; intenso; feroz
猛然	de repente; bruscamente
梦幻	sueño; ilusión; ensueño
弥补	compensar; suplir
弥漫	impregnar; llenar el aire
迷惑	confundir; desconcertar; confuso
迷惑不解	estar desconcertado
迷恋	estar encaprichado con; obsesionarse
迷路	perderse; extraviarse
迷失	perderse; desorientarse
谜底	respuesta de una adivinanza
谜团	enigma; misterio
谜语	adivinanza; acertijo
秘方	receta secreta; fórmula secreta
秘诀	secreto; clave (del éxito)
密不可分	inseparable; estrechamente ligado
密度	densidad
密封	sellar; hermético
密集	denso; concentrado; intensivo
蜜蜂	abeja
蜜月	luna de miel
棉花	algodón
免不了	inevitable; no poder evitar
免除	eximir; exonerar; evitar
免疫	inmunidad; inmunizar
免职	destituir; cesar en el cargo
勉强	a duras penas; forzar; reacio
缅怀	recordar con cariño; rendir homenaje
面部	cara; rostro
面粉	harina
面红耳赤	rojo de ira o vergüenza
面面俱到	atender cada detalle
面目全非	irreconocible; cambiado por completo
苗条	esbelto; delgado
苗头	primeros indicios; señales
描绘	describir; retratar; pintar
瞄准	apuntar; tener como objetivo
渺小	insignificante; diminuto
庙会	feria del templo
灭绝	extinguirse; exterminar
灭亡	perecer; ser destruido; desaparecer
民办	privado; de gestión privada
民俗	costumbres populares; folclore
民用	de uso civil
民众	pueblo; masas; población
敏捷	ágil; rápido
敏锐	agudo; perspicaz
名副其实	digno de su nombre; auténtico
名贵	valioso; precioso; de renombre
名利	fama y fortuna
名气	fama; renombre
名声	reputación; fama
名言	cita célebre; dicho famoso
名著	obra maestra; obra clásica
明朗	claro; luminoso; evidente
明媚	radiante; luminoso y bello
明智	sensato; sabio; prudente
铭记	grabar en la memoria
命名	nombrar; bautizar; denominar
命题	proposición; asignar un tema
摸索	tantear; ir a tientas
模拟	simular; imitar; analógico
磨合	rodaje; adaptarse mutuamente
磨难	tribulación; adversidad
磨损	desgastarse; desgaste
蘑菇	hongo; champiñón; seta
魔鬼	diablo; demonio
魔术	magia; ilusionismo
末日	fin del mundo; juicio final
没落	decaer; declinar
陌生	desconocido; extraño
莫非	¿acaso...?; ¿será que...?
莫过于	nada supera a; lo más ... es
莫名其妙	inexplicable; sin ton ni son
漠然	indiferente; apático
默读	leer en silencio
默默无闻	desconocido; anónimo
默契	complicidad; entendimiento tácito
谋害	conspirar para asesinar
谋求	buscar; procurar
谋生	ganarse la vida
牡丹	peonía
木板	tabla; tablón
木材	madera
木匠	carpintero
木偶	marioneta; títere
目不转睛	no quitar la vista de encima
目瞪口呆	boquiabierto; estupefacto
目的地	destino
目睹	presenciar; ver con sus propios ojos
目录	catálogo; índice; directorio
目中无人	arrogante; mirar a todos por encima
沐浴露	gel de baño
牧场	pastizal; rancho
牧民	pastor (de ganado)
募捐	recaudar donativos
墓碑	lápida
墓地	cementerio
幕后	tras bambalinas; detrás de escena
穆斯林	musulmán
拿手	ser hábil en; especialidad
哪知道	quién iba a pensar que...
呐喊	gritar; grito; clamor
纳闷儿	estar perplejo; extrañarse
纳入	incorporar; integrar
纳税	pagar impuestos
纳税人	contribuyente
乃至	e incluso; hasta
耐人寻味	que da que pensar; sugerente
耐性	paciencia
南瓜	calabaza
难处	dificultad; problema
难得一见	raro de ver
难点	punto difícil; dificultad
难怪	no es de extrañar; con razón
难关	crisis; obstáculo; momento difícil
难堪	incómodo; avergonzado; insoportable
难说	difícil de decir
难为情	avergonzado; apenado
难以想象	inimaginable
难以置信	increíble; difícil de creer
恼羞成怒	enfurecerse por vergüenza
脑海	mente
脑筋	cabeza; mente; forma de pensar
闹事	armar alboroto; causar disturbios
闹着玩儿	bromear; hacer broma
内存	memoria (RAM)
内阁	gabinete (de gobierno)
内涵	contenido; connotación; cualidades internas
内行	experto; conocedor
内幕	trasfondo; información interna
内向	introvertido; reservado
内需	demanda interna
能耗	consumo de energía
能耐	habilidad; capacidad
能人	persona capaz; talento
能源	energía; fuentes de energía
尼龙	nailon
泥潭	lodazal; atolladero
泥土	tierra; barro
拟定	redactar; elaborar; formular
匿名	anónimo
年画	estampa de Año Nuevo
年迈	anciano; de edad avanzada
年限	número de años; plazo
年薪	salario anual
年夜饭	cena de Nochevieja china
年终	fin de año
念念不忘	no poder olvidar; tener siempre presente
念书	estudiar; ir a la escuela
念头	idea; pensamiento; intención
酿造	fermentar; destilar; elaborar
鸟巢	nido de pájaro
凝固	solidificarse; coagularse
凝聚	condensar; aglutinar; cohesionar
宁可	preferir; más vale
宁愿	preferir (antes que)
扭曲	torcer; distorsionar; deformar
扭头	voltear la cabeza; darse la vuelta
扭转	revertir; dar un vuelco
纽带	vínculo; lazo
纽扣	botón
农场	granja
农历	calendario lunar
农民工	trabajador migrante rural
农作物	cultivos
浓厚	espeso; denso; profundo (interés)
浓缩	concentrar; condensar
浓郁	intenso; fuerte (aroma)
浓重	denso; espeso; intenso
弄虚作假	cometer fraude; engañar
奴隶	esclavo
女婿	yerno
暖烘烘	calientito; acogedor
虐待	maltratar; maltrato
诺言	promesa
殴打	golpear; agredir
呕吐	vomitar
拍板	tomar la decisión final; dar el visto bueno
拍卖	subastar; subasta
拍戏	filmar; rodar (película)
排斥	rechazar; excluir
排放	emitir; descargar (residuos)
排练	ensayar; ensayo
徘徊	dar vueltas; vacilar; fluctuar
牌照	placa (de auto); licencia
派别	facción; corriente; secta
派遣	enviar; despachar
攀升	subir; aumentar
盘算	calcular; planear
判处	condenar; sentenciar
判定	determinar; juzgar
判决	sentencia; fallar; dictar sentencia
叛逆	rebelarse; rebelde
庞大	enorme; inmenso
旁观	observar como espectador
抛开	dejar de lado; deshacerse de
抛弃	abandonar; desechar
跑车	auto deportivo
跑道	pista; pista de aterrizaje
跑龙套	hacer de extra; papel secundario
泡沫	espuma; burbuja
胚胎	embrión
陪伴	acompañar
陪葬	ser enterrado junto al difunto
赔钱	perder dinero; indemnizar
佩服	admirar
配件	pieza; accesorio; refacción
配偶	cónyuge
配送	distribuir; entregar (mercancía)
配音	doblaje; doblar
喷泉	fuente (de agua)
抨击	atacar; criticar duramente
烹调	cocinar; cocina
蓬勃	pujante; floreciente; vigoroso
鹏程万里	futuro brillante; gran porvenir
膨胀	expandirse; inflarse; hincharse
捧场	apoyar con su presencia; elogiar
碰钉子	recibir un rechazo; toparse con pared
碰巧	por casualidad; dar la casualidad
碰上	toparse con; encontrarse con
碰撞	chocar; colisión
批发	venta al por mayor; mayoreo
批判	criticar; crítica
披露	revelar; dar a conocer
皮带	cinturón; correa
疲惫	agotado; exhausto
疲惫不堪	completamente agotado
疲倦	cansado; fatigado
疲劳	fatiga; cansado
匹配	emparejar; compatible
媲美	rivalizar con; ser comparable
僻静	apartado; tranquilo
譬如	por ejemplo
譬如说	por ejemplo
片子	película; cinta
偏差	desviación; sesgo
偏方	remedio casero
偏见	prejuicio
偏僻	remoto; apartado
偏偏	justamente; precisamente; terco
偏向	inclinarse por; favorecer; tendencia
偏远	remoto; alejado
篇幅	extensión (de un texto); espacio
片段	fragmento; extracto
骗人	engañar; estafa
票房	taquilla
拼搏	luchar; esforzarse al máximo
拼命	dar todo; a toda costa
贫富	pobres y ricos
贫穷	pobre; pobreza
频率	frecuencia
频频	repetidamente; una y otra vez
品尝	probar; degustar
品德	moral; carácter moral
品位	calidad; gusto (estético)
品行	conducta; comportamiento
聘任	nombrar; contratar (para un puesto)
聘用	contratar; emplear
乒乓球	tenis de mesa; ping-pong
平常心	serenidad; ecuanimidad
平淡	soso; monótono; ordinario
平和	apacible; tranquilo; moderado
平价	precio razonable; económico
平面	plano; superficie plana
平民	civil; gente común
平日	día normal; habitualmente
平息	calmarse; apaciguar; sofocar
评定	evaluar; calificar
评论员	comentarista
评判	juzgar; evaluar
评审	evaluar; juzgar; jurado
评委	jurado; miembro del jurado
凭借	apoyarse en; gracias a
凭着	basándose en; gracias a
凭证	comprobante; certificado
瓶颈	cuello de botella
萍水相逢	encuentro casual entre desconocidos
泼冷水	echar un balde de agua fría
迫不及待	impaciente; no poder esperar
迫害	perseguir; persecución
迫使	obligar; forzar
破案	resolver un caso
破除	eliminar; acabar con
破解	descifrar; resolver; hackear
破旧	viejo y gastado; destartalado
破裂	romperse; reventar; fracasar (relación)
破灭	desvanecerse; hacerse añicos (ilusión)
破碎	hacerse pedazos; destrozado
魄力	audacia; determinación; empuje
扑克	póquer; naipes
扑面而来	llegar de golpe; azotar la cara
铺路	pavimentar; preparar el terreno
菩萨	bodhisattva
朴实	sencillo; sin pretensiones; honesto
朴素	sencillo; austero; sin adornos
普通人	persona común; gente de a pie
瀑布	cascada; catarata
七嘴八舌	hablar todos a la vez
凄凉	desolado; triste; lúgubre
期盼	esperar; anhelar
欺骗	engañar; estafar
欺诈	estafar; defraudar; fraude
齐心协力	unir esfuerzos; remar juntos
其后	después; más tarde
其间	entretanto; durante ese tiempo
奇花异草	flores y plantas exóticas
奇迹	milagro; maravilla
奇特	peculiar; insólito; extraño
歧视	discriminar; discriminación
祈祷	rezar; orar
棋子	ficha; pieza (de ajedrez); peón
旗袍	qipao (vestido chino)
旗帜	bandera; estandarte
乞丐	mendigo
乞求	suplicar; implorar
乞讨	mendigar; pedir limosna
岂有此理	¡qué absurdo!; ¡habrase visto!
启迪	inspirar; iluminar; esclarecer
启蒙	iniciar; ilustrar; Ilustración
启示	revelar; revelación; lección
起步	arrancar; comenzar; inicio
起草	redactar un borrador
起程	partir; ponerse en camino
起初	al principio; en un inicio
起伏	ondular; altibajos
起劲	con entusiasmo; animado
起跑线	línea de salida
起源	origen; originarse
气愤	indignado; furioso
气管	tráquea; vías respiratorias
气馁	desanimarse; desalentado
气派	imponente; porte; elegancia
气泡	burbuja; gasificado
气魄	espíritu; audacia; grandeza
气势	ímpetu; grandiosidad; imponencia
气味	olor; aroma
气息	aliento; aroma; ambiente
气质	temperamento; porte; clase
迄今	hasta ahora; hasta la fecha
迄今为止	hasta ahora; hasta la fecha
契机	oportunidad; momento decisivo
契约	contrato; convenio
器材	equipo; material
器械	aparato; instrumental; equipo
卡子	pinza; horquilla; retén
洽谈	negociar; tratar
恰到好处	justo en su punto; perfecto
恰恰相反	todo lo contrario
恰巧	por casualidad; justo
恰如其分	apropiado; justo; atinado
千变万化	cambiante; en constante cambio
千方百计	por todos los medios
千家万户	todos los hogares
千军万马	gran ejército; gran despliegue
千钧一发	pender de un hilo; momento crítico
迁就	transigir; ceder; adaptarse a
迁移	migrar; trasladarse; mudarse
牵扯	involucrar; implicar
牵挂	preocuparse por; extrañar
牵涉	involucrar; estar implicado
牵头	encabezar; liderar; coordinar
牵制	frenar; contener; restringir
谦逊	modesto; humilde
签署	firmar (un acuerdo)
前辈	predecesor; persona mayor; veterano
前不久	hace poco
前赴后继	avanzar oleada tras oleada
前期	etapa inicial; periodo anterior
前任	predecesor; ex; anterior
前所未有	sin precedentes
前台	recepción; escenario; primer plano
前无古人	sin precedentes; inédito
前夕	víspera
前线	frente; primera línea
前沿	vanguardia; frontera; primera línea
前仰后合	desternillarse de risa
前者	el primero; aquel
虔诚	devoto; piadoso; sincero
钱财	dinero; riqueza
钳子	pinzas; alicates; tenazas
潜能	potencial
潜水	bucear; sumergirse
潜艇	submarino
潜移默化	influir sutilmente
潜在	potencial; latente
谴责	condenar; denunciar
欠缺	carecer de; carencia
欠条	pagaré; vale
歉意	disculpa; pesar
枪毙	fusilar; descartar
强加	imponer
强劲	fuerte; potente; robusto
强项	punto fuerte; especialidad
强行	por la fuerza
强硬	firme; duro; intransigente
强占	ocupar por la fuerza
强制	obligar; coaccionar; obligatorio
抢夺	arrebatar; saquear
抢劫	robar; asaltar; atraco
抢眼	llamativo; vistoso
敲边鼓	apoyar desde fuera; hacer segunda
敲诈	extorsionar; chantajear
乔装	disfrazarse
瞧不起	menospreciar; despreciar
巧合	coincidencia; coincidir
窍门	truco; maña; secreto
切除	extirpar
切断	cortar; interrumpir
切割	cortar
切身	personal; que afecta directamente
窃取	robar; sustraer (datos)
钦佩	admirar; respetar
侵害	perjudicar; vulnerar
侵略	invadir; invasión; agresión
侵权	infringir derechos; violación de derechos
侵占	ocupar; apropiarse ilegalmente
亲和力	cercanía; simpatía; afinidad
亲近	cercano; acercarse a
亲朋好友	familiares y amigos
亲戚	pariente; familiar
亲情	cariño familiar
亲热	cariñoso; afectuoso
亲身	en persona; propio
亲生	biológico (hijo, padre)
亲手	con sus propias manos
亲友	familiares y amigos
勤工俭学	trabajar mientras se estudia
勤快	diligente; trabajador
勤劳	laborioso; trabajador
寝室	dormitorio; recámara
青春期	pubertad; adolescencia
青蛙	rana
轻而易举	fácil; sin esfuerzo
轻蔑	despreciar; desdeñoso; desprecio
轻微	leve; ligero
轻型	ligero (maquinaria, vehículo)
倾家荡产	arruinarse por completo
倾诉	desahogarse; contar todo
倾听	escuchar con atención
倾销	dumping; vender a precio de saldo
倾斜	inclinarse; ladearse; inclinado
清除	eliminar; limpiar; quitar
清脆	nítido y claro; crujiente
清单	lista; inventario
清淡	ligero (comida); poco condimentado
清静	tranquilo; apacible
清凉	fresco; refrescante
清明	Qingming (Día de los Difuntos); claro
清晰	claro; nítido
清新	fresco y limpio
清真寺	mezquita
情报	información; inteligencia
情不自禁	sin poder evitarlo
情调	ambiente; sentimiento; estilo
情怀	sentimientos; estado de ánimo
情结	complejo (psicología)
情侣	pareja de enamorados
情人	amante; enamorado
情谊	amistad; camaradería
情愿	estar dispuesto a; preferir
请柬	invitación (tarjeta)
请帖	invitación (tarjeta)
庆典	celebración; ceremonia
庆贺	celebrar; felicitar
庆幸	alegrarse; considerarse afortunado
丘陵	colinas; lomas
囚犯	preso; prisionero
求婚	pedir matrimonio
求救	pedir auxilio
求学	estudiar; buscar conocimiento
求医	buscar atención médica
求证	buscar pruebas; verificar
求助	pedir ayuda
曲线	curva
曲折	sinuoso; complicado
驱动	impulsar; accionar; controlador
驱逐	expulsar; deportar
屈服	someterse; ceder; rendirse
趋于	tender a
取代	reemplazar; sustituir
取缔	prohibir; clausurar; reprimir
取而代之	tomar su lugar; reemplazar
取经	aprender de la experiencia ajena
取决于	depender de
取暖	calentarse
取胜	vencer; ganar
取笑	burlarse de
去除	quitar; eliminar
去处	lugar; destino
去向	paradero; dirección
趣味	interés; gracia; gusto
圈套	trampa; engaño
圈子	círculo; ámbito social
权衡	sopesar; ponderar
权威	autoridad; autorizado
权益	derechos e intereses
全长	longitud total
全程	todo el trayecto; de principio a fin
全方位	integral; en todos los aspectos
全局	situación general; panorama
全力以赴	dar todo de sí
全能	todoterreno; polifacético
全文	texto completo
全心全意	de todo corazón
拳头	puño; producto estrella
劝告	aconsejar; exhortar; consejo
劝说	persuadir; convencer
劝阻	disuadir
缺口	brecha; hueco; déficit
缺失	carencia; deficiencia; carecer de
缺席	faltar; estar ausente
确切	exacto; preciso
确信	estar convencido; tener la certeza
确凿	irrefutable; concluyente
确诊	diagnosticar; caso confirmado
燃放	encender (fuegos artificiales)
燃气	gas combustible
燃油	combustible
让步	ceder; hacer concesiones; concesión
饶恕	perdonar
扰乱	perturbar; alterar
绕行	dar un rodeo; desviarse
热潮	auge; furor; fiebre
热带	trópico; tropical
热气	vapor; aire caliente
热气球	globo aerostático
热腾腾	humeante; bien caliente
热衷	apasionarse por; estar obsesionado con
人次	visitas; personas (en total)
人道	humanitario; humanidad
人格	personalidad; dignidad
人工智能	inteligencia artificial
人均	per cápita
人品	carácter; calidad moral
人气	popularidad
人情	favor; relaciones humanas; sentimientos
人身	persona; personal (seguridad, etc.)
人事	personal; recursos humanos
人手	personal; mano de obra
人体	cuerpo humano
人为	provocado por el hombre; artificial
人文	humanidades; cultura
人行道	banqueta; acera
人性	naturaleza humana; humanidad
人选	candidato
人缘儿	popularidad; relación con la gente
人造	artificial; sintético
人质	rehén
仁慈	bondadoso; misericordioso
忍饥挨饿	pasar hambre
忍耐	aguantar; tener paciencia
忍心	tener corazón para; atreverse a
认错	reconocer un error
认证	certificar; autenticar
认知	cognición; percepción
任命	nombrar; designar; nombramiento
任期	mandato; periodo en el cargo
任人宰割	estar a merced de otros
任意	arbitrario; a voluntad; cualquier
任职	ocupar un cargo
韧性	resistencia; tenacidad
日程	agenda; itinerario
日复一日	día tras día
日后	en el futuro; algún día
日前	hace unos días
日趋	cada día más
日新月异	cambiar día a día; progreso rápido
日益	cada día más; cada vez más
荣获	ganar (un honor); obtener
荣幸	honrado; tener el honor
荣誉	honor; gloria
容光焕发	radiante; rebosante de salud
容量	capacidad; volumen
容纳	albergar; dar cabida
容忍	tolerar; soportar
容许	permitir
容颜	rostro; semblante
溶解	disolver
融化	derretirse; fundirse
融洽	armonioso; en buenos términos
冗长	largo y tedioso
柔和	suave; tenue
柔软	blando; suave
如果说	si; si decimos que
如实	tal como es; fielmente
如意	a gusto; según los deseos
如愿以偿	ver cumplido su deseo
如醉如痴	embelesado; extasiado
儒家	confucianismo; escuela confuciana
儒学	confucianismo
入场	entrar (al recinto)
入场券	boleto de entrada; pase
入境	entrar al país
入侵	invadir; invasión
入手	empezar por; partir de
入选	ser seleccionado
软弱	débil; blando
软实力	poder blando
瑞雪	nevada oportuna
若干	cierto número; algunos
弱点	punto débil; debilidad
弱势	vulnerable; en desventaja
撒谎	mentir
赛车	carreras de autos; auto de carreras
赛跑	carrera; correr una carrera
三番五次	una y otra vez
三角	triángulo; triangular
三维	tridimensional; 3D
散布	difundir; esparcir
散发	emanar; despedir; repartir
桑拿	sauna
嗓子	garganta; voz
丧生	perder la vida; morir
骚乱	disturbio; motín
骚扰	acosar; molestar; acoso
扫除	limpiar; eliminar
扫描	escanear
扫墓	visitar y limpiar la tumba
扫兴	aguar la fiesta; desanimarse
嫂子	cuñada (esposa del hermano mayor)
僧人	monje
杀害	asesinar
杀手	asesino; sicario
沙龙	salón (tertulia)
沙滩	playa
刹车	frenar; freno
砂糖	azúcar granulada
鲨鱼	tiburón
傻瓜	tonto; bobo
筛选	seleccionar; filtrar
晒太阳	tomar el sol; asolear
山川	montañas y ríos; paisaje
山顶	cima; cumbre
山冈	loma; colina
山岭	cordillera; sierra
山路	camino de montaña
山寨	imitación; pirata; fortaleza en la montaña
删除	borrar; eliminar
煽动	incitar; instigar
闪烁	centellear; parpadear; ser evasivo
善意	buena voluntad; buena fe
擅长	ser bueno en; dominar
擅自	sin permiso; por cuenta propia
膳食	alimentación; comidas
赡养	mantener (a los padres)
伤残	discapacitado; lisiado
伤感	triste; sentimental
伤痕	cicatriz; herida
伤脑筋	ser un dolor de cabeza
伤势	estado de la herida
商贩	vendedor ambulante; comerciante
商贾	mercader; comerciante
商讨	deliberar; discutir
上报	informar a los superiores
上场	salir a escena; entrar al campo
上方	parte superior; arriba
上岗	ocupar el puesto; entrar en servicio
上火	enojarse; calor interno (MTC)
上空	cielo (sobre un lugar); espacio aéreo
上流	clase alta
上期	periodo anterior; número anterior
上任	asumir el cargo; predecesor
上述	mencionado; susodicho
上司	jefe; superior
上诉	apelar; apelación
上调	subir; ajustar al alza
上头	arriba; superiores; autoridades
上限	límite superior; tope
上旬	primera decena del mes
上瘾	volverse adicto; enviciarse
上映	estrenar; proyectar (película)
上游	río arriba; curso alto
尚未	todavía no; aún no
烧毁	quemar; destruir por el fuego
烧烤	parrillada; asado; asar
稍后	en un momento; poco después
稍候	esperar un momento
稍稍	un poco; ligeramente
少不了	imprescindible; inevitable
少见	raro; poco común
少量	poca cantidad; un poco
少有	raro; poco frecuente
少林寺	Templo Shaolin
少女	muchacha; jovencita
奢侈	lujoso; derrochador
奢望	esperanza desmedida
设定	configurar; establecer; ajuste
设法	tratar de; buscar la manera
社会主义	socialismo
社交	vida social; relaciones sociales
社论	editorial
社团	asociación; club; organización
涉嫌	ser sospechoso de
摄氏度	grado Celsius
谁知道	quién sabe; quién iba a pensar
申办	solicitar; postularse como sede
申报	declarar; notificar
申领	solicitar (licencia, visa)
伸手	extender la mano; pedir
伸缩	extensible; flexible; retráctil
伸张	defender; hacer valer (justicia)
身不由己	sin poder evitarlo; fuera de control
身价	valor; caché; estatus
身躯	cuerpo
身心	cuerpo y mente
身影	figura; silueta
身子	cuerpo; salud
绅士	caballero
深奥	profundo; abstruso
深切	profundo; sincero; sentido
深情	profundo afecto; cariñoso
深入人心	calar hondo en la gente
深受	recibir en gran medida
深思	reflexionar; meditar
深信	creer firmemente
深夜	altas horas de la noche
深远	de gran alcance; profundo
神气	aire; expresión; imponente; presumido
神圣	sagrado; santo
神态	semblante; actitud; porte
神仙	inmortal; ser celestial
审定	revisar y aprobar
审核	auditar; revisar; verificar
审美	estética; sentido estético
审判	juzgar; juicio
审批	examinar y aprobar
审视	examinar; observar con atención
甚至于	incluso; hasta el punto de
渗透	filtrarse; penetrar; infiltrar
慎重	prudente; cauteloso
升温	subir la temperatura; intensificarse
生机	vitalidad; esperanza de vida
生理	fisiología
生命线	línea vital; salvavidas
生怕	temer; por miedo a que
生平	vida; trayectoria
生前	en vida
生死	vida o muerte
生态	ecología; ecosistema
生物	ser vivo; organismo; biología
生效	entrar en vigor
生涯	carrera; trayectoria
生硬	rígido; forzado; poco natural
生育	dar a luz; tener hijos; natalidad
声称	afirmar; declarar; alegar
声望	prestigio; reputación
声誉	reputación; fama
牲畜	ganado
绳子	cuerda; soga
省略	omitir; omisión
省事	ahorrarse molestias; práctico
圣贤	sabio; santo
胜出	salir vencedor; ganar
胜任	ser competente; estar a la altura
盛大	grandioso; espléndido
盛会	gran evento; reunión solemne
盛开	florecer; en plena floración
盛气凌人	prepotente; arrogante
剩余	sobrar; excedente; resto
尸体	cadáver
失传	perderse (una tradición, técnica)
失控	perder el control; descontrolarse
失利	sufrir una derrota; perder
失恋	sufrir un desengaño amoroso
失灵	fallar; no funcionar
失落	sentirse perdido; desilusionado; perder
失眠	tener insomnio; insomnio
失明	quedar ciego; ceguera
失效	perder validez; dejar de funcionar
失业率	tasa de desempleo
失踪	desaparecer; desaparecido
师范	normal (escuela); formación docente
师长	maestro; comandante de división
师资	profesorado; docentes calificados
狮子	león
施工	construcción; obras; construir
施加	ejercer (presión)
施行	aplicar; poner en práctica; entrar en vigor
施压	presionar; ejercer presión
湿度	humedad
湿润	húmedo
十字路口	cruce; encrucijada
时不时	de vez en cuando
时段	franja horaria; turno
时隔	después de (tanto tiempo)
时好时坏	unas veces bien y otras mal
时间表	horario; calendario
时空	espacio-tiempo; época y lugar
时髦	de moda; moderno
时尚	moda; de moda
时速	velocidad por hora
识别	identificar; reconocer; distinguir
实地	sobre el terreno; in situ
实话	verdad
实话实说	decir la verdad; hablar con franqueza
实况	en vivo; situación real
实事求是	ser realista y práctico
实体	entidad; físico (no virtual)
实物	objeto real; en especie
实质	esencia; sustancia
食宿	alojamiento y comida
食用	comer; consumir; comestible
史无前例	sin precedentes en la historia
使唤	mandar; dar órdenes; manejar
使命	misión
使者	enviado; emisario
士气	moral (del grupo)
示威	manifestarse; manifestación
示意	indicar con señas; insinuar
世代	generaciones; de generación en generación
世故	mundano; con mucho mundo
世界级	de talla mundial
世袭	hereditario; heredar
市场经济	economía de mercado
势必	sin duda; necesariamente
势不可当	imparable; irresistible
势头	tendencia; impulso
事迹	hazaña; logro
事态	situación; estado de cosas
事务	asuntos; tareas
事务所	despacho; bufete; firma
事项	asunto; punto
事宜	asuntos; preparativos
侍候	atender; servir
试探	sondear; tantear
试行	probar; poner a prueba
试用	probar; estar a prueba
试用期	periodo de prueba
视察	inspeccionar; inspección
视角	perspectiva; punto de vista
视觉	vista; visual
视力	vista; agudeza visual
视线	línea de visión; mirada
视野	campo visual; horizonte
柿子	caqui
是非	lo bueno y lo malo; chismes
适度	moderado; adecuado
适量	cantidad adecuada
适时	oportuno; a su debido tiempo
适宜	adecuado; apropiado
逝世	fallecer; morir
释放	liberar; poner en libertad; soltar
嗜好	afición; vicio; hábito
收复	recuperar (territorio); reconquistar
收据	recibo
收敛	contenerse; moderarse; disminuir
收留	acoger; dar refugio
收买	comprar; sobornar
收视率	índice de audiencia; rating
收缩	contraerse; encogerse; reducir
收支	ingresos y gastos; balance
手臂	brazo
手册	manual
手动	manual
手脚	manos y pies; movimientos; trampa
手帕	pañuelo
手枪	pistola
手势	gesto; señal con la mano
手术室	quirófano
手头	a mano; situación económica
手腕	muñeca; maña; habilidad
手艺	oficio; destreza artesanal
手掌	palma de la mano
守候	esperar; vigilar; cuidar
守护	proteger; custodiar
守株待兔	esperar pasivamente a que llegue la suerte
首创	ser pionero; crear por primera vez
首府	capital (de región autónoma)
首批	primer lote; primer grupo
首饰	joyas; alhajas
首要	primordial; principal
寿命	esperanza de vida; vida útil
受过	cargar con la culpa ajena
受害	sufrir daños; ser víctima
受害人	víctima
受贿	aceptar sobornos
受惊	asustarse; sobresaltarse
受苦	sufrir; pasar penurias
受理	admitir (un caso); tramitar
受骗	ser engañado
受益	beneficiarse
授权	autorizar
授予	otorgar; conceder
售价	precio de venta
售票	vender boletos
书橱	librero; estantería
书籍	libros; obras
书记	secretario (del partido); escribano
书面	por escrito; escrito
书写	escribir
抒情	expresar sentimientos; lírico
枢纽	eje; centro neurálgico; nudo (de transporte)
梳理	peinar; ordenar; organizar
梳子	peine
舒畅	alegre; despreocupado
疏导	encauzar; despejar; desobstruir
疏忽	descuidar; pasar por alto; descuido
疏散	evacuar; dispersar; disperso
疏通	desatascar; desobstruir; facilitar
输家	perdedor
输送	transportar; suministrar
输血	hacer una transfusión; dar apoyo
输液	suero intravenoso; poner suero
暑期	vacaciones de verano
属性	atributo; propiedad
曙光	primera luz del alba; rayo de esperanza
束缚	atar; encadenar; restringir
树立	establecer; erigir
树木	árboles
树梢	copa del árbol
树荫	sombra de un árbol
树枝	rama
数额	cantidad; monto
数据库	base de datos
刷新	renovar; actualizar; batir (un récord)
耍赖	hacer trampa; hacerse el desentendido
衰减	debilitarse; atenuarse
衰竭	insuficiencia (orgánica); agotamiento
衰老	envejecer; decrépito
衰弱	débil; frágil
衰退	decaer; declinar; recesión
摔跤	caerse; luchar; lucha libre
双胞胎	gemelos
双边	bilateral
双重	doble
双向	bidireccional; de doble sentido
双赢	beneficio mutuo; ganar-ganar
爽快	reconfortado; franco; directo
水槽	fregadero; tarja
水稻	arroz; arrozal
水管	tubería de agua
水壶	tetera; cantimplora; regadera
水货	contrabando; mercancía no autorizada
水晶	cristal; cuarzo
水利	obras hidráulicas; riego
水灵灵	lozano; fresco y jugoso; vivaz
水龙头	llave del agua; grifo
水落石出	salir a la luz la verdad
水面	superficie del agua
水手	marinero
水温	temperatura del agua
水域	aguas; masa de agua
水源	fuente de agua; abastecimiento de agua
水涨船高	subir junto con el entorno; seguir la tendencia
水准	nivel; estándar
税收	recaudación de impuestos
税务	asuntos fiscales; servicio tributario
睡袋	bolsa de dormir
顺便	de paso; aprovechando
顺差	superávit
顺畅	fluido; sin obstáculos
顺从	obedecer; someterse; obediente
顺理成章	lógico; natural
顺路	de camino; de paso
顺其自然	dejar que las cosas sigan su curso
顺势	aprovechar la ocasión; de paso
顺手	de paso; fácil; sin dificultad
顺心	satisfecho; como uno desea
顺应	adaptarse a; ajustarse a
顺着	a lo largo de; siguiendo
瞬间	instante; en un instante
说白了	hablando claro; en pocas palabras
说不上	no poder decir; no valer la pena mencionar
说到底	al fin y al cabo
说道	decir; comentar; razón (de algo)
说干就干	ponerse manos a la obra sin demora
说谎	mentir
说老实话	a decir verdad; sinceramente
说起来	hablando de; pensándolo bien
说情	interceder
说闲话	chismear; murmurar
说真的	en serio; la verdad
硕果	gran logro; frutos
司法	justicia; judicial
司空见惯	algo común y corriente
司令	comandante
丝绸	seda
丝毫	en lo más mínimo; un ápice
私房钱	ahorros secretos; guardadito
私家车	auto particular
私立	privado (escuela, hospital)
私事	asuntos personales
私下	en privado
私营	privado; de gestión privada
私有	privado; de propiedad privada
私自	por cuenta propia; sin permiso; a escondidas
思路	línea de pensamiento; enfoque
思念	extrañar; añorar
思前想后	pensarlo mucho; darle vueltas
思索	reflexionar; meditar
死心	resignarse; darse por vencido
死心塌地	estar empeñado; inquebrantable
四合院	casa con patio cuadrangular (siheyuan)
四季	cuatro estaciones
四面八方	por todas partes; en todas direcciones
寺庙	templo; monasterio
似曾相识	déjà vu; parecer familiar
似是而非	aparentemente correcto pero falso; engañoso
伺机	acechar la ocasión; esperar el momento
饲料	pienso; forraje
饲养	criar (animales)
松绑	desatar; flexibilizar restricciones
松弛	relajado; flojo; laxo
耸立	elevarse; erguirse imponente
送别	despedir (a alguien)
搜查	registrar; catear
搜集	recopilar; reunir
搜救	búsqueda y rescate
搜寻	buscar; rastrear
苏醒	volver en sí; despertar
俗话	refrán; dicho popular
俗话说	como dice el refrán
俗语	dicho popular; refrán; lenguaje coloquial
诉苦	quejarse; desahogarse
诉说	contar; relatar
诉讼	demanda; litigio
素不相识	ser completos desconocidos
素材	material (literario o artístico)
素描	boceto; dibujo a lápiz
素食	comida vegetariana
素养	formación; preparación; cultura
塑造	moldear; crear (un personaje, una imagen)
算计	calcular; planear; tramar
算盘	ábaco; plan; cálculo
算账	hacer cuentas; ajustar cuentas
虽说	aunque; si bien
随处可见	verse por todas partes
随大溜	seguir a la corriente
随机	aleatorio; según la situación
随即	inmediatamente; acto seguido
随身	llevar consigo; portátil
随时随地	en cualquier momento y lugar
随心所欲	hacer lo que uno quiere
遂心	a gusto de uno; satisfecho
隧道	túnel
损坏	dañar; estropear
损人利己	perjudicar a otros en beneficio propio
损伤	dañar; lesionar; daño
缩水	encogerse (al lavar); reducirse
缩影	microcosmos; reflejo en miniatura
所属	al que pertenece; subordinado; afiliado
所谓	lo que se llama; supuesto; dizque
所作所为	conducta; lo que uno hace
索赔	reclamar una indemnización
索取	exigir; solicitar
索性	de una vez; simplemente; mejor
锁定	cerrar con llave; fijar; bloquear
他人	otros; los demás
踏上	pisar; poner pie en; emprender
胎儿	feto
台球	billar
太极	taiji (Supremo Absoluto)
太极拳	taichí
太平	paz; tranquilidad
泰斗	eminencia; autoridad (en un campo)
贪婪	codicioso; avaro; insaciable
贪玩儿	ser muy juguetón; solo pensar en jugar
贪污	malversar; corrupción
瘫痪	quedar paralizado; paralizarse
谈不上	no poder hablarse de; ni pensarlo
谈到	referirse a; hablar de
谈论	hablar de; comentar
谈起	mencionar; hablar de
弹性	elasticidad; flexibilidad
坦白	franco; confesar
坦诚	franco; sincero
坦克	tanque (militar)
坦然	tranquilo; sereno
坦率	franco; directo
毯子	cobija; manta
探测	sondear; explorar; detectar
探亲	visitar a la familia
探求	buscar; indagar
探望	visitar (a alguien)
探险	explorar; expedición; aventura
汤圆	bolitas de arroz glutinoso (tangyuan)
糖果	dulce; caramelo
糖尿病	diabetes
倘若	si; en caso de que
掏钱	pagar; soltar dinero
滔滔不绝	hablar sin parar
逃避	evadir; eludir; escapar
逃生	salvarse; huir para salvar la vida
逃亡	huir; exiliarse
陶瓷	cerámica; porcelana
陶冶	formar; cultivar (el carácter)
陶醉	embriagarse; quedar encantado
淘气	travieso
淘汰	eliminar; descartar
讨好	congraciarse; quedar bien con alguien
讨价还价	regatear
讨人喜欢	agradable; encantador
特产	producto típico; especialidad local
特长	fuerte; habilidad especial
特例	caso especial; excepción
特权	privilegio; prerrogativa
特邀	invitar especialmente; invitado especial
特制	hecho especialmente; a la medida
特质	característica; cualidad especial
藤椅	silla de ratán; silla de mimbre
剔除	eliminar; descartar
梯子	escalera de mano
提拔	ascender (a alguien); promover
提炼	refinar; extraer; depurar
提名	nominar; postular
提速	acelerar; aumentar la velocidad
提心吊胆	con el alma en vilo; muy nervioso
提议	proponer; propuesta
提早	adelantar; antes de lo previsto
体谅	comprender; ser comprensivo
体面	digno; decoroso; prestigio
体能	condición física; resistencia
体贴	considerado; atento
体温	temperatura corporal
体系	sistema
体制	sistema; régimen; estructura
体质	constitución física; complexión
替换	reemplazar; sustituir
替身	doble; suplente; sustituto
天长地久	eterno; para siempre
天地	cielo y tierra; mundo; ámbito
天鹅	cisne
天分	don natural; talento
天赋	talento innato; don
天经地义	lo más natural del mundo; incuestionable
天平	balanza
天桥	paso elevado; puente peatonal
天生	innato; natural; de nacimiento
天使	ángel
天线	antena
天性	naturaleza; carácter innato
天主教	catolicismo
添加	añadir; agregar
甜美	dulce; agradable
甜蜜	dulce; feliz
甜头	beneficio; provecho
填补	llenar (un vacío); suplir
填充	rellenar; llenar
填写	llenar (un formulario); rellenar
挑剔	quisquilloso; exigente; ponerle peros a todo
条款	cláusula; artículo
条例	reglamento; normas; ordenanza
条约	tratado; pacto
调侃	bromear; burlarse; tomar el pelo
调控	regular; controlar
调料	condimento; sazonador
调试	depurar; ajustar; poner a punto
挑起	provocar; desatar; incitar
挑衅	provocar; provocación
跳槽	cambiar de trabajo
跳动	latir; palpitar; saltar
跳伞	saltar en paracaídas; paracaidismo
跳跃	saltar; brincar
贴近	acercarse; cercano; íntimo
贴切	apropiado; preciso; acertado
帖子	invitación; tarjeta; publicación (en foro)
听从	obedecer; hacer caso
听话	obediente; hacer caso
停泊	fondear; atracar; anclar
停车位	lugar de estacionamiento; cajón de estacionamiento
停电	apagón; corte de luz
停顿	pausa; detenerse; interrumpirse
停放	estacionar; dejar (en un lugar)
停业	cerrar (un negocio); suspender actividades
通畅	despejado; fluido; coherente
通车	abrirse al tráfico; tener servicio de transporte
通风	ventilar; ventilado; filtrar información
通告	anunciar; aviso; comunicado
通缉	buscar (a un prófugo); orden de búsqueda
通顺	fluido; claro y coherente
通俗	popular; sencillo; accesible
通通	todo; completamente
通往	conducir a; llevar a
通宵	toda la noche
通行证	pase; salvoconducto
同伴	compañero
同步	sincronizar; simultáneo
同等	igual; equivalente
同感	misma sensación; mismo sentir
同伙	cómplice; compinche
同类	similar; del mismo tipo
同盟	alianza; aliarse
同年	el mismo año
同人	colega; obra de fans (fan art, fanfic)
同志	camarada; compañero
同舟共济	estar en el mismo barco; unirse ante la adversidad
统筹	planificar en conjunto; coordinar
统统	todo; totalmente
统治	gobernar; dominar; dominio
痛心	afligido; dolido; doloroso
偷看	espiar; echar un vistazo a escondidas
偷窥	espiar; mirar a hurtadillas
偷懒	flojear; holgazanear
头部	cabeza
头顶	coronilla; parte superior de la cabeza
头号	número uno; de primera
头条	noticia principal; titular
头头是道	claro y lógico; bien argumentado
头衔	título; rango
头晕	mareado; mareo
投奔	ir a refugiarse con; buscar amparo
投稿	enviar un artículo (para publicar); colaborar
投机	especular; congeniar
投射	proyectar; lanzar
投身	entregarse a; lanzarse a
投降	rendirse
透彻	profundo; minucioso; a fondo
透过	a través de; mediante
透气	ventilar; transpirable; tomar aire
透支	sobregirar; sobregiro; gastar de más
凸显	destacar; resaltar
突发	ocurrir de repente; repentino
突击	asalto; ataque repentino; esfuerzo intensivo
突破口	brecha; punto de ruptura
突如其来	repentino; inesperado
图表	gráfica; diagrama; tabla
图像	imagen
图形	figura; gráfico
图纸	plano; diseño
徒步	a pie
屠杀	masacrar; matanza
土匪	bandido
土壤	suelo; tierra
土生土长	nacido y criado en el lugar; local
团伙	banda (criminal); pandilla
团聚	reunirse (la familia)
团员	miembro (de un grupo)
团圆	reunirse (la familia); reencuentro
推测	suponer; conjeturar; especular
推辞	declinar; rehusar
推断	inferir; deducir
推翻	derrocar; refutar
推荐	recomendar; recomendación
推理	razonamiento; deducir
推敲	pensar bien; pulir (un texto)
推算	calcular; estimar
推卸	eludir (responsabilidades); echar la culpa
推选	elegir; designar
推移	transcurrir (el tiempo); evolucionar
颓废	decadente; abatido; desanimado
退回	devolver; regresar
退却	retirarse; echarse para atrás
退让	ceder; hacer concesiones
退缩	retroceder; acobardarse
退休金	pensión de jubilación
退学	abandonar los estudios; darse de baja
退役	retirarse (del ejército o deporte); dar de baja
托付	encomendar; confiar
拖累	ser una carga; implicar
拖欠	adeudar; atrasarse en los pagos
拖延	retrasar; postergar; procrastinar
脱节	desconectarse; estar desfasado
脱口而出	soltar sin pensar
脱落	caerse; desprenderse
脱身	librarse; escaparse
脱颖而出	destacar; sobresalir
妥当	apropiado; adecuado; listo
妥善	apropiado; adecuado
妥协	transigir; llegar a un acuerdo; compromiso
拓宽	ampliar; ensanchar
拓展	expandir; ampliar
唾液	saliva
挖掘	excavar; desenterrar; explotar (potencial)
挖苦	hablar con sarcasmo; burlarse
歪曲	distorsionar; tergiversar
外表	apariencia; aspecto exterior
外公	abuelo materno
外行	lego; aficionado; inexperto
外号	apodo
外籍	de nacionalidad extranjera
外贸	comercio exterior
外貌	aspecto; apariencia física
外婆	abuela materna
外企	empresa extranjera
外星人	extraterrestre
外形	forma; contorno; apariencia
外援	ayuda externa; jugador extranjero
完备	completo; perfecto
完毕	terminar; concluir
完蛋	estar perdido; arruinarse
完好	intacto; en buen estado
玩耍	jugar; divertirse
玩意儿	cosa; chisme; juguete
顽固	terco; obstinado
挽回	recuperar; remediar
挽救	salvar; rescatar
晚间	noche; por la noche
晚年	vejez; últimos años de vida
晚期	etapa final; fase terminal
惋惜	lamentar; sentir lástima
万分	sumamente; extremadamente
万古长青	eterno; perdurar por siempre
万能	omnipotente; universal; multiuso
万万	de ningún modo; jamás; cien millones
万无一失	infalible; totalmente seguro
汪洋	inmensidad de agua; vasto
亡羊补牢	más vale tarde que nunca
王国	reino
王牌	as; carta ganadora; estrella
网点	sucursal; punto de venta
网民	internauta
往常	lo habitual; normalmente
往返	ir y volver; viaje redondo
往日	antaño; el pasado
往事	el pasado; recuerdos
妄想	pretender en vano; delirio; quimera
忘不了	no poder olvidar
忘掉	olvidar
旺季	temporada alta
旺盛	vigoroso; exuberante
望远镜	telescopio; binoculares
危及	poner en peligro; amenazar
危急	crítico; apremiante
威风	imponente; majestuoso; prestigio
威力	poder; fuerza formidable
威慑	disuadir; intimidar
威信	prestigio; credibilidad
微不足道	insignificante
微观	micro; microscópico
微妙	sutil; delicado
微弱	débil; tenue
微型	miniatura; micro
为人	comportarse; carácter; forma de ser
违背	ir en contra de; violar
违约	incumplir un contrato; romper una promesa
违章	infringir las normas
围墙	muro perimetral; cerca
唯独	únicamente; solo
伪造	falsificar
伪装	fingir; disfrazarse; disfraz
尾气	gases de escape; emisiones
尾声	epílogo; final
纬度	latitud
委屈	sentirse agraviado; agravio
委婉	diplomático; con tacto; eufemístico
委员	miembro de un comité
委员会	comité; comisión
萎缩	marchitarse; atrofiarse
卫视	televisión satelital
未成年人	menor de edad
未经	sin (pasar por); sin previo
未免	resultar un tanto; francamente
未知数	incógnita
位子	asiento; lugar
味精	glutamato monosódico
畏惧	temer
畏缩	acobardarse; retroceder
胃口	apetito; gusto
喂养	alimentar; criar
慰劳	agasajar; reconfortar
温度计	termómetro
温泉	aguas termales
温柔	tierno; dulce; afectuoso
温室	invernadero
温习	repasar (lecciones)
温馨	acogedor; cálido
瘟疫	peste; epidemia
文具	artículos de papelería; útiles escolares
文科	humanidades; letras
文盲	analfabeto
文凭	diploma; título
文人	letrado; intelectual
文物	reliquia cultural; patrimonio histórico
文献	documentación; bibliografía
文雅	elegante; refinado
闻名	famoso; célebre
蚊帐	mosquitero
蚊子	mosquito
吻合	coincidir; concordar
紊乱	desordenado; caótico; trastorno
稳固	firme; estable; consolidar
稳健	firme; sólido; prudente
稳妥	seguro; fiable
稳重	sensato; serio; formal
问卷	cuestionario; encuesta
问世	publicarse; salir a la luz
污秽	sucio; inmundicia
巫婆	bruja; hechicera
呜咽	sollozar; gimotear
屋顶	techo; tejado
无比	incomparable; sin igual
无不	todos sin excepción
无偿	gratuito; sin costo
无敌	invencible; sin rival
无恶不作	cometer toda clase de fechorías
无非	no más que; simplemente
无辜	inocente
无故	sin motivo
无关紧要	sin importancia; irrelevante
无话可说	no tener nada que decir
无济于事	inútil; no servir de nada
无家可归	sin hogar; sin techo
无精打采	desganado; decaído
无可奉告	sin comentarios
无可厚非	comprensible; no ser criticable
无可奈何	no tener más remedio; resignado
无理	irrazonable; injustificado
无力	sin fuerzas; impotente
无论如何	de todos modos; pase lo que pase
无能	incapaz; incompetente; incompetencia
无能为力	no poder hacer nada
无情	despiadado; sin corazón
无情无义	cruel e ingrato; sin sentimientos
无穷	infinito; inagotable
无私	desinteresado; altruista
无所事事	no tener nada que hacer; holgazanear
无所作为	no hacer nada; sin iniciativa
无条件	incondicional
无微不至	meticuloso; con todo detalle
无线	inalámbrico
无线电	radio
无形	invisible; intangible
无形中	sin darse cuenta; imperceptiblemente
无须	no hace falta; no es necesario
无意	sin querer; no tener intención de
无忧无虑	despreocupado; sin preocupaciones
无缘	no tener oportunidad; no estar destinado
无知	ignorante; ignorancia
无足轻重	insignificante
五花八门	de todo tipo; variopinto
五星级	de cinco estrellas
武力	fuerza militar; fuerza
武装	armar; fuerzas armadas; armado
侮辱	insultar; humillar
舞厅	salón de baile
务必	sin falta; necesariamente
务实	pragmático; práctico
物流	logística
物体	objeto; cuerpo
物证	prueba material
物资	suministros; bienes
误差	margen de error; error
误导	engañar; inducir a error
误区	concepto erróneo; error
吸纳	absorber; admitir
吸取	absorber; sacar (una lección)
昔日	antaño; en el pasado
息息相关	estrechamente relacionado
稀罕	raro; poco común; apreciar
稀奇	raro; extraño; curioso
稀少	escaso; poco frecuente
熙熙攘攘	bullicioso; lleno de gente
熄火	apagarse; apagar (el fuego); calarse (el motor)
膝盖	rodilla
嬉笑	reír y jugar; reírse
习俗	costumbre; tradición
席位	asiento; escaño
袭击	atacar; ataque por sorpresa
媳妇	nuera; esposa
洗涤剂	detergente
洗礼	bautismo; prueba de fuego
喜出望外	alegrarse más de lo esperado; no caber de alegría
喜好	gustar de; preferir; afición
喜酒	banquete de bodas
喜怒哀乐	alegrías y tristezas; emociones
喜庆	festivo; celebración
喜事	acontecimiento feliz; boda
喜糖	dulces de boda
喜洋洋	radiante de alegría
喜悦	alegre; alegría; gozo
细腻	suave; delicado; minucioso
细微	diminuto; sutil
细心	cuidadoso; atento; meticuloso
侠义	caballeroso; justiciero
峡谷	cañón; desfiladero
狭隘	estrecho; limitado; de miras estrechas
狭小	estrecho; reducido
狭窄	estrecho; angosto
下场	desenlace (malo); destino final; salir de escena
下跌	bajar; caer (precios)
下岗	ser despedido; quedar sin empleo
下功夫	esforzarse; dedicarle tiempo y esfuerzo
下海	hacerse a la mar; lanzarse a los negocios
下级	subordinado; nivel inferior
下决心	decidirse; tomar una decisión
下令	dar una orden; ordenar
下落	paradero; caer
下期	próximo período; próximo número
下棋	jugar ajedrez
下山	bajar la montaña; ponerse (el sol)
下手	poner manos a la obra; empezar
下属	subordinado
下台	bajar del escenario; dimitir; dejar el cargo
下调	bajar (precios, tasas); ajustar a la baja
下乡	ir al campo
下旬	última década del mes
下一代	la próxima generación
下意识	subconsciente; inconscientemente
下游	curso bajo (de un río); río abajo
下坠	caer; descender; colgar
吓唬	asustar; amenazar
吓人	aterrador; asustar
夏令营	campamento de verano
仙鹤	grulla de corona roja
仙女	hada
先例	precedente
先天	innato; congénito
纤维	fibra
掀起	levantar; desatar; provocar (una ola)
鲜活	vivo; fresco; vívido
鲜美	fresco y delicioso; sabroso
鲜血	sangre
衔接	enlazar; conectar; articular
嫌弃	despreciar; rechazar
嫌疑	sospecha
显而易见	evidente; obvio
显赫	ilustre; prominente
显示器	monitor; pantalla
显现	aparecer; manifestarse
显眼	llamativo; vistoso
现成	ya hecho; listo para usar
现任	actual; en funciones
现行	vigente; en vigor
限定	limitar; restringir
限度	límite
限于	limitarse a
线条	línea; trazo; contorno
宪法	constitución
陷阱	trampa
馅儿	relleno
羡慕	envidiar; admirar
献血	donar sangre
乡亲	paisano; gente del pueblo
乡下	campo; zona rural
相伴	acompañar; acompañarse
相比之下	en comparación
相差	diferir; diferencia
相传	según la tradición; transmitirse
相当于	equivaler a
相对	relativo; relativamente; opuesto
相对而言	relativamente; en términos relativos
相辅相成	complementarse
相继	sucesivamente; uno tras otro
相连	conectar; unido
相识	conocerse; conocido
相提并论	poner en el mismo plano; comparar
相通	comunicado; interconectado
相依为命	depender el uno del otro
相遇	encontrarse; toparse
相约	quedar (para verse); ponerse de acuerdo
香料	especia; condimento; perfume
香水	perfume; colonia
香味	aroma; fragancia
香烟	cigarro; cigarrillo
香油	aceite de ajonjolí
镶嵌	incrustar; engastar
详尽	detallado; exhaustivo
祥和	pacífico y propicio
享有	gozar de; disfrutar (derechos)
响亮	sonoro; resonante
响起	sonar; resonar
响应	responder a; secundar
想方设法	buscar la manera; hacer todo lo posible
向来	siempre; desde siempre
向往	anhelar; aspirar a
向着	hacia; ponerse del lado de
项链	collar
像样	decente; presentable
橡胶	caucho; hule
橡皮	goma (de borrar); caucho
消沉	desanimado; abatido
消遣	pasatiempo; entretenerse
萧条	desolado; recesión; estancado
销毁	destruir; eliminar
销量	volumen de ventas
潇洒	desenvuelto; elegante; despreocupado
小丑	payaso
小贩	vendedor ambulante
小看	menospreciar; subestimar
小康	acomodado; moderadamente próspero
小路	sendero; camino pequeño
小品	sketch; obra breve; ensayo corto
小气	tacaño; mezquino
小区	fraccionamiento; zona residencial
小曲	canción popular; tonada
小人	persona mezquina; canalla
小提琴	violín
小溪	arroyo
小心翼翼	con mucho cuidado; cauteloso
小卒	soldado raso; don nadie; peón
孝敬	honrar a los padres; obsequiar a los mayores
孝顺	piadoso con los padres; respetar a los padres
肖像	retrato
效仿	imitar; seguir el ejemplo
效力	eficacia; efecto; servir
效益	beneficio; rendimiento
效应	efecto
协定	acuerdo; convenio
协同	cooperar; coordinarse; en colaboración
协作	cooperar; colaboración
邪恶	malvado; perverso
挟持	secuestrar; tomar como rehén
携带	llevar consigo; portar
携手	tomados de la mano; colaborar
写照	retrato; reflejo
泄漏	filtrarse; fugarse (gas, líquido); divulgar
泄露	filtrar (información); revelar
泄密	filtrar secretos
泄气	desanimarse; desinflarse
心爱	querido; amado
心安理得	tener la conciencia tranquila
心病	preocupación secreta; punto sensible
心肠	corazón; intención; carácter
心得	lo aprendido; experiencia; reflexiones
心慌	ponerse nervioso; agitarse
心急如焚	consumirse de angustia; estar muy impaciente
心里话	lo que uno siente de verdad; confidencia
心灵手巧	hábil e ingenioso; mañoso
心目	mente; punto de vista
心声	voz interior; sentir; anhelo
心事	preocupación; algo que pesa en el ánimo
心思	pensamientos; intención; ánimo
心酸	sentir tristeza; conmoverse
心想事成	que se cumplan tus deseos
心胸	mente; amplitud de miras; corazón
心血	esfuerzo; dedicación; empeño
心眼儿	mente; intención; apertura mental
心意	intención; buenos deseos; detalle
芯片	chip; microchip
辛勤	laborioso; trabajador
辛酸	amargo; penoso; triste
欣慰	aliviado; satisfecho; reconfortado
欣喜	alegre; contento
欣欣向荣	próspero; floreciente
新潮	moderno; de moda
新陈代谢	metabolismo; renovación
新房	casa nueva; cuarto nupcial
新款	nuevo modelo; última moda
新奇	novedoso; original
新生	nuevo; naciente; recién nacido
新式	de nuevo estilo; moderno
新手	novato; principiante
新颖	novedoso; original
信贷	crédito
信件	carta; correspondencia
信赖	confiar en; contar con
信誉	reputación; prestigio; credibilidad
兴奋剂	estimulante; dopaje
兴建	construir; edificar
兴起	surgir; desarrollarse; estar en auge
星座	constelación; signo zodiacal
猩猩	orangután
刑法	derecho penal; código penal
行使	ejercer (un derecho)
行政	administración; administrativo
行走	caminar; andar
形形色色	de todo tipo; muy variado
形影不离	inseparables
醒来	despertarse
醒目	llamativo; que salta a la vista
醒悟	darse cuenta; abrir los ojos
兴高采烈	contentísimo; muy entusiasmado
兴致	ánimo; interés; ganas
幸存	sobrevivir
幸好	por suerte; afortunadamente
幸亏	por suerte; afortunadamente
幸免	salvarse; librarse
性价比	relación calidad-precio
性命	vida
性情	carácter; temperamento
姓氏	apellido
凶残	cruel; brutal; feroz
凶恶	feroz; malvado; amenazante
凶狠	cruel; despiadado
凶猛	feroz; violento
汹涌	embravecido; turbulento
胸膛	pecho
胸有成竹	tener un plan bien pensado; estar seguro de sí
雄厚	sólido; abundante; cuantioso
休克	estado de shock; entrar en shock
休眠	estar latente; inactivo; hibernar
休想	ni lo sueñes; ni pensarlo
休养	reposar; recuperarse; convalecer
修补	reparar; remendar
修长	esbelto; alto y delgado
修订	revisar; corregir
修路	reparar caminos
修正	corregir; enmendar; rectificar
羞愧	avergonzado
秀丽	hermoso; bonito
秀美	elegante; grácil
袖手旁观	quedarse de brazos cruzados
嗅觉	olfato
虚构	inventar; ficticio; ficción
虚幻	ilusorio; irreal
虚假	falso; fingido
虚拟	virtual; ficticio; hipotético
虚弱	débil; endeble
虚伪	hipócrita; falso
徐徐	lentamente; poco a poco
许可证	licencia; permiso
旭日	sol naciente
序幕	prólogo; preludio
叙述	narrar; relatar; narración
酗酒	beber en exceso; emborracharse
絮叨	parlanchín; hablar sin parar
宣称	afirmar; declarar
宣读	leer en público
宣告	declarar; proclamar
宣誓	prestar juramento; jurar
宣泄	desahogarse; drenar; filtrar (un secreto)
宣言	declaración; manifiesto
宣扬	difundir; propagar; pregonar
喧哗	alboroto; hacer ruido
喧闹	ruidoso; bullicioso
玄机	misterio; principio profundo
悬挂	colgar; suspender; suspensión (vehículo)
悬念	suspenso; intriga
悬殊	muy desigual; abismal
悬崖	precipicio; acantilado
旋律	melodía
旋涡	remolino; vórtice
选民	votante; electorado
选项	opción; alternativa
选用	seleccionar y usar; escoger
炫耀	presumir; alardear
削弱	debilitar; mermar
靴子	botas
穴位	punto de acupuntura
学历	formación académica; estudios
学士	licenciatura; licenciado
学说	teoría; doctrina
学堂	escuela
学业	estudios
学艺	aprender un oficio o arte
学子	estudiante; alumno
雪山	montaña nevada
雪上加霜	llover sobre mojado; empeorar las cosas
血脉	vasos sanguíneos; linaje
血栓	trombo; coágulo
血压	presión arterial
血缘	consanguinidad; linaje
勋章	medalla; condecoración
熏陶	influir; formar; influencia
寻常	común; ordinario; habitual
寻觅	buscar
巡逻	patrullar
循序渐进	paso a paso; avanzar gradualmente
逊色	inferior; desmerecer
丫头	niña; muchacha; criada
压倒	abrumar; aplastar; abrumador
压缩	comprimir; compresión
压抑	reprimir; opresivo; agobiante
压制	reprimir; sofocar
鸦雀无声	silencio absoluto; no se oye ni una mosca
牙齿	diente
牙膏	pasta de dientes
咽喉	garganta
烟囱	chimenea
烟火	fuegos artificiales; humo y fuego
延缓	aplazar; retrasar
延误	retrasar; demorar
严谨	riguroso; meticuloso
严禁	prohibir terminantemente
严峻	grave; severo
严密	estricto; hermético; riguroso
言辞	palabras; expresión
言论	opinión; declaraciones
言行	palabras y acciones
岩石	roca
炎热	caluroso; abrasador
炎症	inflamación
沿岸	litoral; ribera
沿途	a lo largo del camino
沿线	a lo largo de la línea
研讨	discutir; debatir
阎王	Yama (rey del infierno); tirano
衍生	derivar; derivado
掩盖	encubrir; ocultar
掩护	cubrir; proteger; cobertura
掩饰	disimular; encubrir
眼红	envidioso; codiciar
眼界	horizonte; perspectiva
眼色	guiño; mirada significativa
眼神	mirada; expresión de los ojos
眼下	ahora; actualmente
演变	evolucionar; desarrollarse
演播室	estudio de grabación; estudio de TV
演技	actuación; dotes de actor
演练	ensayar; practicar
演示	demostrar; demostración; presentación
演说	discurso; pronunciar un discurso
演习	simulacro; maniobras
演戏	actuar; fingir
演艺圈	mundo del espectáculo
演绎	desarrollar; interpretar; deducción
厌烦	harto; aburrido de
厌倦	cansarse de; estar harto
艳丽	vistoso; deslumbrante
验收	inspeccionar y aceptar; recepción
验证	verificar; validar
焰火	fuegos artificiales
燕子	golondrina
秧歌	yangge (danza popular)
阳性	positivo; masculino
杨树	álamo
洋溢	rebosar; desbordar
养活	mantener; alimentar; criar
养老金	pensión
养老院	asilo de ancianos
养生	cuidar la salud
养殖	criar; cultivar (animales)
样本	muestra; espécimen
样品	muestra
妖怪	monstruo; demonio
谣言	rumor
摇摆	balancearse; vacilar
摇滚	rock (música)
摇晃	sacudir; tambalearse
摇篮	cuna
摇摇欲坠	tambaleante; a punto de derrumbarse
遥控	control remoto; controlar a distancia
遥远	lejano; remoto
药材	ingrediente medicinal
药方	receta médica
要不	si no; de lo contrario; ¿qué tal si…?
要不是	si no fuera por
要点	punto clave; lo esencial
要害	punto vital; punto clave
要紧	importante; urgente
要领	lo esencial; puntos clave
要命	terriblemente; matar; fastidioso
要强	ambicioso; afán de superación
钥匙	llave
耀眼	deslumbrante
椰子	coco; cocotero
也就是说	es decir; o sea
野餐	pícnic; hacer un pícnic
野炊	cocinar al aire libre
野蛮	bárbaro; salvaje
野兽	fiera; animal salvaje
野外	campo; al aire libre
野心	ambición desmedida
野营	acampar; campamento
业绩	logros; desempeño; resultados
夜班	turno de noche
夜市	mercado nocturno
夜晚	noche
夜校	escuela nocturna
夜以继日	día y noche; sin descanso
夜总会	club nocturno
液晶	cristal líquido
液体	líquido
一把手	jefe; mandamás
一线	primera línea
一一	uno por uno
伊斯兰教	islam
衣食住行	necesidades básicas
医务	asuntos médicos
依托	apoyarse en; depender de; apoyo
依依不舍	no querer separarse
一不小心	por un descuido; sin querer
一刹那	un instante; en un abrir y cerrar de ojos
一大早	muy temprano; al amanecer
一动不动	inmóvil
一度	en cierta época; una vez
一概	todo sin excepción; categóricamente
一概而论	generalizar; meter todo en el mismo saco
一个劲儿	sin parar; con insistencia
一晃	en un instante; en un abrir y cerrar de ojos
一技之长	habilidad especial; especialidad
一面	un lado; un aspecto; a la vez
一目了然	evidente a primera vista
一事无成	no lograr nada
一瞬间	un instante
一味	ciegamente; obstinadamente
一系列	una serie de
一阵	una ráfaga; un rato
仪表	porte; apariencia; instrumento de medición
怡然自得	feliz y satisfecho
移交	transferir; entregar
移植	trasplantar
遗留	dejar; legar
遗弃	abandonar
遗体	restos mortales
遗忘	olvidar
遗物	objeto dejado por un difunto; reliquia
遗愿	última voluntad
遗址	ruinas; vestigios
遗嘱	testamento
疑点	punto dudoso
疑惑	dudar; desconcierto
疑虑	duda; recelo
以免	para evitar; para que no
以身作则	dar ejemplo
以至于	hasta; hasta el punto de
以致	hasta el punto de; de modo que
一长一短	hablar sin parar
一成不变	inmutable; inalterable
一筹莫展	no saber qué hacer; estar perdido
一帆风顺	viento en popa; ¡buen viaje!
一干二净	por completo; totalmente
一鼓作气	de un tirón; de un solo impulso
一锅粥	un desastre; un caos
一回事	lo mismo; una misma cosa
一家人	familia; de la misma familia
一经	en cuanto; una vez que
一举	de un golpe; de una vez
一举一动	cada movimiento
一卡通	tarjeta inteligente (transporte)
一揽子	integral; global; en paquete
一连	seguido; consecutivamente
一连串	una serie de; una sucesión de
一毛不拔	tacaño; codo
一年到头	todo el año
一旁	a un lado
一如既往	como siempre
一声不吭	no decir ni una palabra
一手	habilidad; por sí solo
一塌糊涂	un desastre total; hecho un caos
一体	un todo; conjunto integral
一天到晚	todo el día
一头	un extremo; de cabeza
一无所有	no tener nada; sin un centavo
一无所知	no saber nada
一心	de todo corazón
一心一意	con todo empeño; con plena dedicación
一言不发	no decir ni una palabra
一言一行	cada palabra y acción
一眼	un vistazo; una mirada
一应俱全	tener de todo
一早	temprano por la mañana
义工	voluntario; voluntariado
议程	orden del día; agenda
议会	parlamento; asamblea legislativa
议员	parlamentario; diputado
屹立	erguirse; mantenerse firme
异口同声	al unísono
异想天开	fantasear; ideas descabelladas
异性	sexo opuesto
异议	objeción; desacuerdo
抑扬顿挫	entonación cadenciosa; modulación de voz
抑郁	deprimido; abatido
抑郁症	depresión (enfermedad)
抑制	inhibir; contener; reprimir
易拉罐	lata (de abre fácil)
疫苗	vacuna
益处	beneficio; provecho
意料	prever; esperar
意料之外	inesperado
意图	intención; propósito
意向	intención; inclinación
毅力	perseverancia; fuerza de voluntad
毅然	resueltamente; sin vacilar
因人而异	depende de cada persona
阴暗	oscuro; sombrío
阴性	negativo; femenino
音响	equipo de sonido; acústica
殷勤	atento; solícito
银幕	pantalla de cine
引发	provocar; desencadenar
引经据典	citar a los clásicos
引领	guiar; liderar
引擎	motor
引人入胜	fascinante; cautivador
引人注目	llamativo; llamar la atención
引入	introducir
引用	citar; referencia
引诱	seducir; tentar; atraer
饮水	beber agua; agua potable
饮用水	agua potable
隐蔽	ocultar; encubierto
隐患	peligro oculto; riesgo latente
隐瞒	ocultar; encubrir
隐情	secreto; motivo oculto
隐身	esconderse; invisible
隐形	invisible
隐性	oculto; latente; recesivo
隐约	vago; tenue; difuso
印刷术	imprenta
印章	sello
印证	corroborar; confirmar; prueba
应有尽有	hay de todo
英镑	libra esterlina
英俊	guapo; apuesto
婴儿	bebé
迎合	complacer; congraciarse
荧光	fluorescencia
盈利	ganancia; obtener beneficios
营救	rescatar
营造	construir; crear (ambiente)
赢家	ganador
影像	imagen
应酬	socializar; compromiso social
应付	hacer frente a; arreglárselas
应聘	postularse a un empleo
应邀	por invitación
硬币	moneda
硬朗	robusto; fuerte
硬盘	disco duro
拥护	apoyar; respaldar
拥挤	abarrotado; aglomerarse
庸俗	vulgar; chabacano
永不	nunca; jamás
永恒	eterno; perpetuo
永久	permanente; para siempre
勇往直前	avanzar con valentía
勇于	atreverse a; tener el valor de
涌入	afluir en masa; afluencia
涌现	surgir en gran número; brotar
踊跃	entusiasta; con entusiasmo
用餐	comer
用功	aplicado; estudiar con empeño
用力	esforzarse; con fuerza
用人	sirviente; emplear personal
用意	intención; propósito
优化	optimizar
优雅	elegante; elegancia
优异	excelente; sobresaliente
优越	superior; ventajoso
忧愁	preocupado; afligido
忧虑	preocuparse; inquietud
忧郁	melancólico; abatido
悠久	antiguo; de larga historia
悠闲	ocioso; relajado; despreocupado
尤为	especialmente
由此看来	a juzgar por esto
由此可见	de esto se desprende que
由来	origen
由衷	sincero; de corazón
邮编	código postal
邮政	correo; servicio postal
犹如	como; semejante a
犹豫不决	indeciso; vacilar
油画	pintura al óleo
游船	barco de recreo; crucero
游览	recorrer; hacer turismo
友情	amistad
友人	amigo
友善	amistoso; amable
有待	pendiente de; quedar por
有的放矢	tener un objetivo claro
有机	orgánico
有口无心	decir cosas duras sin mala intención
有两下子	saber lo que hace; tener habilidad
有声有色	vívido; animado
有所	en cierta medida; algo
有所不同	ser algo diferente
有望	prometedor; con esperanzas de
有效期	periodo de validez; fecha de caducidad
有幸	tener la suerte de; afortunadamente
有序	ordenado; en orden
有益	útil; beneficioso
有意	intencionadamente; tener intención de
有朝一日	algún día
有助于	contribuir a; ayudar a
幼稚	infantil; ingenuo; inmaduro
诱饵	cebo; carnada
诱发	provocar; desencadenar
诱惑	tentar; seducir; tentación
诱人	atractivo; tentador
余地	margen; espacio
余额	saldo; remanente
渔船	barco pesquero
渔民	pescador
逾期	vencido; atrasado
愚蠢	tonto; estúpido
愚公移山	querer es poder
舆论	opinión pública
与此同时	al mismo tiempo; mientras tanto
与否	si o no
与其	en lugar de; más que
与日俱增	aumentar día a día
与时俱进	adaptarse a los tiempos
与众不同	fuera de lo común; distinto a los demás
予以	dar; otorgar; aplicar
宇宙	universo; cosmos
语气	tono; modo de hablar
浴室	baño; cuarto de baño
预定	reservar; programar
预感	presentir; presentimiento
预告	anunciar; aviso previo; avance
预见	prever; previsión
预料	prever; pronosticar; expectativa
预赛	eliminatoria; ronda preliminar
预示	presagiar; anunciar
预售	preventa; vender por adelantado
预算	presupuesto
预先	de antemano; por adelantado
预言	predecir; profecía
预兆	presagio; augurio
欲望	deseo; anhelo
遇难	morir (en un accidente); perecer
遇上	encontrarse con; toparse con
遇险	estar en peligro
寓言	fábula; alegoría
寓意	moraleja; significado implícito
愈合	cicatrizar; sanar
愈来愈	cada vez más
愈演愈烈	cada vez más intenso; agravarse
冤枉	acusar injustamente; injusticia
渊源	origen; fuente; vínculo
元老	veterano; miembro fundador
元首	jefe de Estado
元宵节	Fiesta de los Faroles
原本	originalmente; versión original
原材料	materias primas
原创	original; obra original
原地	en el mismo lugar; lugar de origen
原型	prototipo; arquetipo
原汁原味	auténtico; original
原装	original; de fábrica
圆形	círculo; circular
缘分	destino; afinidad predestinada
源泉	fuente; manantial
源头	origen; fuente
源于	tener su origen en; provenir de
源源不断	sin cesar; continuo
远程	remoto; a distancia
远见	visión de futuro; previsión
远近闻名	famoso por todas partes
怨恨	guardar rencor; rencor
怨气	resentimiento; queja
怨言	queja
院士	académico (de una academia)
约定俗成	consagrado por el uso; costumbre
月初	principio de mes
月票	pase mensual
乐器	instrumento musical
岳父	suegro
岳母	suegra
阅历	experiencia; vivencias
悦耳	melodioso; agradable al oído
越发	cada vez más; aún más
越过	cruzar; atravesar; superar
晕倒	desmayarse
陨石	meteorito
孕妇	mujer embarazada
孕育	gestar; engendrar
运河	canal
运送	transportar
运营	operar; funcionamiento; estar en servicio
运转	funcionar; girar
酝酿	fermentar; gestarse; madurar (una idea)
韵味	encanto; sabor
蕴藏	contener; albergar (reservas)
蕴涵	contener; implicar
杂技	acrobacia
杂交	hibridar; cruzar (especies)
杂乱无章	desordenado; caótico
栽培	cultivar; formar
再度	una vez más; de nuevo
再现	reproducir; recrear
在线	en línea; conectado
在意	importar; preocuparse por
在职	en activo; en servicio
载体	soporte; medio; vector
赞不绝口	deshacerse en elogios
赞美	elogiar; alabar
赞叹	admirar; exclamar con admiración
赞叹不已	maravillarse sin cesar
赞同	aprobar; estar de acuerdo con
赞许	elogiar; aprobar
赞扬	elogiar; alabar
葬礼	funeral; entierro
遭殃	sufrir una desgracia
早年	años atrás; juventud
早日	pronto; cuanto antes
造福	beneficiar
造假	falsificar
造价	costo de construcción
造就	formar; forjar; logros
造纸术	fabricación de papel
噪声	ruido
噪音	ruido; interferencia
责备	reprochar; culpar
责怪	culpar; reprender
增收	aumentar ingresos
增添	añadir; aumentar
扎根	echar raíces
渣子	residuos; restos; escoria
眨眼	parpadear; guiñar; en un abrir y cerrar de ojos
诈骗	estafar; defraudar
债务	deuda
占卜	adivinar
沾光	beneficiarse de alguien
瞻仰	contemplar con respeto; venerar
斩草除根	cortar de raíz; erradicar
展出	exhibir; exponer
展览会	exposición; feria
展望	mirar al futuro; perspectiva
崭新	nuevecito; flamante
占用	ocupar
站立	estar de pie; pararse
绽放	florecer; abrirse
张灯结彩	engalanado con faroles
张贴	pegar (un aviso); fijar
张扬	ostentar; divulgar
长辈	mayores; generación anterior
长相	apariencia; aspecto físico
掌管	estar a cargo de; administrar
帐篷	tienda de campaña
帐子	mosquitero
账单	cuenta; factura
账号	número de cuenta; usuario
招标	licitar; convocar licitación
招待	atender; agasajar; recibir (invitados)
招待会	recepción
招揽	atraer (clientes)
招募	reclutar
招牌	letrero; reputación
招收	contratar; reclutar; admitir
招数	truco; táctica; movimiento
朝气蓬勃	lleno de energía; vigoroso
朝三暮四	voluble; cambiar de opinión a cada rato
朝夕相处	convivir día y noche
着迷	estar fascinado; quedar cautivado
沼泽	pantano; ciénaga
召集	convocar; reunir
兆头	presagio; señal
照办	hacer lo indicado; acatar
照常	como de costumbre
照例	por regla general; como siempre
照料	cuidar; atender
照明	iluminación; iluminar
肇事	causar un accidente; provocar disturbios
折腾	dar vueltas; ajetrearse; atormentar
遮盖	cubrir; tapar; ocultar
折叠	doblar; plegable
折合	equivaler a; convertir en
折扣	descuento
折磨	atormentar; torturar
折射	refractar; refracción; reflejar
这会儿	ahora; en este momento
这样一来	así; de esta manera
针锋相对	ojo por ojo; enfrentarse directamente
针灸	acupuntura
侦察	investigar; reconocimiento
珍藏	colección valiosa; atesorar
珍视	valorar; apreciar
珍重	atesorar; ¡cuídate!
真假	verdadero o falso
真空	vacío
真情	sentimiento sincero; la verdad
真是的	¡qué cosa!; ¡caramba!
真心	sinceridad; de corazón
真挚	sincero
诊所	clínica; consultorio
枕头	almohada
阵容	alineación; formación
阵营	bando; campo
振奋	animar; entusiasmar
振兴	revitalizar; impulsar
振作	animarse; reponerse
震动	sacudir; vibrar; conmocionar
震撼	estremecer; impactar; impactante
镇定	sereno; tranquilo
争吵	pelear; discutir
争端	disputa; conflicto
争分夺秒	contra reloj; aprovechar cada segundo
争光	honrar; dar prestigio
争气	esforzarse por no decepcionar
争先恐后	apresurarse por ser el primero
争执	discutir; disputar
征集	recolectar; reclutar
征收	recaudar (impuestos); expropiar
挣扎	forcejear; luchar
症结	meollo del problema; punto crítico
拯救	salvar; rescatar
整合	integrar
整洁	limpio y ordenado
整数	número entero; cifra redonda
正面	frente; lado derecho; positivo
正能量	energía positiva
正视	afrontar; mirar de frente
正直	íntegro; honrado
正宗	auténtico; genuino
证人	testigo
郑重	solemne; serio
之所以	la razón por la que
支票	cheque
支柱	pilar; sostén
芝麻	ajonjolí; sésamo
芝士	queso
知己	amigo íntimo
知觉	percepción; conciencia
知识分子	intelectual
知足	conformarse; estar satisfecho
肢体	extremidades; cuerpo
脂肪	grasa
执法	aplicar la ley
执意	insistir en; empeñarse en
执照	licencia; permiso
执着	perseverante; aferrarse a
直奔	ir directo a
直达	directo; sin escalas
直观	intuitivo; visual
直径	diámetro
直觉	intuición
直视	mirar fijamente
直至	hasta
值钱	valioso
职权	autoridad; atribuciones
职业病	enfermedad laboral
职员	empleado; personal de oficina
止步	detenerse; no pasar
止咳	calmar la tos
止血	detener la hemorragia; hemostático
旨在	tener como objetivo; estar destinado a
指点	indicar; orientar; dar indicaciones
指教	aconsejar; dar comentarios
指令	orden; instrucción
指南	guía; manual
指南针	brújula
指手画脚	gesticular; dar órdenes a diestra y siniestra
指望	contar con; esperanza
指向	apuntar hacia; dirección
指引	guiar; orientar; indicaciones
至此	hasta aquí; hasta ahora
至关重要	de vital importancia; crucial
志气	ambición; determinación
制裁	sancionar; sanciones
制服	uniforme; someter; dominar
制品	productos; artículos
制止	detener; frenar; impedir
质地	textura; calidad
质朴	sencillo; natural
质问	interrogar; pedir cuentas
质疑	cuestionar; poner en duda
治学	investigación académica; dedicarse al estudio
治愈	curar; reconfortante
致辞	pronunciar un discurso; dar unas palabras
致富	enriquecerse
致敬	rendir homenaje; saludar
致力于	dedicarse a; empeñarse en
致命	mortal; fatal
致使	causar; ocasionar
秩序	orden
窒息	asfixiarse; sofocar
智商	coeficiente intelectual
滞后	rezagarse; quedarse atrás
滞留	quedarse varado; permanecer
中国画	pintura china
中立	neutral; neutralidad
中途	a mitad de camino
中型	mediano
中性	neutro
中旬	mediados de mes
中庸	término medio; Doctrina del Justo Medio
中止	suspender; interrumpir
忠诚	leal; lealtad
忠实	fiel; leal
忠于	ser fiel a
忠贞	leal y firme
终结	fin; terminar
终究	al fin y al cabo; finalmente
终生	toda la vida; de por vida
衷心	sincero; de todo corazón
肿瘤	tumor
种族	raza; etnia
仲裁	arbitraje; arbitrar
众人	todos; la gente
众所周知	como todos saben
众志成城	la unión hace la fuerza
重创	infligir graves daños
重量级	peso pesado; de gran importancia
重任	gran responsabilidad
重伤	herida grave; gravemente herido
重心	centro de gravedad; foco principal
重型	pesado; de gran calibre
重中之重	máxima prioridad
周边	alrededores; periferia; mercancía (merch)
周到	atento; considerado
周密	minucioso; meticuloso
周旋	lidiar con; tratar con; socializar
昼夜	día y noche
骤然	de repente; bruscamente
朱红	bermellón
诸多	muchos; numerosos
诸如此类	y cosas por el estilo; etcétera
竹竿	vara de bambú
逐年	año tras año
主编	editor en jefe
主妇	ama de casa
主力	fuerza principal
主权	soberanía
主人公	protagonista
主食	alimento básico
主题歌	tema principal (canción)
主演	protagonizar; actor principal
主页	página de inicio
主义	-ismo; doctrina; ideología
主宰	dominar; regir; amo
嘱咐	encargar; recomendar
瞩目	centrar la atención en
助威	animar; alentar (a un equipo)
住处	domicilio; residencia
住户	vecino; hogar; residente
住宿	alojamiento; hospedarse
住址	dirección; domicilio
贮藏	almacenar; guardar
注定	estar destinado a; inevitablemente
注入	inyectar; verter en
铸造	fundir; forjar
爪子	garra; pata
专长	especialidad
专程	expresamente; a propósito
专柜	mostrador especializado
专栏	columna (periodística)
专卖店	tienda especializada
专人	persona designada; encargado
专职	dedicación exclusiva; de tiempo completo
专制	autocracia; dictadura
专注	concentrado; enfocarse
专著	monografía
转播	retransmitir
转达	transmitir (un mensaje)
转机	cambio favorable; hacer escala
转交	hacer llegar; entregar a otro
转型	transformarse; transición
转学	cambiarse de escuela
转眼	en un abrir y cerrar de ojos
转载	reproducir; republicar
转折	giro; viraje
转折点	punto de inflexión
传记	biografía
转悠	dar vueltas; deambular
撰写	redactar; escribir
庄稼	cultivos; cosecha
庄严	solemne; majestuoso
庄园	hacienda; finca
装扮	disfrazarse; arreglarse; decorar
壮大	crecer; fortalecer
壮胆	armarse de valor; envalentonar
壮丽	majestuoso; magnífico
壮实	robusto; fornido
状元	primer lugar en los exámenes; el mejor en su campo
撞击	chocar; golpear; impacto
追悼会	ceremonia fúnebre; homenaje póstumo
追赶	perseguir; alcanzar
追溯	remontarse a; rastrear el origen
追随	seguir; acompañar
追尾	chocar por alcance
追问	interrogar a fondo; insistir en preguntar
追逐	perseguir; ir tras
追踪	rastrear; seguir la pista
准许	permitir; autorizar
准则	norma; criterio
拙劣	torpe; chapucero
捉迷藏	jugar a las escondidas
灼热	abrasador; ardiente
卓越	sobresaliente; excelente
酌情	según las circunstancias; a discreción
着力	esforzarse en; poner empeño
着落	paradero; fuente segura (de fondos)
着实	realmente; de verdad
着手	emprender; ponerse a
着想	pensar en (los demás); considerar
着眼	enfocarse en; tener en mente
着眼于	centrarse en; tener en cuenta
着重	hacer hincapié en; enfatizar
姿势	postura; posición
姿态	actitud; postura
资本主义	capitalismo
资历	trayectoria; experiencia; antigüedad
资深	experimentado; veterano
资讯	información
滋润	húmedo; hidratar; humedecer
滋味	sabor; sensación
子弟	hijos; jóvenes
子孙	descendientes; posteridad
自卑	acomplejado; baja autoestima
自称	autodenominarse; afirmar ser
自发	espontáneo
自费	por cuenta propia; autofinanciado
自负	engreído; asumir la responsabilidad
自理	valerse por sí mismo
自力更生	autosuficiencia; valerse por sí mismo
自立	independiente; valerse por sí mismo
自强不息	superarse sin descanso
自然而然	naturalmente; por sí solo
自然界	naturaleza; mundo natural
自如	con soltura; con facilidad
自始至终	de principio a fin
自私	egoísta; egoísmo
自私自利	egoísta; mirar solo por uno mismo
自卫	defenderse; defensa propia
自相矛盾	contradecirse; contradictorio
自信心	confianza en sí mismo
自行	por sí mismo; por cuenta propia
自以为是	creerse infalible; terco
自由自在	libre y despreocupado
自责	culparse
自助	autoservicio
自尊	amor propio; autoestima
自尊心	amor propio; autoestima
字迹	letra; caligrafía
字幕	subtítulos
字体	tipo de letra; fuente
字眼	palabras; términos
宗旨	propósito; objetivo
综上所述	en resumen
总的来说	en general; en resumen
总额	monto total
总而言之	en resumen; en pocas palabras
总计	total; sumar
纵观	analizar en conjunto; visión general
纵横交错	entrecruzado
纵然	aunque; aun si
纵容	consentir; tolerar
纵深	profundidad
粽子	zongzi (bola de arroz en hojas)
走过场	cumplir por cumplir; guardar las apariencias
走后门	usar palancas; tener influencias
走近	acercarse
走廊	pasillo; corredor
走投无路	sin salida; acorralado
走弯路	dar rodeos; perder el tiempo
奏效	surtir efecto; dar resultado
租赁	arrendar; alquilar
足迹	huella; pisada
足智多谋	ingenioso; lleno de recursos
阻挡	bloquear; detener; obstruir
阻拦	detener; impedir
阻力	resistencia
阻挠	obstaculizar; frustrar
组建	formar; establecer; organizar
组装	ensamblar; montar
祖传	heredado de los antepasados
祖籍	tierra de los antepasados
祖先	antepasados; ancestros
祖宗	antepasado
钻空子	aprovechar un resquicio
钻研	estudiar a fondo; profundizar
钻石	diamante
嘴唇	labio
罪犯	criminal; delincuente
罪魁祸首	principal culpable
尊贵	distinguido; honorable
尊严	dignidad
遵循	seguir; acatar
遵照	conforme a; acatar
琢磨	meditar; darle vueltas
左顾右盼	mirar a todos lados
佐料	condimentos; aderezo
作弊	hacer trampa
作对	oponerse a; llevar la contraria
作风	estilo; forma de actuar
作客	ser invitado; estar de visita
作物	cultivo
坐落	estar ubicado
座谈	conversatorio; charla informal
座右铭	lema
做生意	hacer negocios
做证	testificar; dar testimonio
